-- --------------------------------------------------------
-- Host:                         127.0.0.1
-- Server version:               5.7.23-log - MySQL Community Server (GPL)
-- Server OS:                    Win64
-- HeidiSQL Version:             11.0.0.5919
-- --------------------------------------------------------

/*!40101 SET @OLD_CHARACTER_SET_CLIENT=@@CHARACTER_SET_CLIENT */;
/*!40101 SET NAMES utf8 */;
/*!50503 SET NAMES utf8mb4 */;
/*!40014 SET @OLD_FOREIGN_KEY_CHECKS=@@FOREIGN_KEY_CHECKS, FOREIGN_KEY_CHECKS=0 */;
/*!40101 SET @OLD_SQL_MODE=@@SQL_MODE, SQL_MODE='NO_AUTO_VALUE_ON_ZERO' */;


-- Dumping database structure for los_db
CREATE DATABASE IF NOT EXISTS `los_db` /*!40100 DEFAULT CHARACTER SET latin1 */;
USE `los_db`;

-- Dumping structure for table los_db.account_head_code
CREATE TABLE IF NOT EXISTS `account_head_code` (
  `id` bigint(20) NOT NULL AUTO_INCREMENT,
  `created_by` varchar(255) DEFAULT NULL,
  `created_on` datetime(6) DEFAULT NULL,
  `free_field_1` varchar(255) DEFAULT NULL,
  `free_field_2` varchar(255) DEFAULT NULL,
  `free_field_3` varchar(255) DEFAULT NULL,
  `free_field_4` varchar(255) DEFAULT NULL,
  `free_field_5` varchar(255) DEFAULT NULL,
  `head_code_name` varchar(255) DEFAULT NULL,
  `is_deleted` bit(1) DEFAULT NULL,
  `last_modified` datetime(6) DEFAULT NULL,
  `last_modified_by` varchar(255) DEFAULT NULL,
  `type` varchar(255) DEFAULT NULL,
  `value` varchar(255) DEFAULT NULL,
  `ledger_accounts_id` bigint(20) DEFAULT NULL,
  PRIMARY KEY (`id`),
  KEY `FK2wirtu13vp3obk89hk8r9ir8q` (`ledger_accounts_id`),
  CONSTRAINT `FK2wirtu13vp3obk89hk8r9ir8q` FOREIGN KEY (`ledger_accounts_id`) REFERENCES `ledger_accounts` (`id`)
) ENGINE=InnoDB DEFAULT CHARSET=latin1;

-- Dumping data for table los_db.account_head_code: ~0 rows (approximately)
DELETE FROM `account_head_code`;
/*!40000 ALTER TABLE `account_head_code` DISABLE KEYS */;
/*!40000 ALTER TABLE `account_head_code` ENABLE KEYS */;

-- Dumping structure for table los_db.address
CREATE TABLE IF NOT EXISTS `address` (
  `id` bigint(20) NOT NULL AUTO_INCREMENT,
  `addr_status` varchar(255) DEFAULT NULL,
  `address_line_1` varchar(255) DEFAULT NULL,
  `address_line_2` varchar(255) DEFAULT NULL,
  `address_line_3` varchar(255) DEFAULT NULL,
  `land_mark` varchar(255) DEFAULT NULL,
  `pincode` varchar(255) DEFAULT NULL,
  `longitude` double DEFAULT NULL,
  `latitude` double DEFAULT NULL,
  `map_nev_url` varchar(255) DEFAULT NULL,
  `is_preffered_add` bit(1) DEFAULT NULL,
  `last_modified` datetime(6) DEFAULT NULL,
  `last_modified_by` varchar(255) DEFAULT NULL,
  `created_by` varchar(255) DEFAULT NULL,
  `created_on` datetime(6) DEFAULT NULL,
  `is_deleted` bit(1) DEFAULT NULL,
  `free_field_1` varchar(255) DEFAULT NULL,
  `free_field_2` varchar(255) DEFAULT NULL,
  `free_field_3` varchar(255) DEFAULT NULL,
  `free_field_4` varchar(255) DEFAULT NULL,
  `free_field_5` varchar(255) DEFAULT NULL,
  `state_id` bigint(20) DEFAULT NULL,
  `district_id` bigint(20) DEFAULT NULL,
  `taluka_id` bigint(20) DEFAULT NULL,
  `city_id` bigint(20) DEFAULT NULL,
  `member_id` bigint(20) DEFAULT NULL,
  `security_user_id` bigint(20) DEFAULT NULL,
  `city` varchar(255) DEFAULT NULL,
  PRIMARY KEY (`id`),
  KEY `FKpo044ng5x4gynb291cv24vtea` (`city_id`),
  KEY `FKqbjwfi50pdenou8j14knnffrh` (`district_id`),
  KEY `FKcnw0s8hudme00qu71e3mqd5ih` (`member_id`),
  KEY `FKoq1oaa7p95a8flnr2r9hxqul2` (`security_user_id`),
  KEY `FK4cx5jughttw4h3qfxrcitbtxl` (`state_id`),
  KEY `FKpdur73q6b7s31x8wvys2v2gju` (`taluka_id`),
  CONSTRAINT `FK4cx5jughttw4h3qfxrcitbtxl` FOREIGN KEY (`state_id`) REFERENCES `state` (`id`),
  CONSTRAINT `FKcnw0s8hudme00qu71e3mqd5ih` FOREIGN KEY (`member_id`) REFERENCES `member` (`id`),
  CONSTRAINT `FKoq1oaa7p95a8flnr2r9hxqul2` FOREIGN KEY (`security_user_id`) REFERENCES `security_user` (`id`),
  CONSTRAINT `FKpdur73q6b7s31x8wvys2v2gju` FOREIGN KEY (`taluka_id`) REFERENCES `taluka` (`id`),
  CONSTRAINT `FKpo044ng5x4gynb291cv24vtea` FOREIGN KEY (`city_id`) REFERENCES `city` (`id`),
  CONSTRAINT `FKqbjwfi50pdenou8j14knnffrh` FOREIGN KEY (`district_id`) REFERENCES `district` (`id`)
) ENGINE=InnoDB AUTO_INCREMENT=105 DEFAULT CHARSET=latin1;

-- Dumping data for table los_db.address: ~65 rows (approximately)
DELETE FROM `address`;
/*!40000 ALTER TABLE `address` DISABLE KEYS */;
INSERT INTO `address` (`id`, `addr_status`, `address_line_1`, `address_line_2`, `address_line_3`, `land_mark`, `pincode`, `longitude`, `latitude`, `map_nev_url`, `is_preffered_add`, `last_modified`, `last_modified_by`, `created_by`, `created_on`, `is_deleted`, `free_field_1`, `free_field_2`, `free_field_3`, `free_field_4`, `free_field_5`, `state_id`, `district_id`, `taluka_id`, `city_id`, `member_id`, `security_user_id`, `city`) VALUES
	(1, 'PERMANENT_ADDRESS', 'No.967/10, Near Ratna Memorial Hospital', 'Senapati Bapat Road', NULL, 'Ratna Memorial Hospital', '411016', NULL, NULL, NULL, NULL, NULL, NULL, NULL, NULL, NULL, NULL, NULL, NULL, NULL, NULL, 1, 26, 257, NULL, NULL, NULL, 'Pune'),
	(15, NULL, 'dfsdfsd', 'fdsfdsfs', 'dsffsdf', 'fsdfsdf', '654321', NULL, NULL, NULL, b'1', '2022-10-12 07:39:27.854000', 'SuperAdmin', 'SuperAdmin', '2022-10-12 07:39:27.854000', NULL, 'dfsdfsd', 'fdsfdsfs', '3', '4', '654321', 1, 3, 3, 3, NULL, NULL, NULL),
	(17, NULL, 'dfsdfsd', 'fdsfdsfs', 'dsffsdf', 'fsdfsdf', '654321', NULL, NULL, NULL, b'1', '2022-10-12 07:39:27.854000', 'SuperAdmin', 'SuperAdmin', '2022-10-12 07:39:27.854000', NULL, 'dfsdfsd', 'fdsfdsfs', '3', '4', '654321', 1, 3, 3, 3, 1, NULL, NULL),
	(20, 'CURRENT_ADDRESS', 'baner street', 'pune', 'string', 'mahabalswar', '457899', NULL, NULL, NULL, b'1', '2022-10-13 06:37:03.872000', 'admin', 'string', '2022-10-13 06:37:03.872000', b'0', NULL, NULL, NULL, NULL, NULL, 1, 5, 10, 20, NULL, NULL, NULL),
	(27, 'CURRENT_ADDRESS', 'Pallaod farms2', 'DC7', NULL, 'Strret no 4 near Asian Paints', '312457', NULL, NULL, NULL, NULL, NULL, NULL, NULL, NULL, NULL, NULL, NULL, NULL, NULL, NULL, 1, 5, 6, NULL, NULL, NULL, NULL),
	(29, 'CURRENT_ADDRESS', 'Pallaod farms2', 'DC7', NULL, 'Strret no 4 near Asian Paints', '312457', NULL, NULL, NULL, NULL, NULL, NULL, NULL, NULL, NULL, NULL, NULL, NULL, NULL, NULL, 1, 5, 6, NULL, NULL, NULL, NULL),
	(30, 'CURRENT_ADDRESS', 'Pallaod farms2', 'DC7', NULL, 'Strret no 4 near Asian Paints', '312457', NULL, NULL, NULL, NULL, NULL, NULL, NULL, NULL, NULL, NULL, NULL, NULL, NULL, NULL, 1, 5, 6, NULL, NULL, NULL, NULL),
	(32, 'PERMANENT_ADDRESS', 'sai sankul', ' rahatni', NULL, 'dhangar baba mandir', '414520', NULL, NULL, NULL, NULL, NULL, NULL, NULL, NULL, NULL, 'Kalewadi Village', NULL, NULL, NULL, NULL, 1, 26, 258, NULL, NULL, NULL, NULL),
	(34, 'PERMANENT_ADDRESS', 'Lokmanya Multipurpose Co-Op Society Ltd.& Regional Office, LMCS Maritime Private. Ltd., 2-B, Appasaheb Marathe Marg, Century Bazaar, ', '', NULL, '', '234565', NULL, NULL, NULL, NULL, NULL, NULL, NULL, NULL, NULL, '', NULL, NULL, NULL, NULL, 1, 17, 373, NULL, NULL, NULL, NULL),
	(35, NULL, 'THE ADDRESS,H WING 1202,APPOSITE TO CONVENTIONAL', NULL, NULL, NULL, '412105', NULL, NULL, NULL, b'1', '2022-11-08 11:25:55.721000', 'DineshGaikwad', 'DineshGaikwad', '2022-11-08 11:25:55.721000', NULL, 'THE ADDRESS,H WING 1202,APPOSITE TO CONVENTIONAL', NULL, 'Ahmadnagar (CB)', '1', '412105', 1, 1, 1, NULL, NULL, NULL, 'Ahmadnagar (CB)'),
	(36, 'PERMANENT_ADDRESS', 'THE ADDRESS,H WING 1202,APPOSITE TO CONVENTIONAL', '', NULL, '', '412105', NULL, NULL, NULL, NULL, NULL, NULL, NULL, NULL, NULL, NULL, NULL, NULL, NULL, NULL, 1, 26, 257, NULL, NULL, NULL, 'MOSHI'),
	(37, 'PERMANENT_ADDRESS', 'Senapati Bapat Rd, near Ratna Memorial Hospital, Vaiavadi, Shivaji Co operative Housing Society, Bhageerath, ', '', NULL, '', '411001', NULL, NULL, NULL, NULL, NULL, NULL, NULL, NULL, NULL, 'Shivajinagar', NULL, NULL, NULL, NULL, 1, 26, 257, NULL, NULL, NULL, NULL),
	(39, 'PERMANENT_ADDRESS', 'THE ADDRESS,H WING 1202,APPOSITE TO CONVENTIONAL', NULL, NULL, '', '412105', NULL, NULL, NULL, NULL, NULL, NULL, NULL, NULL, NULL, NULL, NULL, NULL, NULL, NULL, 1, 26, 257, NULL, NULL, NULL, 'MOSHI'),
	(40, NULL, 'N13', 'Hudco', 'Jalgaon road', 'Near Taj Hotel', '431001', NULL, NULL, NULL, b'1', '2022-11-16 05:49:37.043000', 'DineshGaikwad', 'DineshGaikwad', '2022-11-16 05:49:37.043000', NULL, 'N13', 'Hudco', 'Aurangabad', 'Maharashtra', '431001', 1, 4, 48, NULL, 20, NULL, 'Aurangabad'),
	(41, NULL, 'N11', 'Hudco', 'Navjivan colony', 'Near dmart', '431001', NULL, NULL, NULL, b'1', '2022-11-16 06:06:42.361000', 'DineshGaikwad', 'DineshGaikwad', '2022-11-16 06:06:42.361000', NULL, 'N11', 'Hudco', 'Aurangabad', 'Maharashtra', '431001', 1, 1, 1, NULL, 21, NULL, 'Aurangabad'),
	(42, NULL, 'Warje', 'pune', 'pune', 'Near chandni chowk', '411058', NULL, NULL, NULL, b'1', '2022-11-16 06:34:20.266000', 'DineshGaikwad', 'DineshGaikwad', '2022-11-16 06:34:20.266000', NULL, 'Warje', 'pune', 'Warje', 'Maharashtra', '411058', 1, 22, 5, NULL, 22, NULL, 'Warje'),
	(43, NULL, 'Behind Dada patil school', 'karjat', 'karjat', 'Near bus stand', '414402', NULL, NULL, NULL, b'1', '2022-11-17 09:29:45.771000', 'DineshGaikwad', 'DineshGaikwad', '2022-11-17 09:29:45.771000', NULL, 'Behind Dada patil school', 'karjat', 'Karjat', 'Maharashtra', '414402', 1, 5, 5, NULL, 13, NULL, 'Karjat'),
	(44, 'CURRENT_ADDRESS', 'THE ADDRESS,H WING 1202,APPOSITE TO CONVENTIONAL', 'Pallod farm', 'Aundh', 'mauli petrol pump', '412105', NULL, NULL, NULL, b'1', '2023-01-23 04:58:08.485000', 'DineshGaikwad', 'DineshGaikwad', '2023-01-23 04:58:08.485000', b'0', NULL, NULL, NULL, NULL, NULL, 1, 3, 3, NULL, 13, NULL, 'MOSHI'),
	(46, 'CURRENT_ADDRESS', 'at post Tisangi Tal-Pandharpur Dist-Solapur', 'Pandharpur', NULL, 'Sonke', '413304', NULL, NULL, NULL, b'1', '2022-12-19 09:58:58.122000', 'DeepakShinde', 'DeepakShinde', '2022-12-19 09:58:58.122000', b'0', NULL, NULL, NULL, NULL, NULL, 1, 32, 330, NULL, 21, NULL, 'Pandharpur'),
	(47, 'PERMANENT_ADDRESS', 'at post Tisangi Tal-Pandharpur Dist-Solapur', 'Pandharpur', NULL, 'Sonke', '413304', NULL, NULL, NULL, b'0', '2022-12-19 09:58:58.124000', 'DeepakShinde', 'DeepakShinde', '2022-12-19 09:58:58.124000', b'0', NULL, NULL, NULL, NULL, NULL, 1, 32, 330, NULL, 21, NULL, 'Pandharpur'),
	(48, 'CURRENT_ADDRESS', 'at post Tisangi Tal-Pandharpur Dist-Solapur', 'Sawarkar Nagar', 'Pandharpur', 'Behind Shah Lawns', '413304', NULL, NULL, NULL, b'0', '2022-11-23 06:22:42.663000', 'DeepakShinde', 'DeepakShinde', '2022-11-23 06:22:42.663000', NULL, NULL, NULL, NULL, NULL, NULL, 1, 2, 330, NULL, 23, NULL, 'Pandharpur'),
	(49, 'PERMANENT_ADDRESS', 'wefwefwfwf', 'wfwefwefwwf', 'wfwefwfwf', 'wfwfwfwfwf', '415002', NULL, NULL, NULL, NULL, '2022-11-23 06:22:42.667000', 'DeepakShinde', 'DeepakShinde', '2022-11-23 06:22:42.667000', NULL, NULL, NULL, NULL, NULL, NULL, 1, 1, 5, NULL, 23, NULL, 'Satara'),
	(50, 'PERMANENT_ADDRESS', '235, akanksha residency baner', 'akansha residency wing 2', 'akansha residency wing 3', 'baner', '412002', NULL, NULL, NULL, b'0', '2022-11-23 04:38:35.854000', 'DineshGaikwad', 'DineshGaikwad', '2022-11-23 04:38:35.854000', b'0', NULL, NULL, NULL, NULL, NULL, 1, 26, 257, NULL, 24, NULL, 'pune'),
	(51, 'CURRENT_ADDRESS', '235, akanksha residency baner', 'akansha residency wing 2', 'akansha residency wing 3', 'baner', '412002', NULL, NULL, NULL, b'1', '2022-11-23 04:38:35.851000', 'DineshGaikwad', 'DineshGaikwad', '2022-11-23 04:38:35.851000', b'0', NULL, NULL, NULL, NULL, NULL, 1, 26, 257, NULL, 24, NULL, 'pune'),
	(52, 'PERMANENT_ADDRESS', '235, akanksha residency baner', 'akansha residency wing 2', 'akansha residency', 'baner', '412033', NULL, NULL, NULL, b'0', '2022-12-21 06:53:52.858000', 'DeepakShinde', 'DeepakShinde', '2022-11-23 05:13:04.749000', b'0', NULL, NULL, NULL, NULL, NULL, 1, 26, 257, NULL, 24, NULL, 'pune'),
	(53, 'CURRENT_ADDRESS', '235, akanksha residency baner', 'akansha residency wing 2', 'akansha residency wing 3', 'baner', '412002', NULL, NULL, NULL, b'1', '2022-12-21 06:53:52.855000', 'DeepakShinde', 'DeepakShinde', '2022-11-23 05:13:04.747000', b'0', NULL, NULL, NULL, NULL, NULL, 1, 26, 257, NULL, 24, NULL, 'pune'),
	(54, 'CURRENT_ADDRESS', '777,Somwar peth Satara', '666,Somwar peth Satara', '555,Somwar peth satara', 'Povainaka', '415002', NULL, NULL, NULL, b'1', '2022-11-30 04:39:46.393000', 'DineshGaikwad', 'DineshGaikwad', '2022-11-30 04:39:46.393000', b'0', NULL, NULL, NULL, NULL, NULL, 1, 30, 308, NULL, 26, NULL, 'satara'),
	(55, 'PERMANENT_ADDRESS', '777,Somwar peth Satara', '666,Somwar peth Satara', '555,Somwar peth satara', 'Povainaka', '415002', NULL, NULL, NULL, b'0', '2022-11-30 04:39:46.407000', 'DineshGaikwad', 'DineshGaikwad', '2022-11-30 04:39:46.407000', b'0', NULL, NULL, NULL, NULL, NULL, 1, 30, 308, NULL, 26, NULL, 'satara'),
	(56, 'CURRENT_ADDRESS', 'ygfuigf', 'ufguoqf', 'iygwuifguw', 'wyegfwuigf', '320202', NULL, NULL, NULL, b'1', '2022-11-30 06:43:23.980000', 'DineshGaikwad', 'DineshGaikwad', NULL, b'0', NULL, NULL, NULL, NULL, NULL, 1, 33, 335, NULL, 25, NULL, 'thane'),
	(57, 'PERMANENT_ADDRESS', 'ygfuigf', 'ufguoqf', 'iygwuifguw', 'wyegfwuigf', '320202', NULL, NULL, NULL, b'0', '2022-11-30 06:43:23.982000', 'DineshGaikwad', 'DineshGaikwad', NULL, b'0', NULL, NULL, NULL, NULL, NULL, 1, 33, 335, NULL, 25, NULL, 'thane'),
	(58, 'PERMANENT_ADDRESS', 'ygfuigf', 'ufguoqf', 'iygwuifguw', 'wyegfwuigf', '320202', NULL, NULL, NULL, b'0', '2022-11-30 06:43:37.795000', 'DineshGaikwad', 'DineshGaikwad', NULL, b'0', NULL, NULL, NULL, NULL, NULL, 1, 33, 335, NULL, 25, NULL, 'thane'),
	(59, 'CURRENT_ADDRESS', 'ygfuigf', 'ufguoqf', 'iygwuifguw', 'wyegfwuigf', '320202', NULL, NULL, NULL, b'1', '2022-11-30 06:43:37.794000', 'DineshGaikwad', 'DineshGaikwad', NULL, b'0', NULL, NULL, NULL, NULL, NULL, 1, 33, 335, NULL, 25, NULL, 'thane'),
	(60, 'PERMANENT_ADDRESS', 'pune', 'jm', 'etestst', 'ddddddd', '345678', NULL, NULL, NULL, b'0', '2022-12-01 07:56:04.775000', 'DeepakShinde', 'DeepakShinde', NULL, b'0', NULL, NULL, NULL, NULL, NULL, 1, 2, 17, NULL, 27, NULL, 'dddddd'),
	(61, 'CURRENT_ADDRESS', 'pune', 'jm', 'etestst', 'ddddddd', '345678', NULL, NULL, NULL, b'1', '2022-12-01 07:56:04.772000', 'DeepakShinde', 'DeepakShinde', NULL, b'0', NULL, NULL, NULL, NULL, NULL, 1, 2, 17, NULL, 27, NULL, 'dddddd'),
	(62, 'EMPLOYMENT_ADDRESS', 'wefwefwef', 'wefwefwf', 'wefwf', 'wefwefwf', '544444', NULL, NULL, NULL, NULL, '2022-12-01 08:03:04.726000', 'DeepakShinde', 'DeepakShinde', NULL, NULL, NULL, NULL, NULL, NULL, NULL, 1, 1, 17, NULL, 27, NULL, 'ewew'),
	(63, 'PERMANENT_ADDRESS', 'THE ADDRESS,H WING 1202,APPOSITE TO CONVENTIONAL', 'Pallod farm', 'Aundh', 'mauli petrol pump', '412105', NULL, NULL, NULL, b'0', '2023-01-23 04:58:08.485000', 'DineshGaikwad', 'DineshGaikwad', '2023-01-23 04:58:08.485000', b'0', NULL, NULL, NULL, NULL, NULL, 1, 3, 3, NULL, 13, NULL, 'MOSHI'),
	(64, 'PERMANENT_ADDRESS', '777,mangalwar peth junnar', '666,mangalwar  peth junnar', '555,mangalwar peth junnar', 'old bridge', '420000', NULL, NULL, NULL, b'0', '2022-12-30 07:44:28.211000', 'DineshGaikwad', 'DineshGaikwad', '2022-12-20 06:52:07.385000', b'0', NULL, NULL, NULL, NULL, NULL, 1, 2, 17, NULL, 28, NULL, 'akola'),
	(65, 'CURRENT_ADDRESS', '777,mangalwar peth junnar', '666,mangalwar  peth junnar', '555,mangalwar peth junnar', 'old bridge', '420000', NULL, NULL, NULL, b'1', '2022-12-30 07:44:28.210000', 'DineshGaikwad', 'DineshGaikwad', '2022-12-20 06:52:07.378000', b'0', NULL, NULL, NULL, NULL, NULL, 1, 2, 17, NULL, 28, NULL, 'akola'),
	(66, 'EMPLOYMENT_ADDRESS', '444, mangalwar peth junnar', '333,mangalwar peth junnar', '222,mangalwar peth junnar', 'Bapat road', '420000', NULL, NULL, NULL, b'0', '2022-12-30 09:54:04.424000', 'DineshGaikwad', 'DineshGaikwad', '2022-12-20 06:52:24.411000', b'0', NULL, NULL, NULL, NULL, NULL, 1, 2, 17, NULL, 28, NULL, 'akola'),
	(67, NULL, 'flat No. D-10 , Akansha Appartment ', NULL, NULL, 'near well', '500781', NULL, NULL, NULL, NULL, '2022-12-19 09:59:57.294000', 'DeepakShinde', 'DeepakShinde', '2022-12-19 09:59:57.294000', NULL, NULL, NULL, NULL, NULL, NULL, 1, 3, 26, NULL, 21, NULL, 'chakan'),
	(68, 'EMPLOYMENT_ADDRESS', 'D-304, Akanksha apartment', 'baner', NULL, 'near well', '500771', NULL, NULL, NULL, b'0', '2022-12-21 06:54:01.195000', 'DeepakShinde', 'DeepakShinde', '2022-12-21 04:49:04.154000', b'0', NULL, NULL, NULL, NULL, NULL, 1, 4, 39, NULL, 24, NULL, 'Kannad'),
	(69, 'EMPLOYMENT_ADDRESS', 'D-304, Akanksha apartment', NULL, NULL, 'near well', '500771', NULL, NULL, NULL, b'0', '2022-12-21 04:49:17.831000', 'DineshGaikwad', 'DineshGaikwad', '2022-12-21 04:49:04.154000', b'0', NULL, NULL, NULL, NULL, NULL, 1, 4, 39, NULL, 24, NULL, 'Kannad'),
	(70, 'PERMANENT_ADDRESS', 'Flat  No. G-4 Baramati complax', 'Baramati', NULL, 'Near well', '600467', NULL, NULL, NULL, b'0', '2022-12-22 15:10:28.219000', 'DeepakShinde', 'DeepakShinde', '2022-12-22 14:52:24.667000', b'0', NULL, NULL, NULL, NULL, NULL, 1, 3, 34, NULL, 29, NULL, 'Baramati'),
	(71, 'CURRENT_ADDRESS', 'flat No. F-10 , Dev Appartment ', 'Dhanori', NULL, 'CT Hospital', '500671', NULL, NULL, NULL, b'0', '2022-12-22 15:10:28.216000', 'DeepakShinde', 'DeepakShinde', '2022-12-22 14:52:24.664000', b'0', NULL, NULL, NULL, NULL, NULL, 1, 3, 34, NULL, 29, NULL, 'Pune'),
	(72, 'EMPLOYMENT_ADDRESS', 'flat No. C-10 , Akansha Appartment ', 'baner', NULL, 'Near Mahabaleshwar hotel', '500781', NULL, NULL, NULL, b'0', '2022-12-22 15:10:34.275000', 'DeepakShinde', 'DeepakShinde', '2022-12-22 15:02:41.427000', b'0', NULL, NULL, NULL, NULL, NULL, 1, 2, 19, NULL, 29, NULL, 'Baner'),
	(73, 'CURRENT_ADDRESS', 'D BLOCK  Girija colony ', 'near star hotel', 'dhanori', 'star hotel', '500771', NULL, NULL, NULL, b'0', '2023-01-06 12:36:38.377000', 'DeepakShinde', 'DeepakShinde', '2022-12-29 09:54:25.020000', b'0', NULL, NULL, NULL, NULL, NULL, 1, 26, 257, NULL, 30, NULL, 'Pune'),
	(74, 'PERMANENT_ADDRESS', 'House no. 453  sangam road, akola village', NULL, NULL, 'near well', '509992', NULL, NULL, NULL, b'0', '2023-01-06 12:36:38.378000', 'DeepakShinde', 'DeepakShinde', '2022-12-29 09:54:25.023000', b'0', NULL, NULL, NULL, NULL, NULL, 1, 2, 17, NULL, 30, NULL, 'Akola'),
	(75, 'EMPLOYMENT_ADDRESS', 'D-304, Akanksha apartment', 'Baner', NULL, 'Ganesh madir', '500771', NULL, NULL, NULL, b'0', '2023-01-06 12:36:41.549000', 'DeepakShinde', 'DeepakShinde', '2022-12-29 10:48:35.424000', b'0', NULL, NULL, NULL, NULL, NULL, 1, 26, 257, NULL, 30, NULL, 'Pune'),
	(76, 'PERMANENT_ADDRESS', 'D-304, Akanksha apartment', NULL, NULL, 'Ganesh madir', '500781', NULL, NULL, NULL, b'0', '2022-12-30 08:18:50.302000', 'DineshGaikwad', 'DineshGaikwad', '2022-12-30 08:18:50.302000', b'0', NULL, NULL, NULL, NULL, NULL, 1, 3, 24, NULL, 20, NULL, 'Baner'),
	(77, 'CURRENT_ADDRESS', 'D-304, Akanksha apartment', NULL, NULL, 'Ganesh madir', '500781', NULL, NULL, NULL, b'1', '2022-12-30 08:18:50.298000', 'DineshGaikwad', 'DineshGaikwad', '2022-12-30 08:18:50.298000', b'0', NULL, NULL, NULL, NULL, NULL, 1, 3, 24, NULL, 20, NULL, 'Baner'),
	(78, NULL, 'flat No. C-10 , Akansha Appartment ', NULL, NULL, 'CT hostpital', '500781', NULL, NULL, NULL, NULL, '2022-12-30 08:19:31.706000', 'DineshGaikwad', 'DineshGaikwad', '2022-12-30 08:19:31.706000', NULL, NULL, NULL, NULL, NULL, NULL, 1, 2, 18, NULL, 20, NULL, 'Akot'),
	(79, 'PERMANENT_ADDRESS', 'flat No. D-10 , Akansha Appartment ', NULL, NULL, 'Ganesh madir', '500771', NULL, NULL, NULL, b'0', '2022-12-30 10:00:12.619000', 'DeepakShinde', 'DeepakShinde', '2022-12-30 09:54:54.651000', b'0', NULL, NULL, NULL, NULL, NULL, 1, 3, 25, NULL, 14, NULL, 'Amravati'),
	(80, 'CURRENT_ADDRESS', 'flat No. D-10 , Akansha Appartment ', NULL, NULL, 'Ganesh madir', '500771', NULL, NULL, NULL, b'1', '2022-12-30 10:00:12.614000', 'DeepakShinde', 'DeepakShinde', '2022-12-30 09:54:54.646000', b'0', NULL, NULL, NULL, NULL, NULL, 1, 3, 25, NULL, 14, NULL, 'Amravati'),
	(81, 'EMPLOYMENT_ADDRESS', 'flat No. C-10 , Akansha Appartment ', NULL, NULL, 'near well', '500781', NULL, NULL, NULL, b'0', '2022-12-30 10:00:15.264000', 'DeepakShinde', 'DeepakShinde', '2022-12-30 09:55:56.539000', b'0', NULL, NULL, NULL, NULL, NULL, 1, 4, 49, NULL, 14, NULL, 'Akot'),
	(82, 'PERMANENT_ADDRESS', 'D-304, Akanksha apartment', NULL, NULL, 'near hospital', '542001', NULL, NULL, NULL, b'0', '2022-12-30 13:18:32.333000', 'DeepakShinde', 'DeepakShinde', '2022-12-30 12:04:14.153000', b'0', NULL, NULL, NULL, NULL, NULL, 1, 2, 20, NULL, 39, NULL, 'Balapur'),
	(83, 'CURRENT_ADDRESS', 'D-304, Akanksha apartment', NULL, NULL, 'near hospital', '542001', NULL, NULL, NULL, b'1', '2022-12-30 13:18:32.330000', 'DeepakShinde', 'DeepakShinde', '2022-12-30 12:04:14.149000', b'0', NULL, NULL, NULL, NULL, NULL, 1, 2, 20, NULL, 39, NULL, 'Balapur'),
	(84, 'EMPLOYMENT_ADDRESS', 'flat No. G-102 , Akansha homes', NULL, NULL, 'near well', '542001', NULL, NULL, NULL, b'0', '2022-12-30 13:19:09.823000', 'DeepakShinde', 'DeepakShinde', '2022-12-30 12:07:13.943000', b'0', NULL, NULL, NULL, NULL, NULL, 1, 26, 257, NULL, 39, NULL, 'Pune'),
	(85, 'CURRENT_ADDRESS', 'THE ADDRESS,H WING 1202,APPOSITE TO CONVENTIONAL', NULL, NULL, NULL, '412105', NULL, NULL, NULL, b'1', '2023-01-03 06:31:58.476000', 'DineshGaikwad', 'DineshGaikwad', '2023-01-03 06:31:58.476000', b'0', NULL, NULL, NULL, NULL, NULL, 1, 1, 8, NULL, 40, NULL, 'MOSHI'),
	(86, 'PERMANENT_ADDRESS', 'THE ADDRESS,H WING 1202,APPOSITE TO CONVENTIONAL', NULL, NULL, NULL, '412105', NULL, NULL, NULL, b'0', '2023-01-03 06:31:58.476000', 'DineshGaikwad', 'DineshGaikwad', '2023-01-03 06:31:58.476000', b'0', NULL, NULL, NULL, NULL, NULL, 1, 1, 8, NULL, 40, NULL, 'MOSHI'),
	(87, 'EMPLOYMENT_ADDRESS', 'THE ADDRESS,H WING 1202,APPOSITE TO CONVENTIONAL', NULL, NULL, NULL, '412105', NULL, NULL, NULL, b'0', '2023-01-03 06:33:18.844000', 'DineshGaikwad', 'DineshGaikwad', '2023-01-03 06:33:18.844000', b'0', NULL, NULL, NULL, NULL, NULL, 1, 1, 8, NULL, 40, NULL, 'MOSHI'),
	(88, 'CURRENT_ADDRESS', 'THE ADDRESS,H WING 1202,APPOSITE TO CONVENTIONAL', NULL, NULL, NULL, '412105', NULL, NULL, NULL, b'1', '2023-01-03 07:10:12.940000', 'DineshGaikwad', 'DineshGaikwad', '2023-01-03 07:10:12.940000', b'0', NULL, NULL, NULL, NULL, NULL, 1, 1, 8, NULL, 41, NULL, 'MOSHI'),
	(89, 'PERMANENT_ADDRESS', 'THE ADDRESS,H WING 1202,APPOSITE TO CONVENTIONAL', NULL, NULL, NULL, '412105', NULL, NULL, NULL, b'0', '2023-01-03 07:10:12.941000', 'DineshGaikwad', 'DineshGaikwad', '2023-01-03 07:10:12.941000', b'0', NULL, NULL, NULL, NULL, NULL, 1, 1, 8, NULL, 41, NULL, 'MOSHI'),
	(90, 'EMPLOYMENT_ADDRESS', 'THE ADDRESS,H WING 1202,APPOSITE TO CONVENTIONAL', NULL, NULL, NULL, '412105', NULL, NULL, NULL, b'0', '2023-01-03 10:41:48.228000', 'DineshGaikwad', 'DineshGaikwad', '2023-01-03 07:12:17.659000', b'0', NULL, NULL, NULL, NULL, NULL, 1, 1, 8, NULL, 41, NULL, 'MOSHI'),
	(91, 'EMPLOYMENT_ADDRESS', 'THE ADDRESS,H WING 1202,APPOSITE TO CONVENTIONAL', NULL, NULL, NULL, '412105', NULL, NULL, NULL, b'0', '2023-01-03 07:13:03.842000', 'DineshGaikwad', 'DineshGaikwad', '2023-01-03 07:12:17.659000', b'0', NULL, NULL, NULL, NULL, NULL, 1, 1, 8, NULL, 41, NULL, 'MOSHI'),
	(92, 'EMPLOYMENT_ADDRESS', 'THE ADDRESS,H WING 1202,APPOSITE TO CONVENTIONAL', NULL, NULL, NULL, '412105', NULL, NULL, NULL, b'0', '2023-01-03 07:46:35.393000', 'DineshGaikwad', 'DineshGaikwad', '2023-01-03 07:12:17.659000', b'0', NULL, NULL, NULL, NULL, NULL, 1, 1, 8, NULL, 41, NULL, 'MOSHI'),
	(93, 'EMPLOYMENT_ADDRESS', 'THE ADDRESS,H WING 1202,APPOSITE TO CONVENTIONAL', NULL, NULL, NULL, '412105', NULL, NULL, NULL, b'0', '2023-01-03 10:51:18.666000', 'DineshGaikwad', 'DineshGaikwad', '2023-01-03 10:51:18.666000', b'0', NULL, NULL, NULL, NULL, NULL, 1, 1, 8, NULL, 41, NULL, 'MOSHI'),
	(94, 'EMPLOYMENT_ADDRESS', 'THE ADDRESS,H WING 1202,APPOSITE TO CONVENTIONAL', NULL, NULL, NULL, '412105', NULL, NULL, NULL, b'0', '2023-01-03 10:51:56.350000', 'DineshGaikwad', 'DineshGaikwad', '2023-01-03 10:51:18.666000', b'0', NULL, NULL, NULL, NULL, NULL, 1, 1, 8, NULL, 41, NULL, 'MOSHI'),
	(95, 'CURRENT_ADDRESS', 'THE ADDRESS', NULL, NULL, NULL, '412105', NULL, NULL, NULL, b'1', '2023-01-09 14:03:36.300000', 'DineshGaikwad', 'DineshGaikwad', '2023-01-09 14:03:36.300000', b'0', NULL, NULL, NULL, NULL, NULL, 1, 5, 58, NULL, 42, NULL, 'MOSHI'),
	(96, 'PERMANENT_ADDRESS', 'THE ADDRESS', NULL, NULL, NULL, '412105', NULL, NULL, NULL, b'0', '2023-01-09 14:03:36.302000', 'DineshGaikwad', 'DineshGaikwad', '2023-01-09 14:03:36.302000', b'0', NULL, NULL, NULL, NULL, NULL, 1, 5, 58, NULL, 42, NULL, 'MOSHI'),
	(97, 'EMPLOYMENT_ADDRESS', 'THE ADDRESS,H WING 1202,APPOSITE TO CONVENTIONAL', NULL, NULL, NULL, '412105', NULL, NULL, NULL, b'0', '2023-01-09 14:24:42.390000', 'DineshGaikwad', 'DineshGaikwad', '2023-01-09 14:05:44.565000', b'0', NULL, NULL, NULL, NULL, NULL, 1, 1, 8, NULL, 42, NULL, 'MOSHI'),
	(98, 'EMPLOYMENT_ADDRESS', 'THE ADDRESS,H WING 1202,APPOSITE TO CONVENTIONAL', NULL, NULL, 'hhkjhkj', '412105', NULL, NULL, NULL, b'0', '2023-01-09 14:21:56.465000', 'DineshGaikwad', 'DineshGaikwad', '2023-01-09 14:21:56.465000', b'0', NULL, NULL, NULL, NULL, NULL, 1, 1, 8, NULL, 42, NULL, 'MOSHI'),
	(99, 'EMPLOYMENT_ADDRESS', 'ygjgyu', 'gyuguy', 'yugyug', 'gyuuyguy', '412105', NULL, NULL, NULL, b'0', '2023-01-09 14:28:57.319000', 'DineshGaikwad', 'DineshGaikwad', '2023-01-09 14:28:57.319000', b'0', NULL, NULL, NULL, NULL, NULL, 1, 1, 8, NULL, 42, NULL, 'MOSHI'),
	(100, NULL, 'THE ADDRESS,H WING 1202,APPOSITE TO CONVENTIONAL', NULL, NULL, NULL, '412105', NULL, NULL, NULL, NULL, '2023-01-23 04:59:19.996000', 'DineshGaikwad', 'DineshGaikwad', '2023-01-23 04:59:19.996000', NULL, NULL, NULL, NULL, NULL, NULL, 1, 1, 8, NULL, 13, NULL, 'MOSHI'),
	(101, NULL, 'THE ADDRESS,H WING 1202,APPOSITE TO CONVENTIONAL', NULL, NULL, NULL, '412105', NULL, NULL, NULL, NULL, '2023-01-23 07:26:28.638000', 'DineshGaikwad', 'DineshGaikwad', '2023-01-23 07:26:28.638000', NULL, NULL, NULL, NULL, NULL, NULL, 1, 1, 8, NULL, 13, NULL, 'MOSHI'),
	(102, 'PERMANENT_ADDRESS', 'THE ADDRESS,H WING 1202,APPOSITE TO CONVENTIONAL', NULL, NULL, NULL, '412105', NULL, NULL, NULL, b'0', '2023-01-30 10:27:59.451000', 'DeepakShinde', 'DeepakShinde', '2023-01-30 06:53:12.703000', b'0', NULL, NULL, NULL, NULL, NULL, 1, 1, 8, NULL, 44, NULL, 'MOSHI'),
	(103, 'CURRENT_ADDRESS', 'THE ADDRESS,H WING 1202,APPOSITE TO CONVENTIONAL', NULL, NULL, NULL, '412105', NULL, NULL, NULL, b'1', '2023-01-30 10:27:59.450000', 'DeepakShinde', 'DeepakShinde', '2023-01-30 06:53:12.702000', b'0', NULL, NULL, NULL, NULL, NULL, 1, 1, 8, NULL, 44, NULL, 'MOSHI'),
	(104, 'EMPLOYMENT_ADDRESS', 'THE ADDRESS,H WING 1202,APPOSITE TO CONVENTIONAL', NULL, NULL, NULL, '412105', NULL, NULL, NULL, b'0', '2023-01-30 06:53:46.835000', 'DineshGaikwad', 'DineshGaikwad', '2023-01-30 06:53:46.835000', b'0', NULL, NULL, NULL, NULL, NULL, 1, 1, 8, NULL, 44, NULL, 'MOSHI');
/*!40000 ALTER TABLE `address` ENABLE KEYS */;

-- Dumping structure for table los_db.amortization_details
CREATE TABLE IF NOT EXISTS `amortization_details` (
  `id` bigint(20) NOT NULL AUTO_INCREMENT,
  `bal_interest_amt` double DEFAULT NULL,
  `bal_principle_amt` double DEFAULT NULL,
  `free_field_1` varchar(255) DEFAULT NULL,
  `free_field_2` varchar(255) DEFAULT NULL,
  `free_field_3` varchar(255) DEFAULT NULL,
  `free_field_4` varchar(255) DEFAULT NULL,
  `free_field_5` varchar(255) DEFAULT NULL,
  `free_field_6` varchar(255) DEFAULT NULL,
  `installment_date` datetime(6) DEFAULT NULL,
  `last_modified` datetime(6) DEFAULT NULL,
  `last_modified_by` varchar(255) DEFAULT NULL,
  `loan_emi_amt` double DEFAULT NULL,
  `paid_interest_amt` double DEFAULT NULL,
  `paid_principle_amt` double DEFAULT NULL,
  `payment_status` varchar(255) DEFAULT NULL,
  `principle_emi` double DEFAULT NULL,
  `roi` double DEFAULT NULL,
  `total_outstanding_principle_amt` double DEFAULT NULL,
  `total_outstandng_interest_amt` double DEFAULT NULL,
  `year` varchar(255) DEFAULT NULL,
  `loan_account_id` bigint(20) DEFAULT NULL,
  PRIMARY KEY (`id`),
  KEY `FKlp0luvnqy90ogs738kivnfyjn` (`loan_account_id`),
  CONSTRAINT `FKlp0luvnqy90ogs738kivnfyjn` FOREIGN KEY (`loan_account_id`) REFERENCES `loan_account` (`id`)
) ENGINE=InnoDB DEFAULT CHARSET=latin1;

-- Dumping data for table los_db.amortization_details: ~0 rows (approximately)
DELETE FROM `amortization_details`;
/*!40000 ALTER TABLE `amortization_details` DISABLE KEYS */;
/*!40000 ALTER TABLE `amortization_details` ENABLE KEYS */;

-- Dumping structure for table los_db.branch
CREATE TABLE IF NOT EXISTS `branch` (
  `id` bigint(20) NOT NULL AUTO_INCREMENT,
  `branch_name` varchar(255) NOT NULL,
  `description` varchar(255) DEFAULT NULL,
  `branchcode` varchar(255) DEFAULT NULL,
  `ifsc_code` varchar(255) DEFAULT NULL,
  `micr_code` varchar(255) DEFAULT NULL,
  `swift_code` varchar(255) DEFAULT NULL,
  `iban_code` varchar(255) DEFAULT NULL,
  `is_head_office` bit(1) DEFAULT NULL,
  `routing_transit_no` varchar(255) DEFAULT NULL,
  `phone` varchar(255) DEFAULT NULL,
  `email` varchar(255) DEFAULT NULL,
  `web_site` varchar(255) DEFAULT NULL,
  `fax` varchar(255) DEFAULT NULL,
  `is_activate` bit(1) DEFAULT NULL,
  `branch_type` varchar(255) DEFAULT NULL,
  `created_on` datetime(6) DEFAULT NULL,
  `created_by` varchar(255) DEFAULT NULL,
  `is_deleted` varchar(255) DEFAULT NULL,
  `last_modified` datetime(6) DEFAULT NULL,
  `last_modified_by` varchar(255) DEFAULT NULL,
  `free_field_1` varchar(255) DEFAULT NULL,
  `free_field_2` varchar(255) DEFAULT NULL,
  `free_field_3` varchar(255) DEFAULT NULL,
  `free_field_4` varchar(255) DEFAULT NULL,
  `free_field_5` varchar(255) DEFAULT NULL,
  `address_id` bigint(20) DEFAULT NULL,
  `organisation_id` bigint(20) DEFAULT NULL,
  `region_id` bigint(20) DEFAULT NULL,
  PRIMARY KEY (`id`),
  UNIQUE KEY `ux_branch__branch_name` (`branch_name`),
  UNIQUE KEY `ux_branch__branchcode` (`branchcode`),
  UNIQUE KEY `ux_branch__address_id` (`address_id`),
  KEY `FK7kvr824ftw4nw9i6p0pbw2t2g` (`organisation_id`),
  KEY `FKmj6hqpkrjq6qw6q71rknd9jmx` (`region_id`),
  CONSTRAINT `FK7kvr824ftw4nw9i6p0pbw2t2g` FOREIGN KEY (`organisation_id`) REFERENCES `organisation` (`id`),
  CONSTRAINT `FKmj6hqpkrjq6qw6q71rknd9jmx` FOREIGN KEY (`region_id`) REFERENCES `region` (`id`),
  CONSTRAINT `FKr5n331c13dyb3kbq1jlo53mh5` FOREIGN KEY (`address_id`) REFERENCES `address` (`id`)
) ENGINE=InnoDB AUTO_INCREMENT=3 DEFAULT CHARSET=latin1;

-- Dumping data for table los_db.branch: ~2 rows (approximately)
DELETE FROM `branch`;
/*!40000 ALTER TABLE `branch` DISABLE KEYS */;
INSERT INTO `branch` (`id`, `branch_name`, `description`, `branchcode`, `ifsc_code`, `micr_code`, `swift_code`, `iban_code`, `is_head_office`, `routing_transit_no`, `phone`, `email`, `web_site`, `fax`, `is_activate`, `branch_type`, `created_on`, `created_by`, `is_deleted`, `last_modified`, `last_modified_by`, `free_field_1`, `free_field_2`, `free_field_3`, `free_field_4`, `free_field_5`, `address_id`, `organisation_id`, `region_id`) VALUES
	(1, 'Lokmanya co-operative Pune Zonal Branch', 'zonal branch for pune district', 'LOK868765', 'IFLOSC00765', '87654356', '9876543456', '987654323456', b'1', 'International', '7867564534', 'pune@hotmail.com', 'envisioneer technologies', '8765129034', b'1', 'ZONAL_OFFICE', '2022-09-28 19:30:44.000000', NULL, '0', '2022-09-28 03:15:01.000000', 'Admin', NULL, NULL, NULL, NULL, NULL, 37, 1, 1),
	(2, 'Lokmanya co-operative Pune Branch', 'sdcdc', 'LOK868761', NULL, NULL, NULL, NULL, b'0', NULL, '8888897847', 'aarohi.shitole@gmail.com', NULL, NULL, b'1', 'BRANCH', NULL, NULL, NULL, NULL, NULL, NULL, NULL, NULL, NULL, NULL, 34, 1, 1);
/*!40000 ALTER TABLE `branch` ENABLE KEYS */;

-- Dumping structure for table los_db.city
CREATE TABLE IF NOT EXISTS `city` (
  `id` bigint(20) NOT NULL AUTO_INCREMENT,
  `city_name` varchar(255) NOT NULL,
  `is_deleted` bit(1) DEFAULT NULL,
  `last_modified` datetime(6) DEFAULT NULL,
  `last_modified_by` varchar(255) DEFAULT NULL,
  `lgd_code` bigint(20) DEFAULT NULL,
  `taluka_id` bigint(20) DEFAULT NULL,
  PRIMARY KEY (`id`),
  KEY `FKifavxx3r869ltixcre01yais6` (`taluka_id`),
  CONSTRAINT `FKifavxx3r869ltixcre01yais6` FOREIGN KEY (`taluka_id`) REFERENCES `taluka` (`id`)
) ENGINE=InnoDB DEFAULT CHARSET=latin1;

-- Dumping data for table los_db.city: ~0 rows (approximately)
DELETE FROM `city`;
/*!40000 ALTER TABLE `city` DISABLE KEYS */;
/*!40000 ALTER TABLE `city` ENABLE KEYS */;

-- Dumping structure for table los_db.databasechangelog
CREATE TABLE IF NOT EXISTS `databasechangelog` (
  `ID` varchar(255) NOT NULL,
  `AUTHOR` varchar(255) NOT NULL,
  `FILENAME` varchar(255) NOT NULL,
  `DATEEXECUTED` datetime NOT NULL,
  `ORDEREXECUTED` int(11) NOT NULL,
  `EXECTYPE` varchar(10) NOT NULL,
  `MD5SUM` varchar(35) DEFAULT NULL,
  `DESCRIPTION` varchar(255) DEFAULT NULL,
  `COMMENTS` varchar(255) DEFAULT NULL,
  `TAG` varchar(255) DEFAULT NULL,
  `LIQUIBASE` varchar(20) DEFAULT NULL,
  `CONTEXTS` varchar(255) DEFAULT NULL,
  `LABELS` varchar(255) DEFAULT NULL,
  `DEPLOYMENT_ID` varchar(10) DEFAULT NULL
) ENGINE=InnoDB DEFAULT CHARSET=latin1;

-- Dumping data for table los_db.databasechangelog: ~37 rows (approximately)
DELETE FROM `databasechangelog`;
/*!40000 ALTER TABLE `databasechangelog` DISABLE KEYS */;
INSERT INTO `databasechangelog` (`ID`, `AUTHOR`, `FILENAME`, `DATEEXECUTED`, `ORDEREXECUTED`, `EXECTYPE`, `MD5SUM`, `DESCRIPTION`, `COMMENTS`, `TAG`, `LIQUIBASE`, `CONTEXTS`, `LABELS`, `DEPLOYMENT_ID`) VALUES
	('00000000000001', 'jhipster', 'config/liquibase/changelog/00000000000000_initial_schema.xml', '2022-09-29 13:01:53', 1, 'EXECUTED', '8:1a5f32270e664dee65256c5fff5c0e33', 'createTable tableName=jhi_user; createTable tableName=jhi_authority; createTable tableName=jhi_user_authority; addPrimaryKey tableName=jhi_user_authority; addForeignKeyConstraint baseTableName=jhi_user_authority, constraintName=fk_authority_name, ...', '', NULL, '4.15.0', NULL, NULL, '4436711366'),
	('20220929061244-1', 'jhipster', 'config/liquibase/changelog/20220929061244_added_entity_SecurityUser.xml', '2022-09-29 13:01:53', 2, 'EXECUTED', '8:612508827ad76e024910524e8cbcfcf6', 'createTable tableName=security_user; dropDefaultValue columnName=reset_date, tableName=security_user; dropDefaultValue columnName=created_on, tableName=security_user; dropDefaultValue columnName=last_modified, tableName=security_user', '', NULL, '4.15.0', NULL, NULL, '4436711366'),
	('20220929061244-1-relations', 'jhipster', 'config/liquibase/changelog/20220929061244_added_entity_SecurityUser.xml', '2022-09-29 13:01:53', 3, 'EXECUTED', '8:926ead00c895c98bd175b9bcedae81b9', 'createTable tableName=rel_security_user__security_permission; addPrimaryKey tableName=rel_security_user__security_permission; createTable tableName=rel_security_user__security_role; addPrimaryKey tableName=rel_security_user__security_role', '', NULL, '4.15.0', NULL, NULL, '4436711366'),
	('20220929061244-1-data', 'jhipster', 'config/liquibase/changelog/20220929061244_added_entity_SecurityUser.xml', '2022-09-29 13:01:54', 4, 'EXECUTED', '8:6cb42a6b76e710a525c2dc39a5431a56', 'loadData tableName=security_user', '', NULL, '4.15.0', 'faker', NULL, '4436711366'),
	('20220929061245-1', 'jhipster', 'config/liquibase/changelog/20220929061245_added_entity_SecurityRole.xml', '2022-09-29 13:01:54', 5, 'EXECUTED', '8:721737c00c1467c3bd1600633d1a901c', 'createTable tableName=security_role; dropDefaultValue columnName=last_modified, tableName=security_role', '', NULL, '4.15.0', NULL, NULL, '4436711366'),
	('20220929061245-1-relations', 'jhipster', 'config/liquibase/changelog/20220929061245_added_entity_SecurityRole.xml', '2022-09-29 13:01:54', 6, 'EXECUTED', '8:1f821e784dfbdfa849345e5445f370b8', 'createTable tableName=rel_security_role__security_permission; addPrimaryKey tableName=rel_security_role__security_permission', '', NULL, '4.15.0', NULL, NULL, '4436711366'),
	('20220929061245-1-data', 'jhipster', 'config/liquibase/changelog/20220929061245_added_entity_SecurityRole.xml', '2022-09-29 13:01:54', 7, 'EXECUTED', '8:0d0fe01bacb7668020afb45bb4f0cf49', 'loadData tableName=security_role', '', NULL, '4.15.0', 'faker', NULL, '4436711366'),
	('20220929061246-1', 'jhipster', 'config/liquibase/changelog/20220929061246_added_entity_SecurityPermission.xml', '2022-09-29 13:01:54', 8, 'EXECUTED', '8:2d9f3e91c0e4b111b20668b841ab4558', 'createTable tableName=security_permission; dropDefaultValue columnName=last_modified, tableName=security_permission', '', NULL, '4.15.0', NULL, NULL, '4436711366'),
	('20220929061246-1-data', 'jhipster', 'config/liquibase/changelog/20220929061246_added_entity_SecurityPermission.xml', '2022-09-29 13:01:54', 9, 'EXECUTED', '8:0c9764793b9e520d2c42e5251808ea44', 'loadData tableName=security_permission', '', NULL, '4.15.0', 'faker', NULL, '4436711366'),
	('20220929061247-1', 'jhipster', 'config/liquibase/changelog/20220929061247_added_entity_Organisation.xml', '2022-09-29 13:01:54', 10, 'EXECUTED', '8:968191784c114729550cf4867beeace1', 'createTable tableName=organisation; dropDefaultValue columnName=created_on, tableName=organisation; dropDefaultValue columnName=last_modified, tableName=organisation', '', NULL, '4.15.0', NULL, NULL, '4436711366'),
	('20220929061247-1-data', 'jhipster', 'config/liquibase/changelog/20220929061247_added_entity_Organisation.xml', '2022-09-29 13:01:54', 11, 'EXECUTED', '8:372abf95be2b8cb9cfa40f07a2bf2e29', 'loadData tableName=organisation', '', NULL, '4.15.0', 'faker', NULL, '4436711366'),
	('20220929061248-1', 'jhipster', 'config/liquibase/changelog/20220929061248_added_entity_Branch.xml', '2022-09-29 13:01:55', 12, 'EXECUTED', '8:f928a215ea8ce68d0d31736c2e7fdf46', 'createTable tableName=branch; dropDefaultValue columnName=created_on, tableName=branch; dropDefaultValue columnName=last_modified, tableName=branch', '', NULL, '4.15.0', NULL, NULL, '4436711366'),
	('20220929061248-1-data', 'jhipster', 'config/liquibase/changelog/20220929061248_added_entity_Branch.xml', '2022-09-29 13:01:55', 13, 'EXECUTED', '8:b756ad6310b523275e68b7694c3c769a', 'loadData tableName=branch', '', NULL, '4.15.0', 'faker', NULL, '4436711366'),
	('20220929061249-1', 'jhipster', 'config/liquibase/changelog/20220929061249_added_entity_Address.xml', '2022-09-29 13:01:55', 14, 'EXECUTED', '8:fafec252e3de84b4a1e361f5bc312941', 'createTable tableName=address; dropDefaultValue columnName=last_modified, tableName=address; dropDefaultValue columnName=created_on, tableName=address', '', NULL, '4.15.0', NULL, NULL, '4436711366'),
	('20220929061249-1-data', 'jhipster', 'config/liquibase/changelog/20220929061249_added_entity_Address.xml', '2022-09-29 13:01:55', 15, 'EXECUTED', '8:db1c184c6727174975c06c86f14a3d1c', 'loadData tableName=address', '', NULL, '4.15.0', 'faker', NULL, '4436711366'),
	('20220929061250-1', 'jhipster', 'config/liquibase/changelog/20220929061250_added_entity_Region.xml', '2022-09-29 13:01:55', 16, 'EXECUTED', '8:bc5a57b2f2d9f60a0f03e055d6f4af67', 'createTable tableName=region; dropDefaultValue columnName=last_modified, tableName=region', '', NULL, '4.15.0', NULL, NULL, '4436711366'),
	('20220929061250-1-data', 'jhipster', 'config/liquibase/changelog/20220929061250_added_entity_Region.xml', '2022-09-29 13:01:55', 17, 'EXECUTED', '8:815f82a3879e897a30fedf0b86eb327f', 'loadData tableName=region', '', NULL, '4.15.0', 'faker', NULL, '4436711366'),
	('20220929061251-1', 'jhipster', 'config/liquibase/changelog/20220929061251_added_entity_State.xml', '2022-09-29 13:01:55', 18, 'EXECUTED', '8:df49490c71312c93c729fb553d69ffb1', 'createTable tableName=state; dropDefaultValue columnName=last_modified, tableName=state', '', NULL, '4.15.0', NULL, NULL, '4436711366'),
	('20220929061251-1-data', 'jhipster', 'config/liquibase/changelog/20220929061251_added_entity_State.xml', '2022-09-29 13:01:55', 19, 'EXECUTED', '8:b2c42c8c21b5b3903320caabb3f5ada3', 'loadData tableName=state', '', NULL, '4.15.0', 'faker', NULL, '4436711366'),
	('20220929061252-1', 'jhipster', 'config/liquibase/changelog/20220929061252_added_entity_District.xml', '2022-09-29 13:01:55', 20, 'EXECUTED', '8:7d0d0501da2dfa451cf4f12299bc8b2f', 'createTable tableName=district; dropDefaultValue columnName=last_modified, tableName=district', '', NULL, '4.15.0', NULL, NULL, '4436711366'),
	('20220929061252-1-data', 'jhipster', 'config/liquibase/changelog/20220929061252_added_entity_District.xml', '2022-09-29 13:01:55', 21, 'EXECUTED', '8:51eb68fc4e139630b9b9508d2a0c7426', 'loadData tableName=district', '', NULL, '4.15.0', 'faker', NULL, '4436711366'),
	('20220929061253-1', 'jhipster', 'config/liquibase/changelog/20220929061253_added_entity_Taluka.xml', '2022-09-29 13:01:55', 22, 'EXECUTED', '8:2e8f6ee450f56b0269acedc1839921cc', 'createTable tableName=taluka; dropDefaultValue columnName=last_modified, tableName=taluka', '', NULL, '4.15.0', NULL, NULL, '4436711366'),
	('20220929061253-1-data', 'jhipster', 'config/liquibase/changelog/20220929061253_added_entity_Taluka.xml', '2022-09-29 13:01:55', 23, 'EXECUTED', '8:f351f02d00f6fdd53c03d16ea9e22e15', 'loadData tableName=taluka', '', NULL, '4.15.0', 'faker', NULL, '4436711366'),
	('20220929061254-1', 'jhipster', 'config/liquibase/changelog/20220929061254_added_entity_City.xml', '2022-09-29 13:01:56', 24, 'EXECUTED', '8:0a58cfcc47c0f350801e505a2bcbcabf', 'createTable tableName=city; dropDefaultValue columnName=last_modified, tableName=city', '', NULL, '4.15.0', NULL, NULL, '4436711366'),
	('20220929061254-1-data', 'jhipster', 'config/liquibase/changelog/20220929061254_added_entity_City.xml', '2022-09-29 13:01:56', 25, 'EXECUTED', '8:8f5ab7fc6131eec8d18e94c3e918d0ee', 'loadData tableName=city', '', NULL, '4.15.0', 'faker', NULL, '4436711366'),
	('20220929061255-1', 'jhipster', 'config/liquibase/changelog/20220929061255_added_entity_ParameterLookup.xml', '2022-09-29 13:01:56', 26, 'EXECUTED', '8:3adc6b6ba83bac212fbf87dea4374e03', 'createTable tableName=parameter_lookup; dropDefaultValue columnName=last_modified, tableName=parameter_lookup; dropDefaultValue columnName=created_on, tableName=parameter_lookup', '', NULL, '4.15.0', NULL, NULL, '4436711366'),
	('20220929061255-1-data', 'jhipster', 'config/liquibase/changelog/20220929061255_added_entity_ParameterLookup.xml', '2022-09-29 13:01:56', 27, 'EXECUTED', '8:c5258c6bc1a2b8a6de35b05e05a2252f', 'loadData tableName=parameter_lookup', '', NULL, '4.15.0', 'faker', NULL, '4436711366'),
	('20220929061256-1', 'jhipster', 'config/liquibase/changelog/20220929061256_added_entity_Declearation.xml', '2022-09-29 13:01:56', 28, 'EXECUTED', '8:ad34b46ef3b5b4160c7cadce7b351bae', 'createTable tableName=declearation; dropDefaultValue columnName=last_modified, tableName=declearation; dropDefaultValue columnName=created_on, tableName=declearation', '', NULL, '4.15.0', NULL, NULL, '4436711366'),
	('20220929061256-1-data', 'jhipster', 'config/liquibase/changelog/20220929061256_added_entity_Declearation.xml', '2022-09-29 13:01:56', 29, 'EXECUTED', '8:23ebdf6c0ba589fae12de781f0b2577c', 'loadData tableName=declearation', '', NULL, '4.15.0', 'faker', NULL, '4436711366'),
	('20220929061257-1', 'jhipster', 'config/liquibase/changelog/20220929061257_added_entity_OrgPrerequisiteDoc.xml', '2022-09-29 13:01:56', 30, 'EXECUTED', '8:560a165634c7fcc648af5f623dd81d58', 'createTable tableName=org_prerequisite_doc; dropDefaultValue columnName=last_modified, tableName=org_prerequisite_doc; dropDefaultValue columnName=created_on, tableName=org_prerequisite_doc', '', NULL, '4.15.0', NULL, NULL, '4436711366'),
	('20220929061257-1-data', 'jhipster', 'config/liquibase/changelog/20220929061257_added_entity_OrgPrerequisiteDoc.xml', '2022-09-29 13:01:56', 31, 'EXECUTED', '8:b3ebe3dac083b2330af00347e603f621', 'loadData tableName=org_prerequisite_doc', '', NULL, '4.15.0', 'faker', NULL, '4436711366'),
	('20220929061258-1', 'jhipster', 'config/liquibase/changelog/20220929061258_added_entity_SequenceGenerator.xml', '2022-09-29 13:01:56', 32, 'EXECUTED', '8:7ff0569083bc7b62aca4ce338507cf06', 'createTable tableName=sequence_generator', '', NULL, '4.15.0', NULL, NULL, '4436711366'),
	('20220929061258-1-data', 'jhipster', 'config/liquibase/changelog/20220929061258_added_entity_SequenceGenerator.xml', '2022-09-29 13:01:56', 33, 'EXECUTED', '8:1ef1946d8433a053a507880c9339c88e', 'loadData tableName=sequence_generator', '', NULL, '4.15.0', 'faker', NULL, '4436711366'),
	('20220929061259-1', 'jhipster', 'config/liquibase/changelog/20220929061259_added_entity_Product.xml', '2022-09-29 13:01:56', 34, 'EXECUTED', '8:bcb2126ffb5cdc94035c46cf6759c7da', 'createTable tableName=product; dropDefaultValue columnName=last_modified, tableName=product', '', NULL, '4.15.0', NULL, NULL, '4436711366'),
	('20220929061259-1-data', 'jhipster', 'config/liquibase/changelog/20220929061259_added_entity_Product.xml', '2022-09-29 13:01:56', 35, 'EXECUTED', '8:8559cf7904b8a5093a8501bbbdc040db', 'loadData tableName=product', '', NULL, '4.15.0', 'faker', NULL, '4436711366'),
	('20220929061300-1', 'jhipster', 'config/liquibase/changelog/20220929061300_added_entity_LoanCatagory.xml', '2022-09-29 13:01:56', 36, 'EXECUTED', '8:9d00bc332a337d3dbc2f77295a072f4f', 'createTable tableName=loan_catagory; dropDefaultValue columnName=last_modified, tableName=loan_catagory; dropDefaultValue columnName=created_on, tableName=loan_catagory', '', NULL, '4.15.0', NULL, NULL, '4436711366'),
	('20220929061300-1-data', 'jhipster', 'config/liquibase/changelog/20220929061300_added_entity_LoanCatagory.xml', '2022-09-29 13:01:57', 37, 'EXECUTED', '8:b1de1b98564d233440835e8b90b6ca63', 'loadData tableName=loan_catagory', '', NULL, '4.15.0', 'faker', NULL, '4436711366');
/*!40000 ALTER TABLE `databasechangelog` ENABLE KEYS */;

-- Dumping structure for table los_db.databasechangeloglock
CREATE TABLE IF NOT EXISTS `databasechangeloglock` (
  `ID` int(11) NOT NULL,
  `LOCKED` bit(1) NOT NULL,
  `LOCKGRANTED` datetime DEFAULT NULL,
  `LOCKEDBY` varchar(255) DEFAULT NULL,
  PRIMARY KEY (`ID`)
) ENGINE=InnoDB DEFAULT CHARSET=latin1;

-- Dumping data for table los_db.databasechangeloglock: ~0 rows (approximately)
DELETE FROM `databasechangeloglock`;
/*!40000 ALTER TABLE `databasechangeloglock` DISABLE KEYS */;
INSERT INTO `databasechangeloglock` (`ID`, `LOCKED`, `LOCKGRANTED`, `LOCKEDBY`) VALUES
	(1, b'1', '2022-10-10 15:04:50', 'DELL-5470 (192.168.2.12)');
/*!40000 ALTER TABLE `databasechangeloglock` ENABLE KEYS */;

-- Dumping structure for table los_db.declearation
CREATE TABLE IF NOT EXISTS `declearation` (
  `id` bigint(20) NOT NULL AUTO_INCREMENT,
  `tiltle` varchar(255) DEFAULT NULL,
  `type` varchar(255) DEFAULT NULL,
  `description` varchar(255) DEFAULT NULL,
  `tag` varchar(255) DEFAULT NULL,
  `sub_type` bigint(20) DEFAULT NULL,
  `last_modified` datetime(6) DEFAULT NULL,
  `last_modified_by` varchar(255) DEFAULT NULL,
  `created_by` varchar(255) DEFAULT NULL,
  `created_on` datetime(6) DEFAULT NULL,
  `is_deleted` bit(1) DEFAULT NULL,
  `free_field_1` varchar(255) DEFAULT NULL,
  `free_field_2` varchar(255) DEFAULT NULL,
  `free_field_3` varchar(255) DEFAULT NULL,
  `free_field_4` varchar(255) DEFAULT NULL,
  `organisation_id` bigint(20) DEFAULT NULL,
  PRIMARY KEY (`id`),
  KEY `FK2qrr53xll0nygs0jvyro00gr1` (`organisation_id`),
  CONSTRAINT `FK2qrr53xll0nygs0jvyro00gr1` FOREIGN KEY (`organisation_id`) REFERENCES `organisation` (`id`)
) ENGINE=InnoDB DEFAULT CHARSET=latin1;

-- Dumping data for table los_db.declearation: ~0 rows (approximately)
DELETE FROM `declearation`;
/*!40000 ALTER TABLE `declearation` DISABLE KEYS */;
/*!40000 ALTER TABLE `declearation` ENABLE KEYS */;

-- Dumping structure for table los_db.district
CREATE TABLE IF NOT EXISTS `district` (
  `id` bigint(20) NOT NULL AUTO_INCREMENT,
  `district_name` varchar(255) NOT NULL,
  `is_deleted` bit(1) DEFAULT NULL,
  `last_modified` datetime NOT NULL,
  `last_modified_by` varchar(255) NOT NULL,
  `state_id` bigint(20) DEFAULT NULL,
  `lgd_code` bigint(20) DEFAULT NULL,
  PRIMARY KEY (`id`),
  UNIQUE KEY `ux_district_name` (`district_name`),
  KEY `fk_district_state_id` (`state_id`),
  CONSTRAINT `fk_district_state_id` FOREIGN KEY (`state_id`) REFERENCES `state` (`id`)
) ENGINE=InnoDB AUTO_INCREMENT=37 DEFAULT CHARSET=utf8;

-- Dumping data for table los_db.district: ~36 rows (approximately)
DELETE FROM `district`;
/*!40000 ALTER TABLE `district` DISABLE KEYS */;
INSERT INTO `district` (`id`, `district_name`, `is_deleted`, `last_modified`, `last_modified_by`, `state_id`, `lgd_code`) VALUES
	(1, 'Ahmednagar', b'0', '2021-05-21 18:30:00', 'System', 1, 466),
	(2, 'Akola', b'0', '2021-05-21 18:30:00', 'System', 1, 467),
	(3, 'Amravati', b'0', '2021-05-21 18:30:00', 'System', 1, 468),
	(4, 'Aurangabad', b'0', '2021-05-21 18:30:00', 'System', 1, 469),
	(5, 'Beed', b'0', '2021-05-21 18:30:00', 'system', 1, 470),
	(6, 'Bhandara', b'0', '2021-05-22 09:52:12', 'admin', 1, 471),
	(7, 'Buldhana', b'0', '2021-05-22 09:52:22', 'admin', 1, 472),
	(8, 'Chandrapur', b'0', '2021-05-21 18:30:00', 'System', 1, 473),
	(9, 'Dhule', b'0', '2021-05-21 18:30:00', 'System', 1, 474),
	(10, 'Gadchiroli', b'0', '2021-05-22 09:52:32', 'admin', 1, 475),
	(11, 'Gondia', b'0', '2021-05-21 18:30:00', 'System', 1, 476),
	(12, 'Hingoli', b'0', '2021-05-21 18:30:00', 'System', 1, 477),
	(13, 'Jalgaon', b'0', '2021-05-21 18:30:00', 'System', 1, 478),
	(14, 'Jalna', b'0', '2021-05-21 18:30:00', 'System', 1, 479),
	(15, 'Kolhapur', b'0', '2021-05-21 18:30:00', 'System', 1, 480),
	(16, 'Latur', b'0', '2021-05-21 18:30:00', 'System', 1, 481),
	(17, 'Mumbai city', b'0', '2021-05-21 18:30:00', 'System', 1, 482),
	(18, 'Mumbai Suburban', b'0', '2021-05-21 18:30:00', 'System', 1, 483),
	(19, 'Nagpur', b'0', '2021-05-21 18:30:00', 'System', 1, 484),
	(20, 'Nanded', b'0', '2021-05-21 18:30:00', 'System', 1, 485),
	(21, 'Nandurbar', b'0', '2021-05-21 18:30:00', 'System', 1, 486),
	(22, 'Nashik', b'0', '2021-05-21 18:30:00', 'System', 1, 487),
	(23, 'Osmanabad', b'0', '2021-05-21 18:30:00', 'System', 1, 488),
	(24, 'Palghar', b'0', '2021-05-21 18:30:00', 'System', 1, 665),
	(25, 'Parbhani', b'0', '2021-05-21 18:30:00', 'System', 1, 489),
	(26, 'Pune', b'0', '2021-05-21 18:30:00', 'System', 1, 490),
	(27, 'Raigad', b'0', '2021-05-21 18:30:00', 'System', 1, 491),
	(28, 'Ratnagiri', b'0', '2021-05-21 18:30:00', 'System', 1, 492),
	(29, 'Sangli', b'0', '2021-05-21 18:30:00', 'System', 1, 493),
	(30, 'Satara', b'0', '2021-05-21 18:30:00', 'System', 1, 494),
	(31, 'Sindhudurg', b'0', '2021-05-21 18:30:00', 'System', 1, 495),
	(32, 'Solapur', b'0', '2021-05-21 18:30:00', 'System', 1, 496),
	(33, 'Thane', b'0', '2021-05-21 18:30:00', 'System', 1, 497),
	(34, 'Wardha', b'0', '2021-05-21 18:30:00', 'System', 1, 498),
	(35, 'Washim', b'0', '2021-05-21 18:30:00', 'System', 1, 499),
	(36, 'Yavatmal', b'0', '2021-05-21 18:30:00', 'System', 1, 500);
/*!40000 ALTER TABLE `district` ENABLE KEYS */;

-- Dumping structure for table los_db.documents
CREATE TABLE IF NOT EXISTS `documents` (
  `id` bigint(20) NOT NULL AUTO_INCREMENT,
  `created_by` varchar(255) DEFAULT NULL,
  `created_on` datetime(6) DEFAULT NULL,
  `doc_sub_type` varchar(255) DEFAULT NULL,
  `doc_type` varchar(255) DEFAULT NULL,
  `file_name` varchar(255) DEFAULT NULL,
  `file_path` varchar(255) DEFAULT NULL,
  `file_url` varchar(255) DEFAULT NULL,
  `free_field_1` varchar(255) DEFAULT NULL,
  `free_field_2` varchar(255) DEFAULT NULL,
  `free_field_3` varchar(255) DEFAULT NULL,
  `free_field_4` varchar(255) DEFAULT NULL,
  `free_field_5` varchar(255) DEFAULT NULL,
  `has_verified` bit(1) DEFAULT NULL,
  `is_deleted` bit(1) DEFAULT NULL,
  `last_modified` datetime(6) DEFAULT NULL,
  `last_modified_by` varchar(255) DEFAULT NULL,
  `refrence_id` bigint(20) DEFAULT NULL,
  `remark` varchar(255) DEFAULT NULL,
  `tag` varchar(255) DEFAULT NULL,
  `guarantor_id` bigint(20) DEFAULT NULL,
  `member_id` bigint(20) DEFAULT NULL,
  `is_rejected` bit(1) DEFAULT NULL,
  PRIMARY KEY (`id`),
  KEY `FKi8u3tundas6rl5egf29dyrajl` (`guarantor_id`),
  KEY `FKnqou1icbtv1bx348e6mbofcnd` (`member_id`),
  CONSTRAINT `FKi8u3tundas6rl5egf29dyrajl` FOREIGN KEY (`guarantor_id`) REFERENCES `guarantor` (`id`),
  CONSTRAINT `FKnqou1icbtv1bx348e6mbofcnd` FOREIGN KEY (`member_id`) REFERENCES `member` (`id`)
) ENGINE=InnoDB AUTO_INCREMENT=214 DEFAULT CHARSET=latin1;

-- Dumping data for table los_db.documents: ~135 rows (approximately)
DELETE FROM `documents`;
/*!40000 ALTER TABLE `documents` DISABLE KEYS */;
INSERT INTO `documents` (`id`, `created_by`, `created_on`, `doc_sub_type`, `doc_type`, `file_name`, `file_path`, `file_url`, `free_field_1`, `free_field_2`, `free_field_3`, `free_field_4`, `free_field_5`, `has_verified`, `is_deleted`, `last_modified`, `last_modified_by`, `refrence_id`, `remark`, `tag`, `guarantor_id`, `member_id`, `is_rejected`) VALUES
	(13, 'DeepakShinde', '2022-11-25 06:12:16.160000', 'Aadhaar', 'IDENTIFICATION', 'INDENTITY_Aadhaar_1.png', NULL, 'http://localhost:8080/api/uploads/files/INDENTITY_Aadhaar_1.png', NULL, NULL, NULL, NULL, NULL, b'1', b'0', '2022-11-25 06:12:16.160000', 'DeepakShinde', 1, 'looks good', NULL, NULL, 13, NULL),
	(14, 'DeepakShinde', '2022-11-24 10:02:07.839000', 'Photograph', 'PERSONAL', 'PERSONAL_Photograph_13_1669117155415.png', NULL, 'http://localhost:8080/api/uploads/files/UEVSU09OQUxfUGhvdG9ncmFwaF8xM18xNjY5MTE3MTU1NDE1LnBuZw==', NULL, 'UEVSU09OQUxfUGhvdG9ncmFwaF8xM18xNjY5MTE3MTU1NDE1LnBuZw==', NULL, NULL, NULL, b'0', b'1', '2022-11-24 10:02:07.839000', 'DeepakShinde', 13, NULL, 'MEMBER_ONBOARD', NULL, 13, NULL),
	(15, 'DineshGaikwad', '2022-11-25 11:57:39.901000', 'Photograph', 'PERSONAL', 'PERSONAL_Photograph_25_1669117439738.png', NULL, 'http://localhost:8080/api/uploads/files/UEVSU09OQUxfUGhvdG9ncmFwaF8yNV8xNjY5MTE3NDM5NzM4LnBuZw==', NULL, 'UEVSU09OQUxfUGhvdG9ncmFwaF8yNV8xNjY5MTE3NDM5NzM4LnBuZw==', NULL, NULL, NULL, b'0', b'1', '2022-11-25 11:57:39.901000', 'DineshGaikwad', 25, NULL, 'Member Onboarding', NULL, 25, NULL),
	(16, 'DeepakShinde', '2022-11-25 06:12:16.161000', 'Photograph', 'PERSONAL', 'PERSONAL_Photograph_13_1669268680010.jpg', NULL, 'http://localhost:8080/api/uploads/files/UEVSU09OQUxfUGhvdG9ncmFwaF8xM18xNjY5MjY4NjgwMDEwLmpwZw==.jpg', NULL, 'UEVSU09OQUxfUGhvdG9ncmFwaF8xM18xNjY5MjY4NjgwMDEwLmpwZw==.jpg', NULL, NULL, NULL, b'1', b'0', '2022-11-25 06:12:16.161000', 'DeepakShinde', 13, 'gdfgfgfgf', 'Member Onboarding', NULL, 13, NULL),
	(17, 'DineshGaikwad', '2022-11-25 07:27:40.821000', 'Aadhaar', 'IDENTIFICATION', 'IDENTIFICATION_Aadhaar_13_1669268720870.png', NULL, 'http://localhost:8080/api/uploads/files/SURFTlRJRklDQVRJT05fQWFkaGFhcl8xM18xNjY5MjY4NzIwODcwLnBuZw==.png', NULL, 'SURFTlRJRklDQVRJT05fQWFkaGFhcl8xM18xNjY5MjY4NzIwODcwLnBuZw==.png', NULL, NULL, NULL, b'0', b'0', '2022-11-25 07:27:40.821000', 'DineshGaikwad', 13, NULL, 'Member Onboarding', NULL, 13, NULL),
	(18, 'DineshGaikwad', '2022-11-25 06:44:25.791000', 'Photograph', 'PERSONAL', 'PERSONAL_Photograph_14_1669281060453.png', NULL, 'http://localhost:8080/api/uploads/files/UEVSU09OQUxfUGhvdG9ncmFwaF8xNF8xNjY5MjgxMDYwNDUzLnBuZw==.png', NULL, 'UEVSU09OQUxfUGhvdG9ncmFwaF8xNF8xNjY5MjgxMDYwNDUzLnBuZw==.png', NULL, NULL, NULL, b'0', b'1', '2022-11-25 06:44:25.791000', 'DineshGaikwad', 14, NULL, 'Member Onboarding', NULL, 14, NULL),
	(19, 'User Name', '2022-11-24 09:09:30.461000', 'Aadhaar', 'IDENTIFICATION', 'IDENTIFICATION_Aadhaar_14_1669281124819.jpg', NULL, 'http://localhost:8080/api/uploads/files/SURFTlRJRklDQVRJT05fQWFkaGFhcl8xNF8xNjY5MjgxMTI0ODE5LmpwZw==.jpg', NULL, 'SURFTlRJRklDQVRJT05fQWFkaGFhcl8xNF8xNjY5MjgxMTI0ODE5LmpwZw==.jpg', NULL, NULL, NULL, b'0', b'1', '2022-11-24 09:09:30.461000', 'User Name', 14, NULL, 'Member Onboarding', NULL, 14, NULL),
	(20, 'User Name', '2022-11-25 06:43:38.329000', 'Photograph', 'PERSONAL', 'PERSONAL_Photograph_14_1669358658377.png', NULL, 'http://localhost:8080/api/uploads/files/UEVSU09OQUxfUGhvdG9ncmFwaF8xNF8xNjY5MzU4NjU4Mzc3LnBuZw==.png', NULL, 'UEVSU09OQUxfUGhvdG9ncmFwaF8xNF8xNjY5MzU4NjU4Mzc3LnBuZw==.png', NULL, NULL, NULL, b'0', b'1', '2022-11-25 06:43:38.329000', 'User Name', 14, NULL, 'Member Onboarding', NULL, 14, NULL),
	(21, 'DineshGaikwad', '2022-11-25 07:36:38.172000', 'Photograph', 'PERSONAL', 'PERSONAL_Photograph_20_1669361724037.jpg', NULL, 'http://localhost:8080/api/uploads/files/UEVSU09OQUxfUGhvdG9ncmFwaF8yMF8xNjY5MzYxNzI0MDM3LmpwZw==.jpg', NULL, 'UEVSU09OQUxfUGhvdG9ncmFwaF8yMF8xNjY5MzYxNzI0MDM3LmpwZw==.jpg', NULL, NULL, NULL, b'0', b'1', '2022-11-25 07:36:38.172000', 'DineshGaikwad', 20, NULL, 'Member Onboarding', NULL, 41, NULL),
	(22, 'DineshGaikwad', '2022-11-25 07:36:14.388000', 'Aadhaar', 'IDENTIFICATION', 'IDENTIFICATION_Aadhaar_20_1669361752496.png', NULL, 'http://localhost:8080/api/uploads/files/SURFTlRJRklDQVRJT05fQWFkaGFhcl8yMF8xNjY5MzYxNzUyNDk2LnBuZw==.png', NULL, 'SURFTlRJRklDQVRJT05fQWFkaGFhcl8yMF8xNjY5MzYxNzUyNDk2LnBuZw==.png', NULL, NULL, NULL, b'0', b'1', '2022-11-25 07:36:14.388000', 'DineshGaikwad', 20, NULL, 'Member Onboarding', NULL, 41, NULL),
	(24, NULL, NULL, 'Product', 'Logo', 'Logo_Product_10_1669368664036.png', NULL, 'http://localhost:8080/api/uploads/files/TG9nb19Qcm9kdWN0XzEwXzE2NjkzNjg2NjQwMzYucG5n', NULL, 'TG9nb19Qcm9kdWN0XzEwXzE2NjkzNjg2NjQwMzYucG5n', 'linear-gradient(118deg,rgb(255 153 52), rgb(255 190 124), rgb(255 214 173))', NULL, NULL, b'0', b'0', '2022-11-25 07:36:14.388000', 'DineshGaikwad', 10, NULL, 'iconconfig', NULL, 41, NULL),
	(25, NULL, NULL, 'Product', 'Logo', 'Logo_Product_12_1669369211868.png', NULL, 'http://localhost:8080/api/uploads/files/TG9nb19Qcm9kdWN0XzEyXzE2NjkzNjkyMTE4NjgucG5n', NULL, 'TG9nb19Qcm9kdWN0XzEyXzE2NjkzNjkyMTE4NjgucG5n', 'linear-gradient(118deg,rgb(179 123 245), rgb(220 161 252), rgb(226 207 245))', NULL, NULL, b'0', b'0', '2022-11-25 07:36:14.388000', 'DineshGaikwad', 12, NULL, 'iconconfig', NULL, NULL, NULL),
	(26, 'DeepakShinde', '2022-11-29 06:46:50.229000', 'Form 16', 'FINANCIAL STATEMENT', 'FINANCIAL STATEMENT_Form 16_34_1669370356201.png', NULL, 'http://localhost:8080/api/uploads/files/RklOQU5DSUFMIFNUQVRFTUVOVF9Gb3JtIDE2XzM0XzE2NjkzNzAzNTYyMDEucG5n.png', NULL, 'RklOQU5DSUFMIFNUQVRFTUVOVF9Gb3JtIDE2XzM0XzE2NjkzNzAzNTYyMDEucG5n.png', NULL, NULL, NULL, b'1', b'0', '2022-11-29 06:46:50.229000', 'DeepakShinde', 34, 'OK OK', 'LOAN_ONBOARD', NULL, 41, NULL),
	(27, 'DineshGaikwad', '2022-11-29 06:49:29.997000', 'Bank Statement', 'BUISNESS STATEMENT', 'BUISNESS STATEMENT_Bank Statement_34_1669370391999.jpg', NULL, 'http://localhost:8080/api/uploads/files/QlVJU05FU1MgU1RBVEVNRU5UX0JhbmsgU3RhdGVtZW50XzM0XzE2NjkzNzAzOTE5OTkuanBn.jpg', NULL, 'QlVJU05FU1MgU1RBVEVNRU5UX0JhbmsgU3RhdGVtZW50XzM0XzE2NjkzNzAzOTE5OTkuanBn.jpg', NULL, NULL, NULL, b'0', b'1', '2022-11-29 06:49:29.997000', 'DineshGaikwad', 34, NULL, 'Loan Onboarding', NULL, NULL, NULL),
	(28, 'DeepakShinde', '2022-11-25 12:13:57.631000', 'Photograph', 'PERSONAL', 'PERSONAL_Photograph_13_1669378479644.jpg', NULL, 'http://localhost:8080/api/uploads/files/UEVSU09OQUxfUGhvdG9ncmFwaF8xM18xNjY5Mzc4NDc5NjQ0LmpwZw==.jpg', NULL, 'UEVSU09OQUxfUGhvdG9ncmFwaF8xM18xNjY5Mzc4NDc5NjQ0LmpwZw==.jpg', NULL, NULL, NULL, b'0', b'0', '2022-11-25 12:13:57.631000', 'DeepakShinde', 13, 'fghfghfhfhhhhjh', 'Member Onboarding', NULL, 13, NULL),
	(29, 'User Name', '2022-11-28 17:05:32.471000', 'Registration certificate', 'BUISNESS STATEMENT', 'BUISNESS STATEMENT_Registration certificate_33_1669655252718.png', NULL, 'http://localhost:8080/api/uploads/files/QlVJU05FU1MgU1RBVEVNRU5UX1JlZ2lzdHJhdGlvbiBjZXJ0aWZpY2F0ZV8zM18xNjY5NjU1MjUyNzE4LnBuZw==.png', NULL, 'QlVJU05FU1MgU1RBVEVNRU5UX1JlZ2lzdHJhdGlvbiBjZXJ0aWZpY2F0ZV8zM18xNjY5NjU1MjUyNzE4LnBuZw==.png', NULL, NULL, NULL, b'0', b'0', '2022-11-28 17:05:32.471000', 'User Name', 33, NULL, 'Loan Onboarding', NULL, NULL, NULL),
	(30, 'User Name', '2022-11-29 06:50:01.550000', 'Bank Statement', 'BUISNESS STATEMENT', 'BUISNESS STATEMENT_Bank Statement_34_1669704850076.png', NULL, 'http://localhost:8080/api/uploads/files/QlVJU05FU1MgU1RBVEVNRU5UX0JhbmsgU3RhdGVtZW50XzM0XzE2Njk3MDQ4NTAwNzYucG5n.png', NULL, 'QlVJU05FU1MgU1RBVEVNRU5UX0JhbmsgU3RhdGVtZW50XzM0XzE2Njk3MDQ4NTAwNzYucG5n.png', NULL, NULL, NULL, b'0', b'0', '2022-11-29 06:50:01.550000', 'User Name', 34, NULL, 'Loan Onboarding', NULL, NULL, NULL),
	(31, 'DeepakShinde', '2022-11-30 04:42:24.231000', 'Photograph', 'PERSONAL', 'PERSONAL_Photograph_26_1669783419289.png', NULL, 'http://localhost:8080/api/uploads/files/UEVSU09OQUxfUGhvdG9ncmFwaF8yNl8xNjY5NzgzNDE5Mjg5LnBuZw==.png', NULL, 'UEVSU09OQUxfUGhvdG9ncmFwaF8yNl8xNjY5NzgzNDE5Mjg5LnBuZw==.png', NULL, NULL, NULL, b'0', b'0', '2022-12-19 10:06:24.830000', 'DeepakShinde', 26, 'personal photograpth ', 'Member Onboarding', NULL, 26, NULL),
	(32, 'DeepakShinde', '2022-11-30 04:42:24.231000', 'Aadhaar', 'IDENTIFICATION', 'IDENTIFICATION_Aadhaar_26_1669783461893.png', NULL, 'http://localhost:8080/api/uploads/files/SURFTlRJRklDQVRJT05fQWFkaGFhcl8yNl8xNjY5NzgzNDYxODkzLnBuZw==.png', NULL, 'SURFTlRJRklDQVRJT05fQWFkaGFhcl8yNl8xNjY5NzgzNDYxODkzLnBuZw==.png', NULL, NULL, NULL, b'1', b'0', '2022-12-19 10:06:24.832000', 'DeepakShinde', 26, 'ok', 'Member Onboarding', NULL, 26, NULL),
	(33, 'DeepakShinde', '2022-11-30 04:49:48.598000', 'Form 16', 'FINANCIAL STATEMENT', 'FINANCIAL STATEMENT_Form 16_36_1669783601419.png', NULL, 'http://localhost:8080/api/uploads/files/RklOQU5DSUFMIFNUQVRFTUVOVF9Gb3JtIDE2XzM2XzE2Njk3ODM2MDE0MTkucG5n.png', NULL, 'RklOQU5DSUFMIFNUQVRFTUVOVF9Gb3JtIDE2XzM2XzE2Njk3ODM2MDE0MTkucG5n.png', NULL, NULL, NULL, b'0', b'0', '2022-12-19 10:06:24.835000', 'DeepakShinde', 36, 'please send it again', 'Loan Onboarding', NULL, NULL, b'1'),
	(34, 'DeepakShinde', '2022-11-30 04:49:48.599000', 'Registration certificate', 'BUISNESS STATEMENT', 'BUISNESS STATEMENT_Registration certificate_36_1669783653823.png', NULL, 'http://localhost:8080/api/uploads/files/QlVJU05FU1MgU1RBVEVNRU5UX1JlZ2lzdHJhdGlvbiBjZXJ0aWZpY2F0ZV8zNl8xNjY5NzgzNjUzODIzLnBuZw==.png', NULL, 'QlVJU05FU1MgU1RBVEVNRU5UX1JlZ2lzdHJhdGlvbiBjZXJ0aWZpY2F0ZV8zNl8xNjY5NzgzNjUzODIzLnBuZw==.png', NULL, NULL, NULL, b'0', b'0', '2022-12-19 10:06:24.839000', 'DeepakShinde', 36, NULL, 'Loan Onboarding', NULL, NULL, NULL),
	(35, 'User Name', '2022-11-30 06:15:20.772000', 'Form 16', 'FINANCIAL STATEMENT', 'FINANCIAL STATEMENT_Form 16_37_1669788982731.png', NULL, 'http://localhost:8080/api/uploads/files/RklOQU5DSUFMIFNUQVRFTUVOVF9Gb3JtIDE2XzM3XzE2Njk3ODg5ODI3MzEucG5n.png', NULL, 'RklOQU5DSUFMIFNUQVRFTUVOVF9Gb3JtIDE2XzM3XzE2Njk3ODg5ODI3MzEucG5n.png', NULL, NULL, NULL, b'0', b'0', '2022-11-30 06:15:20.772000', 'User Name', 37, NULL, 'Loan Onboarding', NULL, NULL, NULL),
	(36, 'DineshGaikwad', '2022-11-30 06:15:51.547000', 'Bank Statement', 'BUISNESS STATEMENT', 'BUISNESS STATEMENT_Bank Statement_37_1669788987773.png', NULL, 'http://localhost:8080/api/uploads/files/QlVJU05FU1MgU1RBVEVNRU5UX0JhbmsgU3RhdGVtZW50XzM3XzE2Njk3ODg5ODc3NzMucG5n.png', NULL, 'QlVJU05FU1MgU1RBVEVNRU5UX0JhbmsgU3RhdGVtZW50XzM3XzE2Njk3ODg5ODc3NzMucG5n.png', NULL, NULL, NULL, b'0', b'1', '2022-11-30 06:17:07.141000', 'DineshGaikwad', 37, NULL, 'Loan Onboarding', NULL, NULL, NULL),
	(37, 'DeepakShinde', '2022-11-30 06:48:01.754000', 'Photograph', 'PERSONAL', 'PERSONAL_Photograph_25_1669790924276.png', NULL, 'http://localhost:8080/api/uploads/files/UEVSU09OQUxfUGhvdG9ncmFwaF8yNV8xNjY5NzkwOTI0Mjc2LnBuZw==.png', NULL, 'UEVSU09OQUxfUGhvdG9ncmFwaF8yNV8xNjY5NzkwOTI0Mjc2LnBuZw==.png', NULL, NULL, NULL, b'1', b'0', '2022-11-30 06:50:52.720000', 'DeepakShinde', 25, 'looks good', 'Member Onboarding', NULL, 25, NULL),
	(38, 'DeepakShinde', '2022-11-30 06:48:01.754000', 'Aadhaar', 'IDENTIFICATION', 'IDENTIFICATION_Aadhaar_25_1669790965389.jpg', NULL, 'http://localhost:8080/api/uploads/files/SURFTlRJRklDQVRJT05fQWFkaGFhcl8yNV8xNjY5NzkwOTY1Mzg5LmpwZw==.jpg', NULL, 'SURFTlRJRklDQVRJT05fQWFkaGFhcl8yNV8xNjY5NzkwOTY1Mzg5LmpwZw==.jpg', NULL, NULL, NULL, b'1', b'0', '2022-11-30 06:50:52.721000', 'DeepakShinde', 25, 'ok', 'Member Onboarding', NULL, 25, NULL),
	(39, 'DeepakShinde', '2022-12-01 08:03:21.999000', 'Photograph', 'PERSONAL', 'PERSONAL_Photograph_27_1669881866056.png', NULL, 'http://localhost:8080/api/uploads/files/UEVSU09OQUxfUGhvdG9ncmFwaF8yN18xNjY5ODgxODY2MDU2LnBuZw==.png', NULL, 'UEVSU09OQUxfUGhvdG9ncmFwaF8yN18xNjY5ODgxODY2MDU2LnBuZw==.png', 'true', NULL, NULL, b'0', b'0', '2022-12-05 07:09:06.954000', 'DeepakShinde', 27, 'ghghfghfhfgff', 'Member Onboarding', NULL, 27, NULL),
	(40, 'DeepakShinde', '2022-12-05 10:18:23.959000', 'Photograph', 'PERSONAL', 'PERSONAL_Photograph_28_1670235554750.png', NULL, 'http://localhost:8080/api/uploads/files/UEVSU09OQUxfUGhvdG9ncmFwaF8yOF8xNjcwMjM1NTU0NzUwLnBuZw==.png', NULL, 'UEVSU09OQUxfUGhvdG9ncmFwaF8yOF8xNjcwMjM1NTU0NzUwLnBuZw==.png', NULL, NULL, NULL, b'0', b'0', '2022-12-21 06:29:07.112000', 'DeepakShinde', 28, 'photo is not clear', 'Member Onboarding', NULL, 28, b'1'),
	(41, 'DineshGaikwad', '2022-12-05 10:18:23.959000', 'Photograph', 'PERSONAL', 'PERSONAL_Photograph_28_1670235590303.png', NULL, 'http://localhost:8080/api/uploads/files/UEVSU09OQUxfUGhvdG9ncmFwaF8yOF8xNjcwMjM1NTkwMzAzLnBuZw==.png', NULL, 'UEVSU09OQUxfUGhvdG9ncmFwaF8yOF8xNjcwMjM1NTkwMzAzLnBuZw==.png', NULL, NULL, NULL, b'0', b'1', '2022-12-29 09:32:52.123000', 'DineshGaikwad', 28, NULL, 'Member Onboarding', NULL, 28, b'1'),
	(42, 'DeepakShinde', '2022-12-05 10:18:23.959000', 'Signature', 'PERSONAL', 'PERSONAL_Signature_28_1670235590877.png', NULL, 'http://localhost:8080/api/uploads/files/UEVSU09OQUxfU2lnbmF0dXJlXzI4XzE2NzAyMzU1OTA4NzcucG5n.png', NULL, 'UEVSU09OQUxfU2lnbmF0dXJlXzI4XzE2NzAyMzU1OTA4NzcucG5n.png', NULL, NULL, NULL, b'1', b'0', '2022-12-21 06:29:07.120000', 'DeepakShinde', 28, 'ok', 'Member Onboarding', NULL, 28, NULL),
	(43, 'DineshGaikwad', '2022-12-05 10:18:23.959000', 'Aadhaar', 'IDENTIFICATION', 'IDENTIFICATION_Aadhaar_28_1670235651435.png', NULL, 'http://localhost:8080/api/uploads/files/SURFTlRJRklDQVRJT05fQWFkaGFhcl8yOF8xNjcwMjM1NjUxNDM1LnBuZw==.png', NULL, 'SURFTlRJRklDQVRJT05fQWFkaGFhcl8yOF8xNjcwMjM1NjUxNDM1LnBuZw==.png', NULL, NULL, NULL, b'0', b'1', '2022-12-29 09:34:35.369000', 'DineshGaikwad', 28, NULL, 'Member Onboarding', NULL, 28, NULL),
	(44, 'User Name', '2022-12-19 10:13:05.847000', 'Valuation Details', 'LOANAPPROVAL', 'LOANAPPROVAL_Valuation Details_35_1671445004755.jfif', NULL, 'http://localhost:8080/api/uploads/files/TE9BTkFQUFJPVkFMX1ZhbHVhdGlvbiBEZXRhaWxzXzM1XzE2NzE0NDUwMDQ3NTUuamZpZg==.jfif', NULL, 'TE9BTkFQUFJPVkFMX1ZhbHVhdGlvbiBEZXRhaWxzXzM1XzE2NzE0NDUwMDQ3NTUuamZpZg==.jfif', NULL, NULL, NULL, b'0', b'0', '2022-12-19 10:13:05.847000', 'User Name', 35, NULL, 'Loan Onboarding', NULL, NULL, NULL),
	(45, 'DineshGaikwad', '2022-12-20 06:58:00.632000', 'PAN', 'IDENTIFICATION', 'IDENTIFICATION_PAN_28_1671519788692.jfif', NULL, 'http://localhost:8080/api/uploads/files/SURFTlRJRklDQVRJT05fUEFOXzI4XzE2NzE1MTk3ODg2OTIuamZpZg==.jfif', NULL, 'SURFTlRJRklDQVRJT05fUEFOXzI4XzE2NzE1MTk3ODg2OTIuamZpZg==.jfif', NULL, NULL, NULL, b'0', b'1', '2022-12-29 09:34:38.316000', 'DineshGaikwad', 28, NULL, 'Member Onboarding', NULL, 28, b'0'),
	(46, 'DineshGaikwad', '2022-12-20 07:04:28.313000', 'Passport', 'IDENTIFICATION', 'IDENTIFICATION_Passport_28_1671519917885.PNG', NULL, 'http://localhost:8080/api/uploads/files/SURFTlRJRklDQVRJT05fUGFzc3BvcnRfMjhfMTY3MTUxOTkxNzg4NS5QTkc=.PNG', NULL, 'SURFTlRJRklDQVRJT05fUGFzc3BvcnRfMjhfMTY3MTUxOTkxNzg4NS5QTkc=.PNG', NULL, NULL, NULL, b'0', b'1', '2022-12-29 09:34:41.164000', 'DineshGaikwad', 28, NULL, 'Member Onboarding', NULL, 28, b'0'),
	(47, 'DeepakShinde', '2022-12-20 07:04:28.313000', 'Passport', 'IDENTIFICATION', 'IDENTIFICATION_Passport_28_1671519930193.PNG', NULL, 'http://localhost:8080/api/uploads/files/SURFTlRJRklDQVRJT05fUGFzc3BvcnRfMjhfMTY3MTUxOTkzMDE5My5QTkc=.PNG', NULL, 'SURFTlRJRklDQVRJT05fUGFzc3BvcnRfMjhfMTY3MTUxOTkzMDE5My5QTkc=.PNG', NULL, NULL, NULL, b'0', b'0', '2022-12-21 06:29:07.144000', 'DeepakShinde', 28, NULL, 'Member Onboarding', NULL, 28, b'0'),
	(48, 'DineshGaikwad', '2022-12-20 07:04:28.313000', 'Passport', 'IDENTIFICATION', 'IDENTIFICATION_Passport_28_1671520020984.PNG', NULL, 'http://localhost:8080/api/uploads/files/SURFTlRJRklDQVRJT05fUGFzc3BvcnRfMjhfMTY3MTUyMDAyMDk4NC5QTkc=.PNG', NULL, 'SURFTlRJRklDQVRJT05fUGFzc3BvcnRfMjhfMTY3MTUyMDAyMDk4NC5QTkc=.PNG', NULL, NULL, NULL, b'0', b'1', '2022-12-29 09:34:51.706000', 'DineshGaikwad', 28, NULL, 'Member Onboarding', NULL, 28, b'0'),
	(49, 'DineshGaikwad', '2022-12-20 07:04:28.313000', 'Thumb Impression', 'PERSONAL', 'PERSONAL_Thumb Impression_28_1671520114995.jfif', NULL, 'http://localhost:8080/api/uploads/files/UEVSU09OQUxfVGh1bWIgSW1wcmVzc2lvbl8yOF8xNjcxNTIwMTE0OTk1LmpmaWY=.jfif', NULL, 'UEVSU09OQUxfVGh1bWIgSW1wcmVzc2lvbl8yOF8xNjcxNTIwMTE0OTk1LmpmaWY=.jfif', NULL, NULL, NULL, b'0', b'1', '2022-12-29 09:33:01.050000', 'DineshGaikwad', 28, 'ok', 'Member Onboarding', NULL, 28, b'1'),
	(50, 'DeepakShinde', '2022-12-20 07:04:28.313000', 'Thumb Impression', 'PERSONAL', 'PERSONAL_Thumb Impression_28_1671520168147.jfif', NULL, 'http://localhost:8080/api/uploads/files/UEVSU09OQUxfVGh1bWIgSW1wcmVzc2lvbl8yOF8xNjcxNTIwMTY4MTQ3LmpmaWY=.jfif', NULL, 'UEVSU09OQUxfVGh1bWIgSW1wcmVzc2lvbl8yOF8xNjcxNTIwMTY4MTQ3LmpmaWY=.jfif', NULL, NULL, NULL, b'1', b'0', '2022-12-21 06:29:07.167000', 'DeepakShinde', 28, 'ok', 'Member Onboarding', NULL, 28, b'0'),
	(51, 'DineshGaikwad', '2022-12-21 04:50:41.016000', 'Thumb Impression', 'PERSONAL', 'PERSONAL_Thumb Impression_24_1671598444078.PNG', NULL, 'http://localhost:8080/api/uploads/files/UEVSU09OQUxfVGh1bWIgSW1wcmVzc2lvbl8yNF8xNjcxNTk4NDQ0MDc4LlBORw==.PNG', NULL, 'UEVSU09OQUxfVGh1bWIgSW1wcmVzc2lvbl8yNF8xNjcxNTk4NDQ0MDc4LlBORw==.PNG', NULL, NULL, NULL, b'0', b'1', '2022-12-21 05:19:36.854000', 'DineshGaikwad', 24, 'please upload proper thumb impression', 'Member Onboarding', NULL, 24, b'1'),
	(52, 'DeepakShinde', '2022-12-21 04:50:41.016000', 'Photograph', 'PERSONAL', 'PERSONAL_Photograph_24_1671598444081.png', NULL, 'http://localhost:8080/api/uploads/files/UEVSU09OQUxfUGhvdG9ncmFwaF8yNF8xNjcxNTk4NDQ0MDgxLnBuZw==.png', NULL, 'UEVSU09OQUxfUGhvdG9ncmFwaF8yNF8xNjcxNTk4NDQ0MDgxLnBuZw==.png', NULL, NULL, NULL, b'1', b'0', '2022-12-21 07:05:27.734000', 'DeepakShinde', 24, NULL, 'Member Onboarding', NULL, 24, b'0'),
	(53, 'DeepakShinde', '2022-12-21 04:50:41.016000', 'Signature', 'PERSONAL', 'PERSONAL_Signature_24_1671598444080.png', NULL, 'http://localhost:8080/api/uploads/files/UEVSU09OQUxfU2lnbmF0dXJlXzI0XzE2NzE1OTg0NDQwODAucG5n.png', NULL, 'UEVSU09OQUxfU2lnbmF0dXJlXzI0XzE2NzE1OTg0NDQwODAucG5n.png', NULL, NULL, NULL, b'1', b'0', '2022-12-21 07:05:27.739000', 'DeepakShinde', 24, NULL, 'Member Onboarding', NULL, 24, b'0'),
	(54, 'DeepakShinde', '2022-12-21 04:50:41.016000', 'PAN', 'IDENTIFICATION', 'IDENTIFICATION_PAN_24_1671598583376.jfif', NULL, 'http://localhost:8080/api/uploads/files/SURFTlRJRklDQVRJT05fUEFOXzI0XzE2NzE1OTg1ODMzNzYuamZpZg==.jfif', NULL, 'SURFTlRJRklDQVRJT05fUEFOXzI0XzE2NzE1OTg1ODMzNzYuamZpZg==.jfif', NULL, NULL, NULL, b'1', b'0', '2022-12-21 07:05:27.743000', 'DeepakShinde', 24, NULL, 'Member Onboarding', NULL, 24, b'0'),
	(55, 'DeepakShinde', '2022-12-21 04:50:41.016000', 'Aadhar', 'IDENTIFICATION', 'IDENTIFICATION_Aadhar_24_1671598583393.jfif', NULL, 'http://localhost:8080/api/uploads/files/SURFTlRJRklDQVRJT05fQWFkaGFyXzI0XzE2NzE1OTg1ODMzOTMuamZpZg==.jfif', 'false', 'SURFTlRJRklDQVRJT05fQWFkaGFyXzI0XzE2NzE1OTg1ODMzOTMuamZpZg==.jfif', NULL, NULL, NULL, b'1', b'0', '2022-12-21 07:05:27.748000', 'DeepakShinde', 24, NULL, 'Member Onboarding', NULL, 24, b'0'),
	(56, 'DeepakShinde', '2022-12-21 05:19:27.063000', 'Thumb Impression', 'PERSONAL', 'PERSONAL_Thumb Impression_24_1671600023732.jfif', NULL, 'http://localhost:8080/api/uploads/files/UEVSU09OQUxfVGh1bWIgSW1wcmVzc2lvbl8yNF8xNjcxNjAwMDIzNzMyLmpmaWY=.jfif', NULL, 'UEVSU09OQUxfVGh1bWIgSW1wcmVzc2lvbl8yNF8xNjcxNjAwMDIzNzMyLmpmaWY=.jfif', NULL, NULL, NULL, b'1', b'0', '2022-12-21 07:05:27.752000', 'DeepakShinde', 24, NULL, 'Member Onboarding', NULL, 24, b'0'),
	(57, 'User Name', '2022-12-21 10:06:34.488000', 'Salary Slip', 'INCOME PROOF', 'INCOME PROOF_Salary Slip_39_1671617231842.PNG', NULL, 'http://localhost:8080/api/uploads/files/SU5DT01FIFBST09GX1NhbGFyeSBTbGlwXzM5XzE2NzE2MTcyMzE4NDIuUE5H.PNG', NULL, 'SU5DT01FIFBST09GX1NhbGFyeSBTbGlwXzM5XzE2NzE2MTcyMzE4NDIuUE5H.PNG', NULL, NULL, NULL, b'0', b'0', '2022-12-21 10:06:34.488000', 'User Name', 39, NULL, 'Loan Onboarding', NULL, NULL, NULL),
	(58, 'User Name', '2022-12-21 10:45:55.311000', 'Legal Advovate Details', 'LOANAPPROVAL', 'LOANAPPROVAL_Legal Advovate Details_39_1671619751030.jpeg', NULL, 'http://localhost:8080/api/uploads/files/TE9BTkFQUFJPVkFMX0xlZ2FsIEFkdm92YXRlIERldGFpbHNfMzlfMTY3MTYxOTc1MTAzMC5qcGVn.jpeg', NULL, 'TE9BTkFQUFJPVkFMX0xlZ2FsIEFkdm92YXRlIERldGFpbHNfMzlfMTY3MTYxOTc1MTAzMC5qcGVn.jpeg', NULL, NULL, NULL, b'0', b'0', '2022-12-21 10:45:55.311000', 'User Name', 39, NULL, 'Loan Onboarding', NULL, NULL, NULL),
	(64, 'User Name', '2022-12-29 10:52:15.358000', 'Photo', 'PERSONAL', 'PERSONAL_Photo_30_1672311192447.jfif', NULL, 'http://localhost:8080/api/uploads/files/UEVSU09OQUxfUGhvdG9fMzBfMTY3MjMxMTE5MjQ0Ny5qZmlm.jfif', NULL, 'UEVSU09OQUxfUGhvdG9fMzBfMTY3MjMxMTE5MjQ0Ny5qZmlm.jfif', NULL, NULL, NULL, b'0', b'0', '2022-12-29 10:52:15.358000', 'User Name', 30, NULL, 'Member Onboarding', NULL, 30, b'0'),
	(65, 'User Name', '2022-12-29 10:52:15.358000', 'Aadhaar card', 'IDENTIFICATION', 'IDENTIFICATION_Aadhaar card_30_1672311238255.jfif', NULL, 'http://localhost:8080/api/uploads/files/SURFTlRJRklDQVRJT05fQWFkaGFhciBjYXJkXzMwXzE2NzIzMTEyMzgyNTUuamZpZg==.jfif', 'false', 'SURFTlRJRklDQVRJT05fQWFkaGFhciBjYXJkXzMwXzE2NzIzMTEyMzgyNTUuamZpZg==.jfif', NULL, NULL, NULL, b'0', b'0', '2022-12-29 10:52:15.358000', 'User Name', 30, NULL, 'Member Onboarding', NULL, 30, b'0'),
	(66, 'User Name', '2022-12-29 10:52:15.358000', 'Photo', 'PERSONAL', 'PERSONAL_Photo_30_1672311340142.jfif', NULL, 'http://localhost:8080/api/uploads/files/UEVSU09OQUxfUGhvdG9fMzBfMTY3MjMxMTM0MDE0Mi5qZmlm.jfif', NULL, 'UEVSU09OQUxfUGhvdG9fMzBfMTY3MjMxMTM0MDE0Mi5qZmlm.jfif', NULL, NULL, NULL, b'0', b'0', '2022-12-29 10:52:15.358000', 'User Name', 30, NULL, 'Member Onboarding', NULL, 30, b'0'),
	(67, 'User Name', '2022-12-29 10:52:15.358000', 'Signature', 'PERSONAL', 'PERSONAL_Signature_30_1672311340144.png', NULL, 'http://localhost:8080/api/uploads/files/UEVSU09OQUxfU2lnbmF0dXJlXzMwXzE2NzIzMTEzNDAxNDQucG5n.png', NULL, 'UEVSU09OQUxfU2lnbmF0dXJlXzMwXzE2NzIzMTEzNDAxNDQucG5n.png', NULL, NULL, NULL, b'0', b'0', '2022-12-29 10:52:15.358000', 'User Name', 30, NULL, 'Member Onboarding', NULL, 30, b'0'),
	(68, 'User Name', '2022-12-29 10:52:15.358000', 'PAN', 'IDENTIFICATION', 'IDENTIFICATION_PAN_30_1672311433310.jpeg', NULL, 'http://localhost:8080/api/uploads/files/SURFTlRJRklDQVRJT05fUEFOXzMwXzE2NzIzMTE0MzMzMTAuanBlZw==.jpeg', NULL, 'SURFTlRJRklDQVRJT05fUEFOXzMwXzE2NzIzMTE0MzMzMTAuanBlZw==.jpeg', NULL, NULL, NULL, b'0', b'0', '2022-12-29 10:52:15.358000', 'User Name', 30, NULL, 'Member Onboarding', NULL, 30, b'0'),
	(69, 'User Name', '2022-12-29 10:52:15.358000', 'Aadhaar card', 'IDENTIFICATION', 'IDENTIFICATION_Aadhaar card_30_1672311433312.jfif', NULL, 'http://localhost:8080/api/uploads/files/SURFTlRJRklDQVRJT05fQWFkaGFhciBjYXJkXzMwXzE2NzIzMTE0MzMzMTIuamZpZg==.jfif', 'false', 'SURFTlRJRklDQVRJT05fQWFkaGFhciBjYXJkXzMwXzE2NzIzMTE0MzMzMTIuamZpZg==.jfif', NULL, NULL, NULL, b'0', b'0', '2022-12-29 10:52:15.358000', 'User Name', 30, NULL, 'Member Onboarding', NULL, 30, b'0'),
	(70, NULL, '2022-12-30 07:44:49.611000', 'Photo', 'PERSONAL', 'PERSONAL_Photo_28_1672386352552.png', NULL, 'http://localhost:8080/api/uploads/files/UEVSU09OQUxfUGhvdG9fMjhfMTY3MjM4NjM1MjU1Mi5wbmc=.png', NULL, 'UEVSU09OQUxfUGhvdG9fMjhfMTY3MjM4NjM1MjU1Mi5wbmc=.png', NULL, NULL, NULL, b'0', b'0', '2022-12-30 07:44:49.611000', NULL, 28, NULL, 'MEMBER_ONBOARD', NULL, 28, b'0'),
	(71, NULL, '2022-12-30 07:44:49.611000', 'Photo', 'PERSONAL', 'PERSONAL_Photo_28_1672386391139.png', NULL, 'http://localhost:8080/api/uploads/files/UEVSU09OQUxfUGhvdG9fMjhfMTY3MjM4NjM5MTEzOS5wbmc=.png', NULL, 'UEVSU09OQUxfUGhvdG9fMjhfMTY3MjM4NjM5MTEzOS5wbmc=.png', NULL, NULL, NULL, b'0', b'0', '2022-12-30 07:44:49.611000', NULL, 28, NULL, 'MEMBER_ONBOARD', NULL, 28, b'0'),
	(72, NULL, '2022-12-30 07:44:49.611000', 'Tumb Impression', 'PERSONAL', 'PERSONAL_Tumb Impression_28_1672386391146.png', NULL, 'http://localhost:8080/api/uploads/files/UEVSU09OQUxfVHVtYiBJbXByZXNzaW9uXzI4XzE2NzIzODYzOTExNDYucG5n.png', NULL, 'UEVSU09OQUxfVHVtYiBJbXByZXNzaW9uXzI4XzE2NzIzODYzOTExNDYucG5n.png', NULL, NULL, NULL, b'0', b'0', '2022-12-30 07:44:49.611000', NULL, 28, NULL, 'MEMBER_ONBOARD', NULL, 28, b'0'),
	(73, NULL, '2022-12-30 07:44:49.611000', 'Aadhaar card', 'IDENTIFICATION', 'IDENTIFICATION_Aadhaar card_28_1672386434370.jfif', NULL, 'http://localhost:8080/api/uploads/files/SURFTlRJRklDQVRJT05fQWFkaGFhciBjYXJkXzI4XzE2NzIzODY0MzQzNzAuamZpZg==.jfif', 'false', 'SURFTlRJRklDQVRJT05fQWFkaGFhciBjYXJkXzI4XzE2NzIzODY0MzQzNzAuamZpZg==.jfif', NULL, NULL, NULL, b'0', b'0', '2022-12-30 07:44:49.611000', NULL, 28, NULL, 'MEMBER_ONBOARD', NULL, 28, b'0'),
	(74, NULL, '2022-12-30 08:19:31.943000', 'Photo', 'PERSONAL', 'PERSONAL_Photo_20_1672388464761.jfif', NULL, 'http://localhost:8080/api/uploads/files/UEVSU09OQUxfUGhvdG9fMjBfMTY3MjM4ODQ2NDc2MS5qZmlm.jfif', NULL, 'UEVSU09OQUxfUGhvdG9fMjBfMTY3MjM4ODQ2NDc2MS5qZmlm.jfif', NULL, NULL, NULL, b'0', b'0', '2022-12-30 08:19:31.943000', NULL, 20, NULL, 'MEMBER_ONBOARD', NULL, 20, b'0'),
	(75, NULL, '2022-12-30 08:19:31.943000', 'Aadhaar card', 'IDENTIFICATION', 'IDENTIFICATION_Aadhaar card_20_1672388495684.jfif', NULL, 'http://localhost:8080/api/uploads/files/SURFTlRJRklDQVRJT05fQWFkaGFhciBjYXJkXzIwXzE2NzIzODg0OTU2ODQuamZpZg==.jfif', 'false', 'SURFTlRJRklDQVRJT05fQWFkaGFhciBjYXJkXzIwXzE2NzIzODg0OTU2ODQuamZpZg==.jfif', NULL, NULL, NULL, b'0', b'0', '2022-12-30 08:19:31.943000', NULL, 20, NULL, 'MEMBER_ONBOARD', NULL, 20, b'0'),
	(76, NULL, '2022-12-30 08:19:31.943000', 'Aadhaar card', 'IDENTIFICATION', 'IDENTIFICATION_Aadhaar card_20_1672388521185.jfif', NULL, 'http://localhost:8080/api/uploads/files/SURFTlRJRklDQVRJT05fQWFkaGFhciBjYXJkXzIwXzE2NzIzODg1MjExODUuamZpZg==.jfif', 'false', 'SURFTlRJRklDQVRJT05fQWFkaGFhciBjYXJkXzIwXzE2NzIzODg1MjExODUuamZpZg==.jfif', NULL, NULL, NULL, b'0', b'0', '2022-12-30 08:19:31.943000', NULL, 20, NULL, 'MEMBER_ONBOARD', NULL, 20, b'0'),
	(77, NULL, '2022-12-30 08:19:31.943000', 'PAN', 'IDENTIFICATION', 'IDENTIFICATION_PAN_20_1672388521208.PNG', NULL, 'http://localhost:8080/api/uploads/files/SURFTlRJRklDQVRJT05fUEFOXzIwXzE2NzIzODg1MjEyMDguUE5H.PNG', NULL, 'SURFTlRJRklDQVRJT05fUEFOXzIwXzE2NzIzODg1MjEyMDguUE5H.PNG', NULL, NULL, NULL, b'0', b'0', '2022-12-30 08:19:31.943000', NULL, 20, NULL, 'MEMBER_ONBOARD', NULL, 20, b'0'),
	(78, NULL, '2022-12-30 08:37:34.150000', 'Signature', 'PERSONAL', 'PERSONAL_Signature_30_1672389477790.png', NULL, 'http://localhost:8080/api/uploads/files/UEVSU09OQUxfU2lnbmF0dXJlXzMwXzE2NzIzODk0Nzc3OTAucG5n.png', NULL, 'UEVSU09OQUxfU2lnbmF0dXJlXzMwXzE2NzIzODk0Nzc3OTAucG5n.png', NULL, 'Accepted', NULL, b'1', b'0', '2022-12-30 08:37:34.150000', NULL, 30, NULL, 'MEMBER_ONBOARD', NULL, 30, b'0'),
	(79, 'DineshGaikwad', '2022-12-30 08:37:34.150000', 'Aadhaar card', 'IDENTIFICATION', 'IDENTIFICATION_Aadhaar card_30_1672389555124.jfif', NULL, 'http://localhost:8080/api/uploads/files/SURFTlRJRklDQVRJT05fQWFkaGFhciBjYXJkXzMwXzE2NzIzODk1NTUxMjQuamZpZg==.jfif', 'false', 'SURFTlRJRklDQVRJT05fQWFkaGFhciBjYXJkXzMwXzE2NzIzODk1NTUxMjQuamZpZg==.jfif', NULL, 'Rejected', NULL, b'0', b'1', '2022-12-30 08:52:49.169000', 'DineshGaikwad', 30, NULL, 'MEMBER_ONBOARD', NULL, 30, b'1'),
	(80, NULL, '2022-12-30 08:37:34.150000', 'PAN', 'IDENTIFICATION', 'IDENTIFICATION_PAN_30_1672389555124.jfif', NULL, 'http://localhost:8080/api/uploads/files/SURFTlRJRklDQVRJT05fUEFOXzMwXzE2NzIzODk1NTUxMjQuamZpZg==.jfif', NULL, 'SURFTlRJRklDQVRJT05fUEFOXzMwXzE2NzIzODk1NTUxMjQuamZpZg==.jfif', NULL, 'Rejected', NULL, b'0', b'0', '2022-12-30 08:37:34.150000', NULL, 30, NULL, 'MEMBER_ONBOARD', NULL, 30, b'1'),
	(81, 'DineshGaikwad', '2022-12-30 08:52:38.873000', 'Aadhaar card', 'IDENTIFICATION', 'IDENTIFICATION_Aadhaar card_30_1672390408167.jfif', NULL, 'http://localhost:8080/api/uploads/files/SURFTlRJRklDQVRJT05fQWFkaGFhciBjYXJkXzMwXzE2NzIzOTA0MDgxNjcuamZpZg==.jfif', 'false', 'SURFTlRJRklDQVRJT05fQWFkaGFhciBjYXJkXzMwXzE2NzIzOTA0MDgxNjcuamZpZg==.jfif', NULL, 'Rejected', NULL, b'0', b'1', '2022-12-30 08:58:02.013000', 'DineshGaikwad', 30, NULL, 'MEMBER_ONBOARD', NULL, 30, b'1'),
	(82, NULL, '2022-12-30 08:57:56.296000', 'Aadhaar card', 'IDENTIFICATION', 'IDENTIFICATION_Aadhaar card_30_1672390713789.jfif', NULL, 'http://localhost:8080/api/uploads/files/SURFTlRJRklDQVRJT05fQWFkaGFhciBjYXJkXzMwXzE2NzIzOTA3MTM3ODkuamZpZg==.jfif', 'false', 'SURFTlRJRklDQVRJT05fQWFkaGFhciBjYXJkXzMwXzE2NzIzOTA3MTM3ODkuamZpZg==.jfif', NULL, 'Accepted', NULL, b'1', b'0', '2022-12-30 08:57:56.296000', NULL, 30, NULL, 'MEMBER_ONBOARD', NULL, 30, b'0'),
	(83, NULL, '2022-12-30 09:25:42.450000', 'Photo', 'PERSONAL', 'PERSONAL_Photo_30_1672392478896.png', NULL, 'http://localhost:8080/api/uploads/files/UEVSU09OQUxfUGhvdG9fMzBfMTY3MjM5MjQ3ODg5Ni5wbmc=.png', NULL, 'UEVSU09OQUxfUGhvdG9fMzBfMTY3MjM5MjQ3ODg5Ni5wbmc=.png', NULL, 'Accepted', NULL, b'1', b'0', '2022-12-30 09:25:42.450000', NULL, 30, NULL, 'MEMBER_ONBOARD', NULL, 30, b'0'),
	(84, NULL, '2022-12-30 09:49:38.768000', 'PAN', 'IDENTIFICATION', 'IDENTIFICATION_PAN_28_1672393795653.jfif', NULL, 'http://localhost:8080/api/uploads/files/SURFTlRJRklDQVRJT05fUEFOXzI4XzE2NzIzOTM3OTU2NTMuamZpZg==.jfif', NULL, 'SURFTlRJRklDQVRJT05fUEFOXzI4XzE2NzIzOTM3OTU2NTMuamZpZg==.jfif', NULL, NULL, NULL, b'0', b'0', '2022-12-30 09:49:38.768000', NULL, 28, NULL, 'MEMBER_ONBOARD', NULL, 28, b'0'),
	(85, NULL, '2022-12-30 09:56:24.125000', 'Signature', 'PERSONAL', 'PERSONAL_Signature_14_1672394250195.png', NULL, 'http://localhost:8080/api/uploads/files/UEVSU09OQUxfU2lnbmF0dXJlXzE0XzE2NzIzOTQyNTAxOTUucG5n.png', NULL, 'UEVSU09OQUxfU2lnbmF0dXJlXzE0XzE2NzIzOTQyNTAxOTUucG5n.png', NULL, 'Accepted', NULL, b'1', b'0', '2022-12-30 09:56:24.125000', NULL, 14, NULL, 'MEMBER_ONBOARD', NULL, 14, b'0'),
	(86, NULL, '2022-12-30 09:56:24.125000', 'Photo', 'PERSONAL', 'PERSONAL_Photo_14_1672394250200.png', NULL, 'http://localhost:8080/api/uploads/files/UEVSU09OQUxfUGhvdG9fMTRfMTY3MjM5NDI1MDIwMC5wbmc=.png', NULL, 'UEVSU09OQUxfUGhvdG9fMTRfMTY3MjM5NDI1MDIwMC5wbmc=.png', NULL, 'Accepted', NULL, b'1', b'0', '2022-12-30 09:56:24.125000', NULL, 14, NULL, 'MEMBER_ONBOARD', NULL, 14, b'0'),
	(87, NULL, '2022-12-30 09:56:24.125000', 'PAN', 'IDENTIFICATION', 'IDENTIFICATION_PAN_14_1672394312671.PNG', NULL, 'http://localhost:8080/api/uploads/files/SURFTlRJRklDQVRJT05fUEFOXzE0XzE2NzIzOTQzMTI2NzEuUE5H.PNG', NULL, 'SURFTlRJRklDQVRJT05fUEFOXzE0XzE2NzIzOTQzMTI2NzEuUE5H.PNG', NULL, 'Accepted', NULL, b'1', b'0', '2022-12-30 09:56:24.125000', NULL, 14, NULL, 'MEMBER_ONBOARD', NULL, 14, b'0'),
	(88, 'DineshGaikwad', '2022-12-30 09:56:24.125000', 'Aadhaar card', 'IDENTIFICATION', 'IDENTIFICATION_Aadhaar card_14_1672394312671.PNG', NULL, 'http://localhost:8080/api/uploads/files/SURFTlRJRklDQVRJT05fQWFkaGFhciBjYXJkXzE0XzE2NzIzOTQzMTI2NzEuUE5H.PNG', 'false', 'SURFTlRJRklDQVRJT05fQWFkaGFhciBjYXJkXzE0XzE2NzIzOTQzMTI2NzEuUE5H.PNG', NULL, 'Rejected', NULL, b'0', b'1', '2022-12-30 10:01:56.682000', 'DineshGaikwad', 14, NULL, 'MEMBER_ONBOARD', NULL, 14, b'1'),
	(89, NULL, '2022-12-30 10:01:49.278000', 'Aadhaar card', 'IDENTIFICATION', 'IDENTIFICATION_Aadhaar card_14_1672394532402.jfif', NULL, 'http://localhost:8080/api/uploads/files/SURFTlRJRklDQVRJT05fQWFkaGFhciBjYXJkXzE0XzE2NzIzOTQ1MzI0MDIuamZpZg==.jfif', 'false', 'SURFTlRJRklDQVRJT05fQWFkaGFhciBjYXJkXzE0XzE2NzIzOTQ1MzI0MDIuamZpZg==.jfif', NULL, 'Accepted', NULL, b'1', b'0', '2022-12-30 10:01:49.278000', NULL, 14, NULL, 'MEMBER_ONBOARD', NULL, 14, b'0'),
	(90, NULL, '2022-12-30 12:07:40.948000', 'Photo', 'PERSONAL', 'PERSONAL_Photo_39_1672402313648.png', NULL, 'http://localhost:8080/api/uploads/files/UEVSU09OQUxfUGhvdG9fMzlfMTY3MjQwMjMxMzY0OC5wbmc=.png', NULL, 'UEVSU09OQUxfUGhvdG9fMzlfMTY3MjQwMjMxMzY0OC5wbmc=.png', NULL, 'Accepted', NULL, b'1', b'0', '2022-12-30 12:07:40.948000', NULL, 39, NULL, 'MEMBER_ONBOARD', NULL, 39, b'0'),
	(91, NULL, '2022-12-30 12:07:40.948000', 'Signature', 'PERSONAL', 'PERSONAL_Signature_39_1672402313693.png', NULL, 'http://localhost:8080/api/uploads/files/UEVSU09OQUxfU2lnbmF0dXJlXzM5XzE2NzI0MDIzMTM2OTMucG5n.png', NULL, 'UEVSU09OQUxfU2lnbmF0dXJlXzM5XzE2NzI0MDIzMTM2OTMucG5n.png', NULL, 'Accepted', NULL, b'1', b'0', '2022-12-30 12:07:40.948000', NULL, 39, NULL, 'MEMBER_ONBOARD', NULL, 39, b'0'),
	(92, 'DineshGaikwad', '2022-12-30 12:07:40.948000', 'PAN', 'IDENTIFICATION', 'IDENTIFICATION_PAN_39_1672402424276.jpeg', NULL, 'http://localhost:8080/api/uploads/files/SURFTlRJRklDQVRJT05fUEFOXzM5XzE2NzI0MDI0MjQyNzYuanBlZw==.jpeg', NULL, 'SURFTlRJRklDQVRJT05fUEFOXzM5XzE2NzI0MDI0MjQyNzYuanBlZw==.jpeg', NULL, 'Rejected', NULL, b'0', b'1', '2022-12-30 13:12:14.066000', 'DineshGaikwad', 39, NULL, 'MEMBER_ONBOARD', NULL, 39, b'1'),
	(93, 'DineshGaikwad', '2022-12-30 12:07:40.948000', 'Aadhaar card', 'IDENTIFICATION', 'IDENTIFICATION_Aadhaar card_39_1672402424277.jfif', NULL, 'http://localhost:8080/api/uploads/files/SURFTlRJRklDQVRJT05fQWFkaGFhciBjYXJkXzM5XzE2NzI0MDI0MjQyNzcuamZpZg==.jfif', 'false', 'SURFTlRJRklDQVRJT05fQWFkaGFhciBjYXJkXzM5XzE2NzI0MDI0MjQyNzcuamZpZg==.jfif', NULL, 'Rejected', NULL, b'0', b'1', '2022-12-30 13:12:16.757000', 'DineshGaikwad', 39, NULL, 'MEMBER_ONBOARD', NULL, 39, b'1'),
	(94, NULL, '2022-12-30 13:12:08.693000', 'Aadhaar card', 'IDENTIFICATION', 'IDENTIFICATION_Aadhaar card_39_1672405963235.jfif', NULL, 'http://localhost:8080/api/uploads/files/SURFTlRJRklDQVRJT05fQWFkaGFhciBjYXJkXzM5XzE2NzI0MDU5NjMyMzUuamZpZg==.jfif', 'false', 'SURFTlRJRklDQVRJT05fQWFkaGFhciBjYXJkXzM5XzE2NzI0MDU5NjMyMzUuamZpZg==.jfif', NULL, 'Rejected', NULL, b'0', b'0', '2022-12-30 13:12:08.693000', NULL, 39, NULL, 'MEMBER_ONBOARD', NULL, 39, b'1'),
	(95, NULL, '2022-12-30 13:16:37.028000', 'PAN', 'IDENTIFICATION', 'IDENTIFICATION_PAN_39_1672406234662.jfif', NULL, 'http://localhost:8080/api/uploads/files/SURFTlRJRklDQVRJT05fUEFOXzM5XzE2NzI0MDYyMzQ2NjIuamZpZg==.jfif', NULL, 'SURFTlRJRklDQVRJT05fUEFOXzM5XzE2NzI0MDYyMzQ2NjIuamZpZg==.jfif', NULL, 'Rejected', NULL, b'0', b'0', '2022-12-30 13:16:37.028000', NULL, 39, NULL, 'MEMBER_ONBOARD', NULL, 39, b'1'),
	(96, NULL, '2022-12-30 13:16:37.028000', 'PAN', 'IDENTIFICATION', 'IDENTIFICATION_PAN_39_1672406238650.jfif', NULL, 'http://localhost:8080/api/uploads/files/SURFTlRJRklDQVRJT05fUEFOXzM5XzE2NzI0MDYyMzg2NTAuamZpZg==.jfif', NULL, 'SURFTlRJRklDQVRJT05fUEFOXzM5XzE2NzI0MDYyMzg2NTAuamZpZg==.jfif', NULL, 'Accepted', NULL, b'1', b'0', '2022-12-30 13:16:37.028000', NULL, 39, NULL, 'MEMBER_ONBOARD', NULL, 39, b'0'),
	(97, NULL, '2022-12-31 06:12:55.338000', 'Legal Advovate Details', 'LOANAPPROVAL', 'LOANAPPROVAL_Legal Advovate Details_37_1672467275275.docx', NULL, 'http://localhost:8080/api/uploads/files/TE9BTkFQUFJPVkFMX0xlZ2FsIEFkdm92YXRlIERldGFpbHNfMzdfMTY3MjQ2NzI3NTI3NS5kb2N4.docx', NULL, 'TE9BTkFQUFJPVkFMX0xlZ2FsIEFkdm92YXRlIERldGFpbHNfMzdfMTY3MjQ2NzI3NTI3NS5kb2N4.docx', NULL, NULL, NULL, b'0', b'0', '2022-12-31 06:12:55.338000', NULL, 37, NULL, 'LOAN_ONBOARD', NULL, NULL, NULL),
	(98, NULL, '2022-12-31 07:01:06.116000', 'Legal Advovate Details', 'LOANAPPROVAL', 'LOANAPPROVAL_Legal Advovate Details_39_1672470158437.docx', NULL, 'http://localhost:8080/api/uploads/files/TE9BTkFQUFJPVkFMX0xlZ2FsIEFkdm92YXRlIERldGFpbHNfMzlfMTY3MjQ3MDE1ODQzNy5kb2N4.docx', NULL, 'TE9BTkFQUFJPVkFMX0xlZ2FsIEFkdm92YXRlIERldGFpbHNfMzlfMTY3MjQ3MDE1ODQzNy5kb2N4.docx', NULL, NULL, NULL, b'0', b'0', '2022-12-31 07:01:06.116000', NULL, 39, NULL, 'LOAN_ONBOARD', NULL, NULL, NULL),
	(151, NULL, '2022-12-31 07:25:56.633000', 'Photo', 'PERSONAL', 'PERSONAL_Photo_49_1672471589877.jpeg', NULL, 'http://localhost:8080/api/uploads/files/UEVSU09OQUxfUGhvdG9fNDlfMTY3MjQ3MTU4OTg3Ny5qcGVn.jpeg', NULL, 'UEVSU09OQUxfUGhvdG9fNDlfMTY3MjQ3MTU4OTg3Ny5qcGVn.jpeg', NULL, NULL, NULL, b'0', b'0', '2022-12-31 07:25:56.633000', NULL, 49, NULL, 'MEMBER_ONBOARD', NULL, 40, b'0'),
	(152, NULL, '2022-12-31 07:43:57.530000', 'Aadhaar card', 'IDENTIFICATION', 'IDENTIFICATION_Aadhaar card_49_1672472681725.jpeg', NULL, 'http://localhost:8080/api/uploads/files/SURFTlRJRklDQVRJT05fQWFkaGFhciBjYXJkXzQ5XzE2NzI0NzI2ODE3MjUuanBlZw==.jpeg', 'false', 'SURFTlRJRklDQVRJT05fQWFkaGFhciBjYXJkXzQ5XzE2NzI0NzI2ODE3MjUuanBlZw==.jpeg', NULL, 'Accepted', NULL, b'1', b'0', '2022-12-31 07:43:57.530000', NULL, 40, NULL, 'MEMBER_ONBOARD', NULL, 40, b'0'),
	(153, NULL, '2022-12-31 07:44:56.974000', 'PAN', 'IDENTIFICATION', 'IDENTIFICATION_PAN_49_1672472724135.png', NULL, 'http://localhost:8080/api/uploads/files/SURFTlRJRklDQVRJT05fUEFOXzQ5XzE2NzI0NzI3MjQxMzUucG5n.png', NULL, 'SURFTlRJRklDQVRJT05fUEFOXzQ5XzE2NzI0NzI3MjQxMzUucG5n.png', NULL, 'Accepted', NULL, b'1', b'0', '2022-12-31 07:44:56.974000', NULL, 40, NULL, 'MEMBER_ONBOARD', NULL, 40, b'0'),
	(155, NULL, '2022-12-31 07:25:56.633000', 'Photo', 'PERSONAL', 'PERSONAL_Photo_49_1672471589877.jpeg', NULL, 'http://localhost:8080/api/uploads/files/UEVSU09OQUxfUGhvdG9fNDlfMTY3MjQ3MTU4OTg3Ny5qcGVn.jpeg', NULL, 'UEVSU09OQUxfUGhvdG9fNDlfMTY3MjQ3MTU4OTg3Ny5qcGVn.jpeg', NULL, 'Accepted', NULL, b'1', b'0', '2022-12-31 07:25:56.633000', NULL, 40, NULL, 'MEMBER_ONBOARD', NULL, 40, b'0'),
	(156, NULL, '2022-12-31 07:25:56.633000', 'Photo', 'PERSONAL', 'PERSONAL_Photo_49_1672471589877.jpeg', NULL, 'http://localhost:8080/api/uploads/files/UEVSU09OQUxfUGhvdG9fNDlfMTY3MjQ3MTU4OTg3Ny5qcGVn.jpeg', NULL, 'UEVSU09OQUxfUGhvdG9fNDlfMTY3MjQ3MTU4OTg3Ny5qcGVn.jpeg', NULL, 'Accepted', NULL, b'1', b'0', '2022-12-31 07:25:56.633000', 'DineshGaikwad', 41, NULL, 'MEMBER_ONBOARD', NULL, 41, b'0'),
	(157, NULL, '2022-12-31 07:43:57.530000', 'Aadhaar card', 'IDENTIFICATION', 'IDENTIFICATION_Aadhaar card_49_1672472681725.jpeg', NULL, 'http://localhost:8080/api/uploads/files/SURFTlRJRklDQVRJT05fQWFkaGFhciBjYXJkXzQ5XzE2NzI0NzI2ODE3MjUuanBlZw==.jpeg', 'false', 'SURFTlRJRklDQVRJT05fQWFkaGFhciBjYXJkXzQ5XzE2NzI0NzI2ODE3MjUuanBlZw==.jpeg', NULL, 'Accepted', NULL, b'1', b'0', '2022-12-31 07:43:57.530000', 'DineshGaikwad', 41, NULL, 'MEMBER_ONBOARD', NULL, 41, b'0'),
	(158, NULL, '2022-12-31 07:44:56.974000', 'PAN', 'IDENTIFICATION', 'IDENTIFICATION_PAN_49_1672472724135.png', NULL, 'http://localhost:8080/api/uploads/files/SURFTlRJRklDQVRJT05fUEFOXzQ5XzE2NzI0NzI3MjQxMzUucG5n.png', NULL, 'SURFTlRJRklDQVRJT05fUEFOXzQ5XzE2NzI0NzI3MjQxMzUucG5n.png', NULL, 'Accepted', NULL, b'1', b'0', '2022-12-31 07:44:56.974000', 'DineshGaikwad', 41, NULL, 'MEMBER_ONBOARD', NULL, 41, b'0'),
	(159, 'DineshGaikwad', '2023-01-03 12:30:38.994000', 'Form 16', 'FINANCIAL STATEMENT', 'FINANCIAL STATEMENT_Form 16_46_1672749088388.jpg', NULL, 'http://localhost:8080/api/uploads/files/RklOQU5DSUFMIFNUQVRFTUVOVF9Gb3JtIDE2XzQ2XzE2NzI3NDkwODgzODguanBn.jpg', NULL, 'RklOQU5DSUFMIFNUQVRFTUVOVF9Gb3JtIDE2XzQ2XzE2NzI3NDkwODgzODguanBn.jpg', NULL, NULL, NULL, b'0', b'1', '2023-01-04 05:59:34.981000', 'DineshGaikwad', 46, NULL, 'LOAN_ONBOARD', NULL, NULL, NULL),
	(160, NULL, '2023-01-04 05:35:40.529000', 'TITLE DEED', 'TITLE DEED', 'TITLE DEED_TITLE DEED_45_1672810570396.jpeg', NULL, 'http://localhost:8080/api/uploads/files/VElUTEUgREVFRF9USVRMRSBERUVEXzQ1XzE2NzI4MTA1NzAzOTYuanBlZw==.jpeg', NULL, 'VElUTEUgREVFRF9USVRMRSBERUVEXzQ1XzE2NzI4MTA1NzAzOTYuanBlZw==.jpeg', NULL, 'Accepted', NULL, b'1', b'0', '2023-01-04 05:35:40.529000', NULL, 45, NULL, 'LOAN_ONBOARD', NULL, NULL, b'0'),
	(161, NULL, '2023-01-04 05:36:17.145000', 'Form 16', 'FINANCIAL STATEMENT', 'FINANCIAL STATEMENT_Form 16_45_1672810645246.jpeg', NULL, 'http://localhost:8080/api/uploads/files/RklOQU5DSUFMIFNUQVRFTUVOVF9Gb3JtIDE2XzQ1XzE2NzI4MTA2NDUyNDYuanBlZw==.jpeg', NULL, 'RklOQU5DSUFMIFNUQVRFTUVOVF9Gb3JtIDE2XzQ1XzE2NzI4MTA2NDUyNDYuanBlZw==.jpeg', NULL, NULL, NULL, b'0', b'0', '2023-01-04 05:36:17.145000', NULL, 45, NULL, 'LOAN_ONBOARD', NULL, NULL, NULL),
	(162, NULL, '2023-01-04 05:38:01.077000', 'Bank Statement', 'BUISNESS STATEMENT', 'BUISNESS STATEMENT_Bank Statement_45_1672810692856.jpg', NULL, 'http://localhost:8080/api/uploads/files/QlVJU05FU1MgU1RBVEVNRU5UX0JhbmsgU3RhdGVtZW50XzQ1XzE2NzI4MTA2OTI4NTYuanBn.jpg', NULL, 'QlVJU05FU1MgU1RBVEVNRU5UX0JhbmsgU3RhdGVtZW50XzQ1XzE2NzI4MTA2OTI4NTYuanBn.jpg', NULL, NULL, NULL, b'0', b'0', '2023-01-04 05:38:01.077000', NULL, 45, NULL, 'LOAN_ONBOARD', NULL, NULL, NULL),
	(170, 'DeepakShinde', '2023-01-05 05:14:10.079000', 'TITLE DEED', 'TITLE DEED', 'TITLE DEED_TITLE DEED_46_1672895664949.png', NULL, 'http://localhost:8080/api/uploads/files/VElUTEUgREVFRF9USVRMRSBERUVEXzQ2XzE2NzI4OTU2NjQ5NDkucG5n.png', NULL, 'VElUTEUgREVFRF9USVRMRSBERUVEXzQ2XzE2NzI4OTU2NjQ5NDkucG5n.png', NULL, 'Rejected', NULL, b'0', b'1', '2023-01-09 05:50:04.338000', 'DeepakShinde', 46, NULL, 'LOAN_ONBOARD', NULL, NULL, b'1'),
	(171, NULL, '2023-01-05 05:14:38.013000', 'Form 16', 'FINANCIAL STATEMENT', 'FINANCIAL STATEMENT_Form 16_46_1672895687425.jpeg', NULL, 'http://localhost:8080/api/uploads/files/RklOQU5DSUFMIFNUQVRFTUVOVF9Gb3JtIDE2XzQ2XzE2NzI4OTU2ODc0MjUuanBlZw==.jpeg', NULL, 'RklOQU5DSUFMIFNUQVRFTUVOVF9Gb3JtIDE2XzQ2XzE2NzI4OTU2ODc0MjUuanBlZw==.jpeg', NULL, 'Accepted', NULL, b'1', b'0', '2023-01-05 05:14:38.013000', 'DineshGaikwad', 46, NULL, 'LOAN_ONBOARD', NULL, NULL, b'0'),
	(172, NULL, '2023-01-05 05:16:52.198000', 'Bank Statement', 'BUISNESS STATEMENT', 'BUISNESS STATEMENT_Bank Statement_46_1672896073370.jpg', NULL, 'http://localhost:8080/api/uploads/files/QlVJU05FU1MgU1RBVEVNRU5UX0JhbmsgU3RhdGVtZW50XzQ2XzE2NzI4OTYwNzMzNzAuanBn.jpg', NULL, 'QlVJU05FU1MgU1RBVEVNRU5UX0JhbmsgU3RhdGVtZW50XzQ2XzE2NzI4OTYwNzMzNzAuanBn.jpg', NULL, 'Rejected', NULL, b'0', b'0', '2023-01-05 05:16:52.198000', 'DineshGaikwad', 46, NULL, 'LOAN_ONBOARD', NULL, NULL, b'1'),
	(173, NULL, '2023-01-09 05:50:20.760000', 'TITLE DEED', 'TITLE DEED', 'TITLE DEED_TITLE DEED_45_1673243457305.jpeg', NULL, 'http://localhost:8080/api/uploads/files/VElUTEUgREVFRF9USVRMRSBERUVEXzQ1XzE2NzMyNDM0NTczMDUuanBlZw==.jpeg', NULL, 'VElUTEUgREVFRF9USVRMRSBERUVEXzQ1XzE2NzMyNDM0NTczMDUuanBlZw==.jpeg', NULL, 'Accepted', NULL, b'1', b'0', '2023-01-09 05:50:20.760000', NULL, 45, NULL, 'LOAN_ONBOARD', NULL, NULL, b'0'),
	(174, 'DeepakShinde', '2023-01-16 09:39:22.708000', 'Valuation Details', 'LOANAPPROVAL', 'LOANAPPROVAL_Valuation Details_45_1673862120907.pdf', NULL, 'http://localhost:8080/api/uploads/files/TE9BTkFQUFJPVkFMX1ZhbHVhdGlvbiBEZXRhaWxzXzQ1XzE2NzM4NjIxMjA5MDcucGRm.pdf', NULL, 'TE9BTkFQUFJPVkFMX1ZhbHVhdGlvbiBEZXRhaWxzXzQ1XzE2NzM4NjIxMjA5MDcucGRm.pdf', NULL, NULL, NULL, b'0', b'0', '2023-01-16 09:48:02.097000', 'DeepakShinde', 45, NULL, 'LOAN_ONBOARD', NULL, NULL, NULL),
	(175, NULL, '2023-01-16 09:39:22.708000', 'Valuation Details', 'LOANAPPROVAL', 'LOANAPPROVAL_Valuation Details_45_1673862177558.pdf', NULL, 'http://localhost:8080/api/uploads/files/TE9BTkFQUFJPVkFMX1ZhbHVhdGlvbiBEZXRhaWxzXzQ1XzE2NzM4NjIxNzc1NTgucGRm.pdf', NULL, 'TE9BTkFQUFJPVkFMX1ZhbHVhdGlvbiBEZXRhaWxzXzQ1XzE2NzM4NjIxNzc1NTgucGRm.pdf', NULL, NULL, NULL, b'0', b'0', '2023-01-16 09:39:22.708000', NULL, 45, NULL, 'LOAN_ONBOARD', NULL, NULL, NULL),
	(176, NULL, '2023-01-16 09:46:22.814000', 'Legal Advovate Details', 'LOANAPPROVAL', 'LOANAPPROVAL_Legal Advovate Details_45_1673862517344.pdf', NULL, 'http://localhost:8080/api/uploads/files/TE9BTkFQUFJPVkFMX0xlZ2FsIEFkdm92YXRlIERldGFpbHNfNDVfMTY3Mzg2MjUxNzM0NC5wZGY=.pdf', NULL, 'TE9BTkFQUFJPVkFMX0xlZ2FsIEFkdm92YXRlIERldGFpbHNfNDVfMTY3Mzg2MjUxNzM0NC5wZGY=.pdf', NULL, NULL, NULL, b'0', b'0', '2023-01-16 09:46:22.814000', NULL, 45, NULL, 'LOAN_ONBOARD', NULL, NULL, NULL),
	(177, NULL, '2023-01-24 09:13:44.796000', 'Photo', 'PERSONAL', 'PERSONAL_Photo_42_1674551643505.JPG', NULL, 'http://localhost:8080/api/uploads/files/UEVSU09OQUxfUGhvdG9fNDJfMTY3NDU1MTY0MzUwNS5KUEc=.JPG', NULL, 'UEVSU09OQUxfUGhvdG9fNDJfMTY3NDU1MTY0MzUwNS5KUEc=.JPG', NULL, 'Accepted', NULL, b'1', b'0', '2023-01-24 09:13:44.796000', 'DeepakShinde', 42, NULL, 'MEMBER_ONBOARD', NULL, 42, b'0'),
	(178, NULL, '2023-01-24 09:13:44.796000', 'Photo', 'PERSONAL', 'PERSONAL_Photo_42_1674551677423.JPG', NULL, 'http://localhost:8080/api/uploads/files/UEVSU09OQUxfUGhvdG9fNDJfMTY3NDU1MTY3NzQyMy5KUEc=.JPG', NULL, 'UEVSU09OQUxfUGhvdG9fNDJfMTY3NDU1MTY3NzQyMy5KUEc=.JPG', NULL, 'Accepted', NULL, b'1', b'0', '2023-01-24 09:13:44.796000', 'DeepakShinde', 42, NULL, 'MEMBER_ONBOARD', NULL, 42, b'0'),
	(179, NULL, '2023-01-24 09:13:44.796000', 'Signature', 'PERSONAL', 'PERSONAL_Signature_42_1674551677520.JPG', NULL, 'http://localhost:8080/api/uploads/files/UEVSU09OQUxfU2lnbmF0dXJlXzQyXzE2NzQ1NTE2Nzc1MjAuSlBH.JPG', NULL, 'UEVSU09OQUxfU2lnbmF0dXJlXzQyXzE2NzQ1NTE2Nzc1MjAuSlBH.JPG', NULL, 'Accepted', NULL, b'1', b'0', '2023-01-24 09:13:44.796000', 'DeepakShinde', 42, NULL, 'MEMBER_ONBOARD', NULL, 42, b'0'),
	(180, NULL, '2023-01-24 09:13:44.796000', 'Aadhaar card', 'IDENTIFICATION', 'IDENTIFICATION_Aadhaar card_42_1674551699010.JPG', NULL, 'http://localhost:8080/api/uploads/files/SURFTlRJRklDQVRJT05fQWFkaGFhciBjYXJkXzQyXzE2NzQ1NTE2OTkwMTAuSlBH.JPG', 'false', 'SURFTlRJRklDQVRJT05fQWFkaGFhciBjYXJkXzQyXzE2NzQ1NTE2OTkwMTAuSlBH.JPG', NULL, 'Accepted', NULL, b'1', b'0', '2023-01-24 09:13:44.796000', 'DeepakShinde', 42, NULL, 'MEMBER_ONBOARD', NULL, 42, b'0'),
	(181, NULL, '2023-01-24 09:13:44.796000', 'PAN', 'IDENTIFICATION', 'IDENTIFICATION_PAN_42_1674551737287.JPG', NULL, 'http://localhost:8080/api/uploads/files/SURFTlRJRklDQVRJT05fUEFOXzQyXzE2NzQ1NTE3MzcyODcuSlBH.JPG', NULL, 'SURFTlRJRklDQVRJT05fUEFOXzQyXzE2NzQ1NTE3MzcyODcuSlBH.JPG', NULL, 'Accepted', NULL, b'1', b'0', '2023-01-24 09:13:44.796000', 'DeepakShinde', 42, NULL, 'MEMBER_ONBOARD', NULL, 42, b'0'),
	(182, NULL, '2023-01-24 09:13:44.796000', 'Aadhaar card', 'IDENTIFICATION', 'IDENTIFICATION_Aadhaar card_42_1674551737293.JPG', NULL, 'http://localhost:8080/api/uploads/files/SURFTlRJRklDQVRJT05fQWFkaGFhciBjYXJkXzQyXzE2NzQ1NTE3MzcyOTMuSlBH.JPG', 'false', 'SURFTlRJRklDQVRJT05fQWFkaGFhciBjYXJkXzQyXzE2NzQ1NTE3MzcyOTMuSlBH.JPG', NULL, 'Accepted', NULL, b'1', b'0', '2023-01-24 09:13:44.796000', 'DeepakShinde', 42, NULL, 'MEMBER_ONBOARD', NULL, 42, b'0'),
	(183, NULL, '2023-01-24 09:39:14.947000', 'Photo', 'PERSONAL', 'PERSONAL_Photo_20_1674553159179.null', NULL, 'http://localhost:8080/api/uploads/files/UEVSU09OQUxfUGhvdG9fMjBfMTY3NDU1MzE1OTE3OS5udWxs', NULL, 'UEVSU09OQUxfUGhvdG9fMjBfMTY3NDU1MzE1OTE3OS5udWxs', NULL, NULL, NULL, b'0', b'0', '2023-01-24 09:39:14.947000', NULL, 20, NULL, 'GUARANTOR_ONBOARD', NULL, NULL, b'0'),
	(184, NULL, '2023-01-24 09:39:06.748000', 'Photo', 'PERSONAL', 'PERSONAL_Photo_21_1674553159219.null', NULL, 'http://localhost:8080/api/uploads/files/UEVSU09OQUxfUGhvdG9fMjFfMTY3NDU1MzE1OTIxOS5udWxs', NULL, 'UEVSU09OQUxfUGhvdG9fMjFfMTY3NDU1MzE1OTIxOS5udWxs', NULL, NULL, NULL, b'0', b'0', '2023-01-24 09:39:06.748000', NULL, 21, NULL, 'GUARANTOR_ONBOARD', NULL, NULL, b'0'),
	(185, NULL, '2023-01-24 09:40:47.312000', 'TITLE DEED', 'TITLE DEED', 'TITLE DEED_TITLE DEED_50_1674553255258.JPG', NULL, 'http://localhost:8080/api/uploads/files/VElUTEUgREVFRF9USVRMRSBERUVEXzUwXzE2NzQ1NTMyNTUyNTguSlBH.JPG', NULL, 'VElUTEUgREVFRF9USVRMRSBERUVEXzUwXzE2NzQ1NTMyNTUyNTguSlBH.JPG', NULL, 'Accepted', NULL, b'1', b'0', '2023-01-24 09:40:47.312000', 'DeepakShinde', 50, NULL, 'LOAN_ONBOARD', NULL, NULL, b'0'),
	(186, NULL, '2023-01-24 09:51:57.708000', 'Valuation Details', 'LOANAPPROVAL', 'LOANAPPROVAL_Valuation Details_50_1674554251290.JPG', NULL, 'http://localhost:8080/api/uploads/files/TE9BTkFQUFJPVkFMX1ZhbHVhdGlvbiBEZXRhaWxzXzUwXzE2NzQ1NTQyNTEyOTAuSlBH.JPG', NULL, 'TE9BTkFQUFJPVkFMX1ZhbHVhdGlvbiBEZXRhaWxzXzUwXzE2NzQ1NTQyNTEyOTAuSlBH.JPG', NULL, NULL, NULL, b'0', b'0', '2023-01-24 09:51:57.708000', NULL, 50, NULL, 'LOAN_ONBOARD', NULL, NULL, NULL),
	(187, NULL, '2023-01-27 08:23:09.420000', 'Photo', 'PERSONAL', 'PERSONAL_Photo_22_1674807802455.null', NULL, 'http://localhost:8080/api/uploads/files/UEVSU09OQUxfUGhvdG9fMjJfMTY3NDgwNzgwMjQ1NS5udWxs', NULL, 'UEVSU09OQUxfUGhvdG9fMjJfMTY3NDgwNzgwMjQ1NS5udWxs', NULL, NULL, NULL, b'0', b'0', '2023-01-27 08:23:09.420000', NULL, 22, NULL, 'GUARANTOR_ONBOARD', NULL, NULL, b'0'),
	(188, NULL, '2023-01-27 08:23:17.796000', 'Photo', 'PERSONAL', 'PERSONAL_Photo_23_1674807802455.null', NULL, 'http://localhost:8080/api/uploads/files/UEVSU09OQUxfUGhvdG9fMjNfMTY3NDgwNzgwMjQ1NS5udWxs', NULL, 'UEVSU09OQUxfUGhvdG9fMjNfMTY3NDgwNzgwMjQ1NS5udWxs', NULL, NULL, NULL, b'0', b'0', '2023-01-27 08:23:17.796000', NULL, 23, NULL, 'GUARANTOR_ONBOARD', NULL, NULL, b'0'),
	(189, NULL, '2023-01-27 08:24:23.262000', 'Photo', 'PERSONAL', 'PERSONAL_Photo_41_1674807906737.JPG', NULL, 'http://localhost:8080/api/uploads/files/UEVSU09OQUxfUGhvdG9fNDFfMTY3NDgwNzkwNjczNy5KUEc=.JPG', NULL, 'UEVSU09OQUxfUGhvdG9fNDFfMTY3NDgwNzkwNjczNy5KUEc=.JPG', NULL, NULL, NULL, b'0', b'0', '2023-01-27 08:24:23.262000', 'DineshGaikwad', 41, NULL, 'MEMBER_ONBOARD', NULL, 41, b'0'),
	(190, NULL, '2023-01-27 08:24:23.262000', 'Photo', 'PERSONAL', 'PERSONAL_Photo_41_1674807949346.JPG', NULL, 'http://localhost:8080/api/uploads/files/UEVSU09OQUxfUGhvdG9fNDFfMTY3NDgwNzk0OTM0Ni5KUEc=.JPG', NULL, 'UEVSU09OQUxfUGhvdG9fNDFfMTY3NDgwNzk0OTM0Ni5KUEc=.JPG', NULL, NULL, NULL, b'0', b'0', '2023-01-27 08:24:23.262000', 'DineshGaikwad', 41, NULL, 'MEMBER_ONBOARD', NULL, 41, b'0'),
	(191, NULL, '2023-01-27 08:24:23.262000', 'Signature', 'PERSONAL', 'PERSONAL_Signature_41_1674807949362.JPG', NULL, 'http://localhost:8080/api/uploads/files/UEVSU09OQUxfU2lnbmF0dXJlXzQxXzE2NzQ4MDc5NDkzNjIuSlBH.JPG', NULL, 'UEVSU09OQUxfU2lnbmF0dXJlXzQxXzE2NzQ4MDc5NDkzNjIuSlBH.JPG', NULL, NULL, NULL, b'0', b'0', '2023-01-27 08:24:23.262000', 'DineshGaikwad', 41, NULL, 'MEMBER_ONBOARD', NULL, 41, b'0'),
	(192, NULL, '2023-01-27 08:27:17.551000', 'TITLE DEED', 'TITLE DEED', 'TITLE DEED_TITLE DEED_49_1674808063439.JPG', NULL, 'http://localhost:8080/api/uploads/files/VElUTEUgREVFRF9USVRMRSBERUVEXzQ5XzE2NzQ4MDgwNjM0MzkuSlBH.JPG', NULL, 'VElUTEUgREVFRF9USVRMRSBERUVEXzQ5XzE2NzQ4MDgwNjM0MzkuSlBH.JPG', NULL, NULL, NULL, b'0', b'0', '2023-01-27 08:27:17.551000', 'DineshGaikwad', 49, NULL, 'LOAN_ONBOARD', NULL, NULL, NULL),
	(193, NULL, '2023-01-27 09:26:57.840000', 'Photo', 'PERSONAL', 'PERSONAL_Photo_24_1674811620619.null', NULL, 'http://localhost:8080/api/uploads/files/UEVSU09OQUxfUGhvdG9fMjRfMTY3NDgxMTYyMDYxOS5udWxs', NULL, 'UEVSU09OQUxfUGhvdG9fMjRfMTY3NDgxMTYyMDYxOS5udWxs', NULL, NULL, NULL, b'0', b'0', '2023-01-27 09:26:57.840000', NULL, 24, NULL, 'GUARANTOR_ONBOARD', NULL, NULL, b'0'),
	(194, NULL, '2023-01-27 09:26:51.707000', 'Photo', 'PERSONAL', 'PERSONAL_Photo_25_1674811620642.null', NULL, 'http://localhost:8080/api/uploads/files/UEVSU09OQUxfUGhvdG9fMjVfMTY3NDgxMTYyMDY0Mi5udWxs', NULL, 'UEVSU09OQUxfUGhvdG9fMjVfMTY3NDgxMTYyMDY0Mi5udWxs', NULL, NULL, NULL, b'0', b'0', '2023-01-27 09:26:51.707000', NULL, 25, NULL, 'GUARANTOR_ONBOARD', NULL, NULL, b'0'),
	(195, NULL, '2023-01-27 09:28:15.781000', 'TITLE DEED', 'TITLE DEED', 'TITLE DEED_TITLE DEED_51_1674811717857.JPG', NULL, 'http://localhost:8080/api/uploads/files/VElUTEUgREVFRF9USVRMRSBERUVEXzUxXzE2NzQ4MTE3MTc4NTcuSlBH.JPG', NULL, 'VElUTEUgREVFRF9USVRMRSBERUVEXzUxXzE2NzQ4MTE3MTc4NTcuSlBH.JPG', NULL, 'Accepted', NULL, b'1', b'0', '2023-01-27 09:28:15.781000', 'DeepakShinde', 51, NULL, 'LOAN_ONBOARD', NULL, NULL, b'0'),
	(196, NULL, '2023-01-30 06:54:46.145000', 'Photo', 'PERSONAL', 'PERSONAL_Photo_44_1675061835153.JPG', NULL, 'http://localhost:8080/api/uploads/files/UEVSU09OQUxfUGhvdG9fNDRfMTY3NTA2MTgzNTE1My5KUEc=.JPG', NULL, 'UEVSU09OQUxfUGhvdG9fNDRfMTY3NTA2MTgzNTE1My5KUEc=.JPG', NULL, NULL, NULL, b'0', b'0', '2023-01-30 06:54:46.145000', 'DeepakShinde', 44, NULL, 'MEMBER_ONBOARD', NULL, 44, b'0'),
	(197, NULL, '2023-01-30 06:54:46.145000', 'Photo', 'PERSONAL', 'PERSONAL_Photo_44_1675061866371.JPG', NULL, 'http://localhost:8080/api/uploads/files/UEVSU09OQUxfUGhvdG9fNDRfMTY3NTA2MTg2NjM3MS5KUEc=.JPG', NULL, 'UEVSU09OQUxfUGhvdG9fNDRfMTY3NTA2MTg2NjM3MS5KUEc=.JPG', NULL, NULL, NULL, b'0', b'0', '2023-01-30 06:54:46.145000', 'DeepakShinde', 44, NULL, 'MEMBER_ONBOARD', NULL, 44, b'0'),
	(198, NULL, '2023-01-30 06:54:46.145000', 'Signature', 'PERSONAL', 'PERSONAL_Signature_44_1675061866389.JPG', NULL, 'http://localhost:8080/api/uploads/files/UEVSU09OQUxfU2lnbmF0dXJlXzQ0XzE2NzUwNjE4NjYzODkuSlBH.JPG', NULL, 'UEVSU09OQUxfU2lnbmF0dXJlXzQ0XzE2NzUwNjE4NjYzODkuSlBH.JPG', NULL, NULL, NULL, b'0', b'0', '2023-01-30 06:54:46.145000', 'DeepakShinde', 44, NULL, 'MEMBER_ONBOARD', NULL, 44, b'0'),
	(199, NULL, '2023-01-30 06:54:46.145000', 'Aadhaar card', 'IDENTIFICATION', 'IDENTIFICATION_Aadhaar card_44_1675061967721.JPG', NULL, 'http://localhost:8080/api/uploads/files/SURFTlRJRklDQVRJT05fQWFkaGFhciBjYXJkXzQ0XzE2NzUwNjE5Njc3MjEuSlBH.JPG', 'false', 'SURFTlRJRklDQVRJT05fQWFkaGFhciBjYXJkXzQ0XzE2NzUwNjE5Njc3MjEuSlBH.JPG', NULL, NULL, NULL, b'0', b'0', '2023-01-30 06:54:46.145000', 'DeepakShinde', 44, NULL, 'MEMBER_ONBOARD', NULL, 44, b'0'),
	(200, NULL, '2023-01-30 07:00:14.548000', 'PAN', 'IDENTIFICATION', 'IDENTIFICATION_PAN_44_1675062029874.JPG', NULL, 'http://localhost:8080/api/uploads/files/SURFTlRJRklDQVRJT05fUEFOXzQ0XzE2NzUwNjIwMjk4NzQuSlBH.JPG', NULL, 'SURFTlRJRklDQVRJT05fUEFOXzQ0XzE2NzUwNjIwMjk4NzQuSlBH.JPG', NULL, NULL, NULL, b'0', b'0', '2023-01-30 07:00:14.548000', 'DeepakShinde', 44, NULL, 'MEMBER_ONBOARD', NULL, 44, b'0'),
	(201, NULL, '2023-01-30 08:53:11.796000', 'Photo', 'PERSONAL', 'PERSONAL_Photo_27_1675068801425.null', NULL, 'http://localhost:8080/api/uploads/files/UEVSU09OQUxfUGhvdG9fMjdfMTY3NTA2ODgwMTQyNS5udWxs', NULL, 'UEVSU09OQUxfUGhvdG9fMjdfMTY3NTA2ODgwMTQyNS5udWxs', NULL, NULL, NULL, b'0', b'0', '2023-01-30 08:53:11.796000', NULL, 27, NULL, 'GUARANTOR_ONBOARD', NULL, NULL, b'0'),
	(202, NULL, '2023-01-30 08:53:04.616000', 'Photo', 'PERSONAL', 'PERSONAL_Photo_26_1675068801442.null', NULL, 'http://localhost:8080/api/uploads/files/UEVSU09OQUxfUGhvdG9fMjZfMTY3NTA2ODgwMTQ0Mi5udWxs', NULL, 'UEVSU09OQUxfUGhvdG9fMjZfMTY3NTA2ODgwMTQ0Mi5udWxs', NULL, NULL, NULL, b'0', b'0', '2023-01-30 08:53:04.616000', NULL, 26, NULL, 'GUARANTOR_ONBOARD', NULL, NULL, b'0'),
	(203, NULL, '2023-01-30 09:43:11.651000', 'TITLE DEED', 'TITLE DEED', 'TITLE DEED_TITLE DEED_47_1675071823145.JPG', NULL, 'http://localhost:8080/api/uploads/files/VElUTEUgREVFRF9USVRMRSBERUVEXzQ3XzE2NzUwNzE4MjMxNDUuSlBH.JPG', NULL, 'VElUTEUgREVFRF9USVRMRSBERUVEXzQ3XzE2NzUwNzE4MjMxNDUuSlBH.JPG', NULL, 'Accepted', NULL, b'1', b'0', '2023-01-30 09:43:11.651000', 'DeepakShinde', 47, NULL, 'LOAN_ONBOARD', NULL, NULL, b'0'),
	(204, NULL, '2023-01-30 11:13:01.200000', 'Electricity bill', 'ADDRESS_PROOF', 'ADDRESS_PROOF_Electricity bill_44_1675077214673.JPG', NULL, 'http://localhost:8080/api/uploads/files/QUREUkVTU19QUk9PRl9FbGVjdHJpY2l0eSBiaWxsXzQ0XzE2NzUwNzcyMTQ2NzMuSlBH.JPG', NULL, 'QUREUkVTU19QUk9PRl9FbGVjdHJpY2l0eSBiaWxsXzQ0XzE2NzUwNzcyMTQ2NzMuSlBH.JPG', NULL, 'Accepted', NULL, b'1', b'0', '2023-01-30 11:13:01.200000', 'DeepakShinde', 44, NULL, 'MEMBER_ONBOARD', NULL, 44, b'0'),
	(205, NULL, '2023-01-30 11:13:01.200000', 'Electricity bill', 'ADDRESS_PROOF', 'ADDRESS_PROOF_Electricity bill_44_1675077255280.JPG', NULL, 'http://localhost:8080/api/uploads/files/QUREUkVTU19QUk9PRl9FbGVjdHJpY2l0eSBiaWxsXzQ0XzE2NzUwNzcyNTUyODAuSlBH.JPG', NULL, 'QUREUkVTU19QUk9PRl9FbGVjdHJpY2l0eSBiaWxsXzQ0XzE2NzUwNzcyNTUyODAuSlBH.JPG', NULL, 'Accepted', NULL, b'1', b'0', '2023-01-30 11:13:01.200000', 'DeepakShinde', 44, NULL, 'MEMBER_ONBOARD', NULL, 44, b'0'),
	(206, NULL, '2023-01-30 11:13:01.200000', 'Property Document', 'ADDRESS_PROOF', 'ADDRESS_PROOF_Property Document_44_1675077255292.JPG', NULL, 'http://localhost:8080/api/uploads/files/QUREUkVTU19QUk9PRl9Qcm9wZXJ0eSBEb2N1bWVudF80NF8xNjc1MDc3MjU1MjkyLkpQRw==.JPG', NULL, 'QUREUkVTU19QUk9PRl9Qcm9wZXJ0eSBEb2N1bWVudF80NF8xNjc1MDc3MjU1MjkyLkpQRw==.JPG', NULL, 'Accepted', NULL, b'1', b'0', '2023-01-30 11:13:01.200000', 'DeepakShinde', 44, NULL, 'MEMBER_ONBOARD', NULL, 44, b'0'),
	(207, NULL, '2023-01-31 05:41:35.650000', 'Photo', 'PERSONAL', 'PERSONAL_Photo_28_1675143768619.null', NULL, 'http://localhost:8080/api/uploads/files/UEVSU09OQUxfUGhvdG9fMjhfMTY3NTE0Mzc2ODYxOS5udWxs', NULL, 'UEVSU09OQUxfUGhvdG9fMjhfMTY3NTE0Mzc2ODYxOS5udWxs', NULL, NULL, NULL, b'0', b'0', '2023-01-31 05:41:35.650000', NULL, 28, NULL, 'GUARANTOR_ONBOARD', NULL, NULL, b'0'),
	(208, NULL, '2023-01-31 05:40:48.270000', 'Photo', 'PERSONAL', 'PERSONAL_Photo_29_1675143768630.null', NULL, 'http://localhost:8080/api/uploads/files/UEVSU09OQUxfUGhvdG9fMjlfMTY3NTE0Mzc2ODYzMC5udWxs', NULL, 'UEVSU09OQUxfUGhvdG9fMjlfMTY3NTE0Mzc2ODYzMC5udWxs', NULL, NULL, NULL, b'0', b'0', '2023-01-31 05:40:48.270000', NULL, 29, NULL, 'GUARANTOR_ONBOARD', NULL, NULL, b'0'),
	(209, NULL, '2023-01-31 05:42:55.533000', 'TITLE DEED', 'TITLE DEED', 'TITLE DEED_TITLE DEED_52_1675143821718.JPG', NULL, 'http://localhost:8080/api/uploads/files/VElUTEUgREVFRF9USVRMRSBERUVEXzUyXzE2NzUxNDM4MjE3MTguSlBH.JPG', NULL, 'VElUTEUgREVFRF9USVRMRSBERUVEXzUyXzE2NzUxNDM4MjE3MTguSlBH.JPG', NULL, NULL, NULL, b'0', b'0', '2023-01-31 05:42:55.533000', NULL, 52, NULL, 'LOAN_ONBOARD', NULL, NULL, NULL),
	(210, NULL, '2023-02-02 11:39:14.248000', 'Photo', 'PERSONAL', 'PERSONAL_Photo_17_1675337991994.null', NULL, 'http://localhost:8080/api/uploads/files/UEVSU09OQUxfUGhvdG9fMTdfMTY3NTMzNzk5MTk5NC5udWxs', NULL, 'UEVSU09OQUxfUGhvdG9fMTdfMTY3NTMzNzk5MTk5NC5udWxs', NULL, NULL, NULL, b'0', b'0', '2023-02-02 11:39:14.248000', NULL, 17, NULL, 'GUARANTOR_ONBOARD', NULL, NULL, b'0'),
	(211, NULL, '2023-02-02 11:39:22.455000', 'Photo', 'PERSONAL', 'PERSONAL_Photo_19_1675337991994.null', NULL, 'http://localhost:8080/api/uploads/files/UEVSU09OQUxfUGhvdG9fMTlfMTY3NTMzNzk5MTk5NC5udWxs', NULL, 'UEVSU09OQUxfUGhvdG9fMTlfMTY3NTMzNzk5MTk5NC5udWxs', NULL, NULL, NULL, b'0', b'0', '2023-02-02 11:39:22.455000', NULL, 19, NULL, 'GUARANTOR_ONBOARD', NULL, NULL, b'0'),
	(212, NULL, '2023-02-02 11:38:47.162000', 'Thumb Impression', 'PERSONAL', 'PERSONAL_Thumb Impression_41_1675341417043.JPG', NULL, 'http://localhost:8080/api/uploads/files/UEVSU09OQUxfVGh1bWIgSW1wcmVzc2lvbl80MV8xNjc1MzQxNDE3MDQzLkpQRw==.JPG', NULL, 'UEVSU09OQUxfVGh1bWIgSW1wcmVzc2lvbl80MV8xNjc1MzQxNDE3MDQzLkpQRw==.JPG', NULL, NULL, NULL, b'0', b'0', '2023-02-02 11:38:47.162000', NULL, 41, NULL, 'MEMBER_ONBOARD', NULL, 41, b'0'),
	(213, NULL, '2023-02-02 13:09:28.887000', 'Valuation Details', 'LOANAPPROVAL', 'LOANAPPROVAL_Valuation Details_51_1675343548887.JPG', NULL, 'http://localhost:8080/api/uploads/files/TE9BTkFQUFJPVkFMX1ZhbHVhdGlvbiBEZXRhaWxzXzUxXzE2NzUzNDM1NDg4ODcuSlBH.JPG', NULL, 'TE9BTkFQUFJPVkFMX1ZhbHVhdGlvbiBEZXRhaWxzXzUxXzE2NzUzNDM1NDg4ODcuSlBH.JPG', NULL, NULL, NULL, b'0', b'0', '2023-02-02 13:09:28.887000', NULL, 51, NULL, 'LOAN_ONBOARD', NULL, NULL, NULL);
/*!40000 ALTER TABLE `documents` ENABLE KEYS */;

-- Dumping structure for table los_db.employement_details
CREATE TABLE IF NOT EXISTS `employement_details` (
  `id` bigint(20) NOT NULL AUTO_INCREMENT,
  `business_reg_no` varchar(255) DEFAULT NULL,
  `comp_owner_ship` double DEFAULT NULL,
  `constitution_type` varchar(255) DEFAULT NULL,
  `created_by` varchar(255) DEFAULT NULL,
  `created_on` datetime(6) DEFAULT NULL,
  `designation` varchar(255) DEFAULT NULL,
  `duration` varchar(255) DEFAULT NULL,
  `employer_add` varchar(255) DEFAULT NULL,
  `employer_name` varchar(255) DEFAULT NULL,
  `free_field_1` varchar(255) DEFAULT NULL,
  `free_field_2` varchar(255) DEFAULT NULL,
  `free_field_3` varchar(255) DEFAULT NULL,
  `free_field_4` varchar(255) DEFAULT NULL,
  `free_field_5` varchar(255) DEFAULT NULL,
  `free_field_6` varchar(255) DEFAULT NULL,
  `industry_type` varchar(255) DEFAULT NULL,
  `is_deleted` bit(1) DEFAULT NULL,
  `last_modified` datetime(6) DEFAULT NULL,
  `last_modified_by` varchar(255) DEFAULT NULL,
  `org_type` varchar(255) DEFAULT NULL,
  `partner_name_1` varchar(255) DEFAULT NULL,
  `partner_name_2` varchar(255) DEFAULT NULL,
  `partner_name_3` varchar(255) DEFAULT NULL,
  `prev_company_name` varchar(255) DEFAULT NULL,
  `prev_companyduration` varchar(255) DEFAULT NULL,
  `status` varchar(255) DEFAULT NULL,
  `type` varchar(255) DEFAULT NULL,
  `member_id` bigint(20) DEFAULT NULL,
  `guarantor_id` bigint(20) DEFAULT NULL,
  `address_id` bigint(20) DEFAULT NULL,
  PRIMARY KEY (`id`),
  UNIQUE KEY `UK_gpcod0mvwl0i3jn3tx50od6l1` (`business_reg_no`),
  UNIQUE KEY `UK_hmc8k9uugr42a5oy1a7f4pvv4` (`address_id`),
  KEY `FKh8urdiiuf15q6u2ws1s5wfs6v` (`member_id`),
  KEY `guarantor_id` (`guarantor_id`),
  CONSTRAINT `FKfnse5ftvct14j84yjccyonjpx` FOREIGN KEY (`address_id`) REFERENCES `address` (`id`),
  CONSTRAINT `FKh8urdiiuf15q6u2ws1s5wfs6v` FOREIGN KEY (`member_id`) REFERENCES `member` (`id`),
  CONSTRAINT `fk_employment_details_guarantor_id` FOREIGN KEY (`guarantor_id`) REFERENCES `guarantor` (`id`)
) ENGINE=InnoDB AUTO_INCREMENT=32 DEFAULT CHARSET=latin1;

-- Dumping data for table los_db.employement_details: ~21 rows (approximately)
DELETE FROM `employement_details`;
/*!40000 ALTER TABLE `employement_details` DISABLE KEYS */;
INSERT INTO `employement_details` (`id`, `business_reg_no`, `comp_owner_ship`, `constitution_type`, `created_by`, `created_on`, `designation`, `duration`, `employer_add`, `employer_name`, `free_field_1`, `free_field_2`, `free_field_3`, `free_field_4`, `free_field_5`, `free_field_6`, `industry_type`, `is_deleted`, `last_modified`, `last_modified_by`, `org_type`, `partner_name_1`, `partner_name_2`, `partner_name_3`, `prev_company_name`, `prev_companyduration`, `status`, `type`, `member_id`, `guarantor_id`, `address_id`) VALUES
	(3, '87654444', 0, 'SOLE_PROPRIETOR', 'string', '2022-10-11 09:51:14.670000', 'string', 'string', 'string', 'string', 'string', 'string', 'string', 'string', 'string', 'string', 'MANUFACTURING', b'1', '2022-10-11 09:51:14.670000', 'string', 'GOVERNMENT_SECTOR', 'string', 'string', 'string', 'string', 'string', 'REGULAR', 'SALARIED', 7, NULL, NULL),
	(5, '456777788', 0, 'SOLE_PROPRIETOR', 'string', '2022-10-12 10:41:04.141000', 'developer', 'string', 'string', 'Vishwaguru', 'string', 'string', 'string', 'string', 'string', 'string', 'MANUFACTURING', b'1', '2022-10-12 10:41:04.141000', 'string', 'GOVERNMENT_SECTOR', 'string', 'string', 'string', 'string', 'string', 'REGULAR', 'SALARIED', 1, NULL, NULL),
	(6, '123232323', 0, 'SOLE_PROPRIETOR', 'string', '2022-10-12 10:41:04.141000', 'developer', 'string', 'string', 'Vishwaguru', 'string', 'string', 'string', 'string', 'string', 'string', 'MANUFACTURING', b'1', '2022-10-12 10:41:04.141000', 'string', 'GOVERNMENT_SECTOR', 'string', 'string', 'string', 'string', 'string', 'REGULAR', 'SALARIED', 15, NULL, NULL),
	(7, NULL, NULL, NULL, NULL, NULL, 'Software Developer', NULL, 'Pallod Farm', 'VgInfotech', NULL, '2022-12-01T12:30:00.000Z', 'Rushi', '9345678978', NULL, NULL, NULL, NULL, NULL, NULL, 'PRIVATE_SECTOR', NULL, NULL, NULL, NULL, '1', 'REGULAR', 'SALARIED', 20, NULL, NULL),
	(8, NULL, NULL, NULL, NULL, NULL, 'Teacher', NULL, 'Shendra', 'Wokard global school', NULL, '2022-10-31T18:30:00.000Z', 'Dinesh', '9876535357', NULL, NULL, NULL, NULL, NULL, NULL, 'GOVERNMENT_SECTOR', NULL, NULL, NULL, NULL, '5', 'PROBATION', 'SALARIED', 21, NULL, NULL),
	(9, NULL, NULL, NULL, NULL, NULL, 'dsffs', NULL, 'pallod farm', 'vginfotech', NULL, NULL, NULL, NULL, NULL, NULL, NULL, NULL, NULL, NULL, 'PRIVATE_SECTOR', NULL, NULL, NULL, NULL, '3', 'REGULAR', 'SALARIED', 22, NULL, NULL),
	(10, NULL, NULL, NULL, NULL, NULL, 'Software Developer', NULL, 'Pallod Farm', 'Vgtech', NULL, '2019-01-08T06:30:00.000Z', 'Jhkjhkjhkj', '8888897847', NULL, NULL, NULL, NULL, NULL, NULL, 'PUBLIC_SECTOR', NULL, NULL, NULL, NULL, '4', 'TEMPORARY', 'PROFESSIONAL', 13, NULL, NULL),
	(11, NULL, NULL, NULL, NULL, NULL, 'Junior software dev', NULL, 'Behind Indigo Paints ,Baner,Pune', 'VishwaGuru Infotech', NULL, NULL, NULL, NULL, NULL, NULL, NULL, NULL, NULL, NULL, 'LOCAL_INDUSTRY', NULL, NULL, NULL, NULL, '1 year', 'REGULAR', 'SALARIED', 23, NULL, NULL),
	(12, NULL, NULL, NULL, NULL, NULL, 'Angular', NULL, 'Pollad farm Baner', 'VGTech baner', '2020-11-12T18:30:00.000Z', NULL, NULL, NULL, NULL, NULL, NULL, NULL, NULL, NULL, 'PRIVATE_SECTOR', NULL, NULL, NULL, NULL, '2', 'REGULAR', 'SALARIED', 26, NULL, NULL),
	(13, NULL, NULL, NULL, NULL, NULL, 'Angular', NULL, 'Pollad farm Baner', 'Subhash Gaikwad', '2021-11-12T18:30:00.000Z', NULL, NULL, NULL, NULL, NULL, NULL, NULL, NULL, NULL, 'PRIVATE_SECTOR', NULL, NULL, NULL, NULL, '1', 'REGULAR', 'SALARIED', 25, NULL, NULL),
	(14, NULL, NULL, NULL, NULL, NULL, 'Angular', NULL, NULL, 'Subhash Gaikwad', NULL, '2021-12-16T18:30:00.000Z', 'zsgdhfjgkhl', '2345678902', NULL, NULL, NULL, NULL, NULL, NULL, 'GOVERNMENT_SECTOR', NULL, NULL, NULL, NULL, '2', 'REGULAR', 'SALARIED', 27, NULL, NULL),
	(15, NULL, NULL, NULL, NULL, NULL, 'Angular', NULL, NULL, 'Rushikesh Khandke', NULL, '2021-02-04T00:30:00.000Z', 'Ramesh', '8880202667', NULL, NULL, NULL, NULL, NULL, NULL, 'GOVERNMENT_SECTOR', NULL, NULL, NULL, NULL, '2', 'REGULAR', 'SALARIED', 28, NULL, NULL),
	(16, NULL, NULL, NULL, NULL, NULL, 'Software engineer', NULL, NULL, 'Infotech', NULL, '2021-11-30T18:30:00.000Z', 'Rushi', '9345678978', NULL, NULL, NULL, NULL, NULL, NULL, 'PRIVATE_SECTOR', NULL, NULL, NULL, NULL, '1', 'REGULAR', 'SALARIED', 24, NULL, NULL),
	(17, NULL, NULL, NULL, NULL, NULL, 'Software engineer', NULL, NULL, 'Infotech', NULL, '2021-11-30T18:30:00.000Z', 'Rushi', '9345678978', NULL, NULL, NULL, NULL, NULL, NULL, 'PRIVATE_SECTOR', NULL, NULL, NULL, NULL, '1', 'REGULAR', 'SALARIED', 24, NULL, NULL),
	(18, NULL, NULL, NULL, NULL, NULL, 'Store keeper', NULL, NULL, 'Dhanya Store', NULL, '2021-11-30T18:30:00.000Z', 'Rushi', '9340000008', NULL, NULL, NULL, NULL, NULL, NULL, 'PRIVATE_SECTOR', NULL, NULL, NULL, NULL, '1', 'REGULAR', 'SALARIED', 29, NULL, NULL),
	(19, NULL, 80, 'SOLE_PROPRIETOR', NULL, NULL, 'SEdds', NULL, NULL, 'kjhkjhjk', NULL, '2017-01-16T00:30:00.000Z', 'Deepak', '9543838292', NULL, 'Farmer choice', 'SERVICE_INDUSTRY', NULL, NULL, NULL, 'PRIVATE_SECTOR', NULL, NULL, NULL, NULL, '9', 'REGULAR', 'SALARIED', 30, NULL, NULL),
	(20, NULL, NULL, NULL, NULL, NULL, 'Store keeper', NULL, NULL, 'VishwaGuru', NULL, '2022-12-02T06:30:00.000Z', 'Rushi', '9340000005', NULL, NULL, NULL, NULL, NULL, NULL, 'PRIVATE_SECTOR', NULL, NULL, NULL, NULL, '1', 'TRAINEE', 'SALARIED', 14, NULL, NULL),
	(21, NULL, 100, 'INDIVIDUAL', NULL, NULL, NULL, NULL, NULL, NULL, NULL, NULL, 'Dinesh', '7456789999', 'ASGAY-WR-34-5347647', 'Farmer choice Complax', 'SERVICE_INDUSTRY', NULL, NULL, NULL, NULL, NULL, NULL, NULL, NULL, NULL, NULL, 'BUSINESS', 39, NULL, NULL),
	(22, NULL, NULL, NULL, NULL, NULL, 'jhkjhkjh', NULL, NULL, 'kjhkjhjk', NULL, '2009-01-03T12:30:00.000Z', 'Jhkjhkjhkj', '8888897847', NULL, NULL, NULL, NULL, NULL, NULL, 'PUBLIC_SECTOR', NULL, NULL, NULL, NULL, '9', 'REGULAR', 'SALARIED', 40, NULL, NULL),
	(26, NULL, NULL, NULL, NULL, NULL, 'jhkjhkjh', NULL, NULL, 'kjhkjhjk', NULL, '2013-01-03T12:30:00.000Z', 'Jhkjhkjhkj', '8888897847', NULL, NULL, NULL, NULL, NULL, NULL, 'GOVERNMENT_SECTOR', NULL, NULL, NULL, NULL, '9', 'REGULAR', 'SALARIED', 41, NULL, NULL),
	(30, NULL, 77, 'SOLE_PROPRIETOR', NULL, NULL, NULL, NULL, NULL, NULL, NULL, NULL, 'Jhkjhkjhkj', '8787787876', 'AGRTY-HU-98-7654399', 'kjhjkh', 'MANUFACTURING', NULL, NULL, NULL, NULL, NULL, NULL, NULL, NULL, NULL, NULL, 'BUSINESS', 42, NULL, NULL),
	(31, NULL, NULL, NULL, NULL, NULL, 'jhkjhkjh', NULL, NULL, 'kjhkjhjk', NULL, '2010-01-09T12:30:00.000Z', 'Jhkjhkjhkj', '8888897847', NULL, NULL, NULL, NULL, NULL, NULL, 'GOVERNMENT_SECTOR', NULL, NULL, NULL, NULL, '9', 'REGULAR', 'SALARIED', 44, NULL, NULL);
/*!40000 ALTER TABLE `employement_details` ENABLE KEYS */;

-- Dumping structure for table los_db.enquiry_details
CREATE TABLE IF NOT EXISTS `enquiry_details` (
  `id` bigint(20) NOT NULL AUTO_INCREMENT,
  `amount` double DEFAULT NULL,
  `customer_name` varchar(255) DEFAULT NULL,
  `free_field_1` varchar(255) DEFAULT NULL,
  `free_field_2` varchar(255) DEFAULT NULL,
  `free_field_3` varchar(255) DEFAULT NULL,
  `free_field_4` varchar(255) DEFAULT NULL,
  `is_active` bit(1) DEFAULT NULL,
  `is_deleted` bit(1) DEFAULT NULL,
  `last_modified` datetime(6) DEFAULT NULL,
  `last_modified_by` varchar(255) DEFAULT NULL,
  `mobile_no` varchar(255) DEFAULT NULL,
  `purpose` varchar(255) DEFAULT NULL,
  `refrence_no` varchar(255) DEFAULT NULL,
  `sub_name` varchar(255) DEFAULT NULL,
  `city_id` bigint(20) DEFAULT NULL,
  `district_id` bigint(20) DEFAULT NULL,
  `product_id` bigint(20) DEFAULT NULL,
  `state_id` bigint(20) DEFAULT NULL,
  `taluka_id` bigint(20) DEFAULT NULL,
  PRIMARY KEY (`id`),
  KEY `FKk0bfx12sy0d0ttxe6kkijllns` (`city_id`),
  KEY `FK4sxelbwy2805rfeekqil4max8` (`district_id`),
  KEY `FK5g52o1vr5dygk4jgifnroqtvb` (`product_id`),
  KEY `FKbqdaplcww1d14jfanbbxbg0v4` (`state_id`),
  KEY `FKbwc4paw1jfaa3n6as6j8yxo39` (`taluka_id`),
  CONSTRAINT `FK4sxelbwy2805rfeekqil4max8` FOREIGN KEY (`district_id`) REFERENCES `district` (`id`),
  CONSTRAINT `FK5g52o1vr5dygk4jgifnroqtvb` FOREIGN KEY (`product_id`) REFERENCES `product` (`id`),
  CONSTRAINT `FKbqdaplcww1d14jfanbbxbg0v4` FOREIGN KEY (`state_id`) REFERENCES `state` (`id`),
  CONSTRAINT `FKbwc4paw1jfaa3n6as6j8yxo39` FOREIGN KEY (`taluka_id`) REFERENCES `taluka` (`id`),
  CONSTRAINT `FKk0bfx12sy0d0ttxe6kkijllns` FOREIGN KEY (`city_id`) REFERENCES `city` (`id`)
) ENGINE=InnoDB DEFAULT CHARSET=latin1;

-- Dumping data for table los_db.enquiry_details: ~0 rows (approximately)
DELETE FROM `enquiry_details`;
/*!40000 ALTER TABLE `enquiry_details` DISABLE KEYS */;
/*!40000 ALTER TABLE `enquiry_details` ENABLE KEYS */;

-- Dumping structure for table los_db.epay
CREATE TABLE IF NOT EXISTS `epay` (
  `id` bigint(20) NOT NULL AUTO_INCREMENT,
  `account_no` varchar(255) DEFAULT NULL,
  `account_type` varchar(255) DEFAULT NULL,
  `bank_branch_code` varchar(255) DEFAULT NULL,
  `bank_code` varchar(255) DEFAULT NULL,
  `deposit_bank` varchar(255) DEFAULT NULL,
  `dt_from_date` date DEFAULT NULL,
  `dt_to_date` date DEFAULT NULL,
  `free_field_1` varchar(255) DEFAULT NULL,
  `free_field_2` varchar(255) DEFAULT NULL,
  `free_field_3` varchar(255) DEFAULT NULL,
  `free_field_4` varchar(255) DEFAULT NULL,
  `frequency` varchar(255) DEFAULT NULL,
  `ifsc_code` varchar(255) DEFAULT NULL,
  `installment_amount` double DEFAULT NULL,
  `instrument_type` varchar(255) DEFAULT NULL,
  `is_active` bit(1) DEFAULT NULL,
  `is_deleted` bit(1) DEFAULT NULL,
  `last_modified` datetime(6) DEFAULT NULL,
  `last_modified_by` varchar(255) DEFAULT NULL,
  `mandate_ref_no` varchar(255) DEFAULT NULL,
  `mandate_type` varchar(255) DEFAULT NULL,
  `max_ceil_amount` double DEFAULT NULL,
  `max_installment_amount` double DEFAULT NULL,
  `utr_no` varchar(255) DEFAULT NULL,
  PRIMARY KEY (`id`)
) ENGINE=InnoDB DEFAULT CHARSET=latin1;

-- Dumping data for table los_db.epay: ~0 rows (approximately)
DELETE FROM `epay`;
/*!40000 ALTER TABLE `epay` DISABLE KEYS */;
/*!40000 ALTER TABLE `epay` ENABLE KEYS */;

-- Dumping structure for table los_db.guarantor
CREATE TABLE IF NOT EXISTS `guarantor` (
  `id` bigint(20) NOT NULL AUTO_INCREMENT,
  `aadhar_card_no` varchar(255) DEFAULT NULL,
  `created_by` varchar(255) DEFAULT NULL,
  `created_on` datetime(6) DEFAULT NULL,
  `dob` date DEFAULT NULL,
  `email` varchar(255) DEFAULT NULL,
  `employer_name_add` varchar(255) DEFAULT NULL,
  `first_name` varchar(255) DEFAULT NULL,
  `free_field_1` varchar(255) DEFAULT NULL,
  `free_field_2` varchar(255) DEFAULT NULL,
  `free_field_3` varchar(255) DEFAULT NULL,
  `free_field_4` varchar(255) DEFAULT NULL,
  `profile_url` varchar(255) DEFAULT NULL,
  `free_field_6` varchar(255) DEFAULT NULL,
  `gender` varchar(255) DEFAULT NULL,
  `gross_annual_inc` double DEFAULT NULL,
  `has_adhar_verified` bit(1) DEFAULT NULL,
  `has_pan_verified` bit(1) DEFAULT NULL,
  `house_owner` varchar(255) DEFAULT NULL,
  `is_active` bit(1) DEFAULT NULL,
  `is_deleted` bit(1) DEFAULT NULL,
  `is_income_tax_payer` bit(1) DEFAULT NULL,
  `last_modified` datetime(6) DEFAULT NULL,
  `last_modified_by` varchar(255) DEFAULT NULL,
  `last_name` varchar(255) DEFAULT NULL,
  `marital_status` varchar(255) DEFAULT NULL,
  `membership_no` varchar(255) DEFAULT NULL,
  `middle_name` varchar(255) DEFAULT NULL,
  `mobile_no` varchar(255) DEFAULT NULL,
  `net_income` double DEFAULT NULL,
  `number_of_assets` int(11) DEFAULT NULL,
  `occupation` varchar(255) DEFAULT NULL,
  `otherlibil_amt` double DEFAULT NULL,
  `otherlibil_type` varchar(255) DEFAULT NULL,
  `pan_card` varchar(255) DEFAULT NULL,
  `soclibil_amt` double DEFAULT NULL,
  `soclibil_type` varchar(255) DEFAULT NULL,
  `title` varchar(255) DEFAULT NULL,
  `member_id` bigint(20) DEFAULT NULL,
  `age` bigint(20) DEFAULT NULL,
  `business_registration` varchar(255) DEFAULT NULL,
  `constitution_type` varchar(255) DEFAULT NULL,
  `designation` varchar(255) DEFAULT NULL,
  `nature_of_business` varchar(255) DEFAULT NULL,
  `address` varchar(255) DEFAULT NULL,
  `loan_applications_id` bigint(20) DEFAULT NULL,
  PRIMARY KEY (`id`),
  UNIQUE KEY `UK_qg8v02i3ks0d6lqvjn6hdfr9i` (`aadhar_card_no`),
  UNIQUE KEY `UK_nd49lky2707cenw5a462yxars` (`membership_no`),
  UNIQUE KEY `UK_qa9bdv3ar7jdjj4w0rvonajmc` (`pan_card`),
  KEY `FK2ug5dduqdxasgiixynb3wya4o` (`member_id`),
  KEY `FKhdfk7d1meaadddh2c22gdxjju` (`loan_applications_id`),
  CONSTRAINT `FK2ug5dduqdxasgiixynb3wya4o` FOREIGN KEY (`member_id`) REFERENCES `member` (`id`),
  CONSTRAINT `FKhdfk7d1meaadddh2c22gdxjju` FOREIGN KEY (`loan_applications_id`) REFERENCES `loan_applications` (`id`)
) ENGINE=InnoDB AUTO_INCREMENT=30 DEFAULT CHARSET=latin1;

-- Dumping data for table los_db.guarantor: ~19 rows (approximately)
DELETE FROM `guarantor`;
/*!40000 ALTER TABLE `guarantor` DISABLE KEYS */;
INSERT INTO `guarantor` (`id`, `aadhar_card_no`, `created_by`, `created_on`, `dob`, `email`, `employer_name_add`, `first_name`, `free_field_1`, `free_field_2`, `free_field_3`, `free_field_4`, `profile_url`, `free_field_6`, `gender`, `gross_annual_inc`, `has_adhar_verified`, `has_pan_verified`, `house_owner`, `is_active`, `is_deleted`, `is_income_tax_payer`, `last_modified`, `last_modified_by`, `last_name`, `marital_status`, `membership_no`, `middle_name`, `mobile_no`, `net_income`, `number_of_assets`, `occupation`, `otherlibil_amt`, `otherlibil_type`, `pan_card`, `soclibil_amt`, `soclibil_type`, `title`, `member_id`, `age`, `business_registration`, `constitution_type`, `designation`, `nature_of_business`, `address`, `loan_applications_id`) VALUES
	(4, '883802720873', 'DineshGaikwad', '2022-12-20 15:35:04.000000', '1982-11-16', 'somesh11@gmail.com', '7763,Mangalwar peth satara', 'somesh', NULL, NULL, NULL, NULL, NULL, NULL, 'MALE', 20000, b'0', b'0', 'somesh', b'0', b'0', b'0', '2022-11-30 06:15:06.250000', 'DineshGaikwad', 'bongane', 'MARRIED', '309283098209', 'sanjay ', '8383838333', 100000, 1, 'SALARIED', 22133, 'yghbjb', 'KHUGR9999P', 783838, 'hsjkfhakjh', 'MR', 26, 89, '9939393939', 'PARTNERSHIP', 'isfwuy89y', 'water', 'dywqud', 35),
	(5, '838203872097', 'DineshGaikwad', '2022-12-20 15:35:06.000000', '1966-11-16', 'sunita@gmail.com', '766,Mangalwar peth satara', 'sunita', NULL, NULL, NULL, NULL, NULL, NULL, 'MALE', 793030, b'0', b'0', 'sunita', b'0', b'0', b'0', '2022-11-30 06:15:06.251000', 'DineshGaikwad', 'awate', 'MARRIED', '837283702222', 'sunil', '8929282737', 34000, 1, 'SELF_EMPLOYED', 2342343, 'hdjkbjkd', 'KHUGR9499P', 8237287, 'sdfssv', 'MRS', 26, 77, '3820320980', 'INDIVIDUAL', 'ownwer of cloths', 'cloths', 'yduyyd', 35),
	(8, '********3545', 'DeepakShinde', '2022-12-21 09:54:37.718000', '1997-10-13', 'dependra@gmail.com', 'Dhanya store', 'Dependra', NULL, NULL, NULL, NULL, NULL, NULL, 'MALE', 1500000, b'0', b'0', 'yes', b'0', b'0', b'0', '2022-12-21 10:42:13.401000', 'DeepakShinde', 'Patil', 'SINGLE', '8240004122', 'Sunder', '8786876877', 1200000, 3, 'SALARIED', NULL, NULL, 'LLRUY9897P', 1500000, 'LAP', 'MR', 26, 25, NULL, 'PVT_LTD_COMPANY', 'Store keeper', NULL, NULL, 39),
	(9, '********6658', 'DeepakShinde', '2022-12-21 09:54:37.723000', '2002-12-12', 'sandhya@gmail.com', 'Genpact ', 'Sandhya', NULL, NULL, NULL, NULL, NULL, NULL, 'FEMALE', 1300000, b'0', b'0', 'No', b'0', b'0', b'0', '2022-12-21 10:42:13.404000', 'DeepakShinde', 'Shinde', 'MARRIED', '78656568', 'Dhanajay', '8765432676', 1150000, 1, 'SALARIED', NULL, NULL, 'PATWQ4566A', NULL, NULL, 'MRS', 26, 20, NULL, 'PVT_LTD_COMPANY', 'HR', NULL, NULL, 39),
	(10, '898886757858', 'DeepakShinde', '2023-01-02 12:37:40.178000', '2004-12-31', 'subhash@gmail.com', 'Dhanya store', 'Swapnil', NULL, NULL, NULL, NULL, NULL, NULL, 'MALE', 1500000, b'0', b'0', 'yes', b'0', b'0', b'0', '2023-01-02 12:45:14.947000', 'DeepakShinde', 'patil', 'MARRIED', '8887858578', 'Deepak', '9876543344', 1200000, 3, 'BUSINESS', NULL, NULL, 'PATST6769L', NULL, NULL, 'MR', 39, 18, NULL, NULL, 'Store keeper', NULL, NULL, 42),
	(11, '874388488448', 'DeepakShinde', '2023-01-02 12:37:40.178000', '2000-12-15', 'sandhya@gmail.com', 'Genpact ', 'Sandhya', NULL, NULL, NULL, NULL, NULL, NULL, 'FEMALE', 1300000, b'0', b'0', 'Yes', b'0', b'0', b'0', '2023-01-02 12:45:14.960000', 'DeepakShinde', 'Shinde', 'MARRIED', '7475885858', NULL, '7658685855', 1150000, 1, 'SALARIED', NULL, NULL, 'PANWQ4166A', NULL, NULL, 'MR', 39, 22, NULL, NULL, 'HR', NULL, NULL, 42),
	(14, '675675765767', 'DeepakShinde', '2023-01-03 09:17:05.582000', '1995-10-20', 'aarohi.shitole@gmail.com', '', 'Aarti', NULL, NULL, NULL, NULL, NULL, NULL, 'MALE', 4645455, b'0', b'0', 'asdsadsa', b'0', b'0', b'0', '2023-01-06 09:33:32.411000', 'DeepakShinde', 'Kkjkl', 'WIDOW', '7678877867', 'Kjk', '8888897847', 3666666, NULL, NULL, NULL, NULL, 'KSKSK2929P', NULL, NULL, 'MR', 40, 27, NULL, NULL, NULL, NULL, NULL, 45),
	(16, '656565656556', 'DeepakShinde', '2023-01-04 05:19:05.894000', '2004-01-04', 'aarohi.shitole@gmail.com', '', 'Heena', NULL, NULL, NULL, NULL, NULL, NULL, 'MALE', 888777, b'0', b'0', 'Kjkljlk', b'0', b'0', b'0', '2023-01-06 09:33:32.414000', 'DeepakShinde', 'Khan', 'MARRIED', '7676768767', 'Jkhkj', '8888897847', 677888, NULL, NULL, NULL, NULL, 'GGWWA5434R', NULL, NULL, 'MR', 40, 19, NULL, NULL, NULL, NULL, NULL, 45),
	(17, '675675765700', 'DineshGaikwad', '2023-01-09 09:51:45.173000', '2005-01-02', 'aarohi.shitole@gmail.com', '', 'Komal', NULL, NULL, NULL, NULL, 'http://localhost:8080/api/uploads/files/UEVSU09OQUxfUGhvdG9fMTdfMTY3NTMzNzk5MTk5NC5udWxs', NULL, 'MALE', 3230, b'0', b'0', 'asdsadsa', b'0', b'0', b'0', '2023-02-02 11:39:51.782000', 'DineshGaikwad', 'Jain', 'MARRIED', '8886661111', 'Yyuuiy', '8888897847', 3100, 1, 'SALARIED', NULL, NULL, 'LLWLK2312P', NULL, NULL, 'MR', 41, 18, NULL, NULL, NULL, NULL, NULL, 46),
	(19, '876677445555', 'DineshGaikwad', '2023-01-09 09:51:45.174000', '2005-01-01', 'aarohi.shitole@gmail.com', '', 'Jeesha', NULL, NULL, NULL, NULL, 'http://localhost:8080/api/uploads/files/UEVSU09OQUxfUGhvdG9fMTlfMTY3NTMzNzk5MTk5NC5udWxs', NULL, 'MALE', 5644, b'0', b'0', 'Hrishi', b'0', b'0', b'0', '2023-02-02 11:39:51.783000', 'DineshGaikwad', 'Khan', 'MARRIED', '8787777777', 'Kjkkjk', '8888897847', 5400, NULL, 'SALARIED', NULL, NULL, 'KRDET7856L', NULL, NULL, 'MR', 41, 18, NULL, NULL, NULL, NULL, NULL, 46),
	(20, '876677777777', 'DineshGaikwad', '2023-01-24 09:32:35.994000', '2003-01-06', 'aarohi.shitole@gmail.com', 'lklkkkl', 'Jhjhj', NULL, NULL, NULL, NULL, 'http://localhost:8080/api/uploads/files/UEVSU09OQUxfUGhvdG9fMjBfMTY3NDU1MzE1OTE3OS5udWxs', NULL, 'FEMALE', 120000, b'0', b'0', 'Hrishi', b'0', b'0', b'0', '2023-01-24 09:39:18.989000', 'DineshGaikwad', 'Jitendra', 'MARRIED', '7767666666', 'Agrawal', '8888897847', 120000, NULL, 'BUSINESS', NULL, NULL, 'EKJHP1233R', NULL, NULL, 'MR', 42, 20, NULL, NULL, NULL, NULL, NULL, 50),
	(21, '675675761111', 'DineshGaikwad', '2023-01-24 09:32:35.994000', '2001-01-25', 'aarohi.shitole@gmail.com', 'vishwa', 'Sara', NULL, NULL, NULL, NULL, 'http://localhost:8080/api/uploads/files/UEVSU09OQUxfUGhvdG9fMjFfMTY3NDU1MzE1OTIxOS5udWxs', NULL, 'FEMALE', 159000, b'0', b'0', 'asdsadsa', b'0', b'0', b'0', '2023-01-24 09:39:18.988000', 'DineshGaikwad', 'Khan', 'MARRIED', '7676767589', 'Zahir', '8888897847', 150000, NULL, 'SALARIED', NULL, NULL, 'EMEPS2000L', NULL, NULL, 'MRS', 42, 22, NULL, 'INDIVIDUAL', NULL, NULL, NULL, 50),
	(22, '554455433333', 'DineshGaikwad', '2023-01-27 08:15:46.225000', '2004-01-28', 'aarohi.shitole@gmail.com', '', 'Naitri', NULL, NULL, NULL, NULL, 'http://localhost:8080/api/uploads/files/UEVSU09OQUxfUGhvdG9fMjJfMTY3NDgwNzgwMjQ1NS5udWxs', NULL, 'FEMALE', 156000, b'0', b'0', 'Jkkkljklj', b'0', b'0', b'0', '2023-01-27 08:23:22.199000', 'DineshGaikwad', 'Shtole', 'MARRIED', '4445553344', 'Aniket', '8888897847', 150000, 1, NULL, NULL, NULL, 'WWEWW4554D', NULL, NULL, 'MISS', 41, 19, NULL, NULL, NULL, NULL, NULL, 49),
	(23, '992224478590', 'DineshGaikwad', '2023-01-27 08:15:46.225000', '2005-01-03', 'aarohi.shitole@gmail.com', '', 'Anisha', NULL, NULL, NULL, NULL, 'http://localhost:8080/api/uploads/files/UEVSU09OQUxfUGhvdG9fMjNfMTY3NDgwNzgwMjQ1NS5udWxs', NULL, 'FEMALE', 126000, b'0', b'0', 'Hjhkjhk', b'0', b'0', b'0', '2023-01-27 08:23:22.203000', 'DineshGaikwad', 'Patil', 'SINGLE', '3433333331', 'Pravin', '8888897847', 120000, NULL, NULL, NULL, NULL, 'EKAAA5656T', NULL, NULL, 'MRS', 41, 18, NULL, NULL, NULL, NULL, NULL, 49),
	(24, '992223333333', 'DineshGaikwad', '2023-01-27 09:24:14.124000', '2005-01-02', 'aarohi.shitole@gmail.com', '', 'Jhjhj', NULL, NULL, NULL, NULL, 'http://localhost:8080/api/uploads/files/UEVSU09OQUxfUGhvdG9fMjRfMTY3NDgxMTYyMDYxOS5udWxs', NULL, 'MALE', 78677, b'0', b'0', 'Kjhkhkj', b'0', b'0', b'0', '2023-01-27 09:27:00.419000', 'DineshGaikwad', 'Jitendra', 'MARRIED', '3433333000', 'Agrawal', '8888897847', 74000, NULL, NULL, NULL, NULL, 'EKJHP1211S', NULL, NULL, 'MR', 42, 18, NULL, NULL, NULL, NULL, NULL, 51),
	(25, '989878979111', 'DineshGaikwad', '2023-01-27 09:24:14.124000', '2005-01-02', 'aarohi.shitole@gmail.com', '', 'Nagar', NULL, NULL, NULL, NULL, 'http://localhost:8080/api/uploads/files/UEVSU09OQUxfUGhvdG9fMjVfMTY3NDgxMTYyMDY0Mi5udWxs', NULL, 'MALE', 95900, b'0', b'0', 'Nkjlk', b'0', b'0', b'0', '2023-01-27 09:27:00.418000', 'DineshGaikwad', 'Khan', 'MARRIED', '8675675888', 'askok', '8888897847', 90000, NULL, NULL, NULL, NULL, 'LJNSD2322F', NULL, NULL, 'MR', 42, 18, NULL, NULL, NULL, NULL, NULL, 51),
	(26, '900078979111', 'DeepakShinde', '2023-01-30 08:50:38.208000', '2005-01-01', 'aarohi.shitole@gmail.com', '', 'Nagar', NULL, NULL, NULL, NULL, 'http://localhost:8080/api/uploads/files/UEVSU09OQUxfUGhvdG9fMjZfMTY3NTA2ODgwMTQ0Mi5udWxs', NULL, 'MALE', 95900, b'0', b'0', 'asdsadsa', b'0', b'0', b'0', '2023-01-30 08:53:21.233000', 'DeepakShinde', 'Khan', 'SINGLE', '7676767001', 'askok', '8888897847', 90000, NULL, 'AGRICULTURE', NULL, NULL, 'EKLSD2311R', NULL, NULL, 'MR', 41, 18, NULL, NULL, NULL, NULL, NULL, 47),
	(27, '876677777333', 'DeepakShinde', '2023-01-30 08:50:38.209000', '2005-01-01', 'aarohi.shitole@gmail.com', '', 'Jhjhj', NULL, NULL, NULL, NULL, 'http://localhost:8080/api/uploads/files/UEVSU09OQUxfUGhvdG9fMjdfMTY3NTA2ODgwMTQyNS5udWxs', NULL, 'MALE', 78677, b'0', b'0', 'Hrishi', b'0', b'0', b'0', '2023-01-30 08:53:21.234000', 'DeepakShinde', 'Jitendra', 'WIDOW', '3433333155', 'Agrawal', '8888897847', 74000, NULL, 'SALARIED', NULL, NULL, 'EKXXX5656T', NULL, NULL, 'MR', 41, 18, NULL, NULL, NULL, NULL, NULL, 47),
	(28, '876678000888', 'DineshGaikwad', '2023-01-31 05:40:41.697000', '2005-01-01', 'aarohi.shitole@gmail.com', '', 'Jhjhj', NULL, NULL, NULL, NULL, 'http://localhost:8080/api/uploads/files/UEVSU09OQUxfUGhvdG9fMjhfMTY3NTE0Mzc2ODYxOS5udWxs', NULL, 'MALE', 78677, b'0', b'0', 'Hrishi', b'0', b'0', b'0', '2023-01-31 05:42:48.436000', 'DineshGaikwad', 'Jitendra', 'MARRIED', '7767622222', 'Agrawal', '8888897847', 74000, NULL, NULL, NULL, NULL, 'EKJHP1000S', NULL, NULL, 'MR', 41, 18, NULL, NULL, NULL, NULL, NULL, 52),
	(29, '900071177666', 'DineshGaikwad', '2023-01-31 05:40:41.697000', '2005-01-01', 'aarohi.shitole@gmail.com', '', 'Nagar', NULL, NULL, NULL, NULL, 'http://localhost:8080/api/uploads/files/UEVSU09OQUxfUGhvdG9fMjlfMTY3NTE0Mzc2ODYzMC5udWxs', NULL, 'MALE', 95900, b'0', b'0', 'asdsadsa', b'0', b'0', b'0', '2023-01-31 05:42:48.435000', 'DineshGaikwad', 'Khan', 'MARRIED', '7676899888', 'askok', '8888897847', 90000, NULL, NULL, NULL, NULL, 'EMEPS2166Y', NULL, NULL, 'MR', 41, 18, NULL, NULL, NULL, NULL, NULL, 52);
/*!40000 ALTER TABLE `guarantor` ENABLE KEYS */;

-- Dumping structure for table los_db.income_details
CREATE TABLE IF NOT EXISTS `income_details` (
  `id` bigint(20) NOT NULL AUTO_INCREMENT,
  `cash_surplus` double DEFAULT NULL,
  `created_by` varchar(255) DEFAULT NULL,
  `created_on` datetime(6) DEFAULT NULL,
  `expenses` double DEFAULT NULL,
  `other_type` varchar(255) DEFAULT NULL,
  `free_field_2` varchar(255) DEFAULT NULL,
  `free_field_3` varchar(255) DEFAULT NULL,
  `free_field_4` varchar(255) DEFAULT NULL,
  `free_field_5` varchar(255) DEFAULT NULL,
  `free_field_6` varchar(255) DEFAULT NULL,
  `gross_income` double DEFAULT NULL,
  `income` double(21,0) DEFAULT NULL,
  `income_type` varchar(255) DEFAULT NULL,
  `is_deleted` bit(1) DEFAULT NULL,
  `last_modified` datetime(6) DEFAULT NULL,
  `last_modified_by` varchar(255) DEFAULT NULL,
  `net_income` double DEFAULT NULL,
  `paid_taxes` double DEFAULT NULL,
  `year` varchar(255) DEFAULT NULL,
  `member_id` bigint(20) DEFAULT NULL,
  `remark` varchar(255) DEFAULT NULL,
  PRIMARY KEY (`id`),
  KEY `FKod9naljbc9ansbf1dg2ulvs1j` (`member_id`),
  CONSTRAINT `FKod9naljbc9ansbf1dg2ulvs1j` FOREIGN KEY (`member_id`) REFERENCES `member` (`id`)
) ENGINE=InnoDB AUTO_INCREMENT=23 DEFAULT CHARSET=latin1;

-- Dumping data for table los_db.income_details: ~20 rows (approximately)
DELETE FROM `income_details`;
/*!40000 ALTER TABLE `income_details` DISABLE KEYS */;
INSERT INTO `income_details` (`id`, `cash_surplus`, `created_by`, `created_on`, `expenses`, `other_type`, `free_field_2`, `free_field_3`, `free_field_4`, `free_field_5`, `free_field_6`, `gross_income`, `income`, `income_type`, `is_deleted`, `last_modified`, `last_modified_by`, `net_income`, `paid_taxes`, `year`, `member_id`, `remark`) VALUES
	(1, NULL, 'DineshGaikwad', '2022-11-08 11:37:11.125000', NULL, NULL, NULL, NULL, NULL, NULL, NULL, NULL, NULL, NULL, NULL, '2022-11-08 11:37:11.125000', 'DineshGaikwad', NULL, NULL, NULL, 15, NULL),
	(2, NULL, 'DineshGaikwad', '2022-11-08 11:37:08.150000', NULL, NULL, NULL, NULL, NULL, NULL, NULL, NULL, NULL, NULL, NULL, '2022-11-08 11:37:08.150000', 'DineshGaikwad', NULL, NULL, NULL, 15, NULL),
	(3, NULL, 'DineshGaikwad', '2022-11-08 11:37:10.359000', NULL, NULL, NULL, NULL, NULL, NULL, NULL, NULL, NULL, NULL, NULL, '2022-11-08 11:37:10.359000', 'DineshGaikwad', NULL, NULL, NULL, 15, NULL),
	(4, NULL, 'DineshGaikwad', '2022-11-16 05:54:16.147000', 100000, NULL, NULL, NULL, NULL, NULL, NULL, 500000, NULL, NULL, NULL, '2022-11-16 05:54:16.147000', 'DineshGaikwad', 500000, 50000, '2022', 20, NULL),
	(5, NULL, 'DeepakShinde', '2022-11-16 06:22:45.358000', 45345, NULL, NULL, NULL, NULL, NULL, NULL, 545454, NULL, 'PRINCIPAL_SOURCE', NULL, '2022-12-19 10:00:53.425000', 'DeepakShinde', 500109, 30000, '2021-2022', 21, NULL),
	(6, NULL, 'DineshGaikwad', '2022-11-16 06:35:21.720000', 3453453, NULL, NULL, NULL, NULL, NULL, NULL, 435345345, NULL, NULL, NULL, '2022-11-16 06:35:21.720000', 'DineshGaikwad', 435344534, 434344, '2031', 22, NULL),
	(7, NULL, 'DineshGaikwad', '2022-11-17 09:31:01.600000', 432123, NULL, NULL, NULL, NULL, NULL, NULL, 4560000, NULL, NULL, NULL, '2022-11-17 09:31:01.600000', 'DineshGaikwad', 324344, 543443, '1996', 13, 'testing remark in income details'),
	(8, NULL, 'DineshGaikwad', '2022-11-22 05:00:20.092000', 99999999999999, NULL, NULL, NULL, NULL, NULL, NULL, 99999999999999, NULL, NULL, NULL, '2022-11-22 05:00:20.092000', 'DineshGaikwad', 10000000000000, 8374892379, '2022', 23, NULL),
	(9, NULL, 'DineshGaikwad', '2022-11-30 04:42:21.946000', 4000, NULL, NULL, NULL, NULL, NULL, NULL, 81000, NULL, NULL, NULL, '2022-11-30 04:42:21.946000', 'DineshGaikwad', 15000, 2444, '2022-2023', 26, NULL),
	(10, NULL, 'DineshGaikwad', NULL, 10000, NULL, NULL, NULL, NULL, NULL, NULL, 81000, NULL, NULL, NULL, '2022-11-30 06:48:01.507000', 'DineshGaikwad', 20000, 2112, '2021-2023', 25, NULL),
	(11, NULL, 'DeepakShinde', NULL, 10000, NULL, NULL, NULL, NULL, NULL, NULL, 41000, NULL, NULL, NULL, '2022-12-01 08:03:21.797000', 'DeepakShinde', 20000, 4444, '2023-2033', 27, NULL),
	(12, NULL, 'DineshGaikwad', '2022-12-20 06:55:13.821000', 10000, NULL, NULL, NULL, NULL, NULL, NULL, 810000, NULL, 'OTHER_SOURCE', NULL, '2022-12-30 09:51:50.641000', 'DineshGaikwad', 800000, 0, '2023-2033', 28, NULL),
	(13, NULL, 'DeepakShinde', '2022-12-21 04:50:40.898000', 200000, NULL, NULL, NULL, NULL, NULL, NULL, 1200000, NULL, 'PRINCIPAL_SOURCE', NULL, '2022-12-21 07:05:37.877000', 'DeepakShinde', 1000000, 25000, '2021-2022', 24, NULL),
	(14, NULL, 'DeepakShinde', '2022-12-22 15:03:27.259000', 350000, 'rewfwferfew', NULL, NULL, NULL, NULL, NULL, 1200000, 453434, 'PRINCIPAL_SOURCE', NULL, '2022-12-22 15:10:37.574000', 'DeepakShinde', 850000, 25000, '2021-2022', 29, NULL),
	(15, NULL, 'DeepakShinde', '2022-12-29 10:52:15.264000', 200000, NULL, NULL, NULL, NULL, 'false', NULL, 810000, NULL, 'PRINCIPAL_SOURCE', NULL, '2023-01-06 12:36:45.031000', 'DeepakShinde', 610000, 0, '2021-2022', 30, NULL),
	(16, NULL, 'DeepakShinde', '2022-12-30 09:56:24.053000', 200000, NULL, NULL, NULL, NULL, 'false', NULL, 1000000, NULL, 'PRINCIPAL_SOURCE', NULL, '2022-12-30 10:00:18.606000', 'DeepakShinde', 800000, 0, '2021-2022', 14, NULL),
	(17, NULL, 'DeepakShinde', '2022-12-30 12:07:40.821000', 200000, NULL, NULL, NULL, NULL, 'false', NULL, 690000, NULL, 'PRINCIPAL_SOURCE', NULL, '2022-12-30 13:19:12.542000', 'DeepakShinde', 490000, 1000, '2021-2022', 39, NULL),
	(18, NULL, 'DineshGaikwad', '2023-01-03 06:34:17.439000', 7666, NULL, NULL, NULL, NULL, 'false', 'false', 767676, NULL, 'PRINCIPAL_SOURCE', NULL, '2023-01-03 06:34:17.439000', 'DineshGaikwad', 760010, 2122, '2021-2022', 40, NULL),
	(19, NULL, 'DineshGaikwad', '2023-01-03 07:46:50.430000', 0, NULL, NULL, NULL, NULL, 'false', 'false', 767676, NULL, 'PRINCIPAL_SOURCE', NULL, '2023-01-03 07:46:50.430000', 'DineshGaikwad', 762120, 2122, '2021-2022', 41, NULL),
	(21, NULL, 'DineshGaikwad', '2022-11-17 09:31:01.600000', 5434, NULL, NULL, NULL, NULL, 'false', NULL, 155434, NULL, 'PRINCIPAL_SOURCE', NULL, '2023-01-23 09:29:36.624000', 'DineshGaikwad', 150000, 0, '2021-2022', 42, 'testing remark in income details'),
	(22, NULL, 'DineshGaikwad', '2023-01-30 06:54:46.068000', 7666, 'NSE', NULL, NULL, NULL, 'false', NULL, 767676, 6000, 'PRINCIPAL_SOURCE', NULL, '2023-01-30 06:54:46.068000', 'DineshGaikwad', 760010, 2122, '2021-2022', 44, NULL);
/*!40000 ALTER TABLE `income_details` ENABLE KEYS */;

-- Dumping structure for table los_db.interest_config
CREATE TABLE IF NOT EXISTS `interest_config` (
  `id` bigint(20) NOT NULL AUTO_INCREMENT,
  `emi_basis` varchar(255) DEFAULT NULL,
  `end_date` datetime(6) DEFAULT NULL,
  `extended_interest_rate` double DEFAULT NULL,
  `free_field_1` varchar(255) DEFAULT NULL,
  `free_field_2` varchar(255) DEFAULT NULL,
  `free_field_3` varchar(255) DEFAULT NULL,
  `free_field_4` varchar(255) DEFAULT NULL,
  `free_field_5` varchar(255) DEFAULT NULL,
  `free_field_6` varchar(255) DEFAULT NULL,
  `interest_basis` varchar(255) DEFAULT NULL,
  `interest_type` varchar(255) DEFAULT NULL,
  `intr_accrual_freq` varchar(255) DEFAULT NULL,
  `is_deleted` bit(1) DEFAULT NULL,
  `last_modified` datetime(6) DEFAULT NULL,
  `last_modified_by` varchar(255) DEFAULT NULL,
  `max_interest_rate` double DEFAULT NULL,
  `min_interest_rate` double DEFAULT NULL,
  `penal_accounting_basis` varchar(255) DEFAULT NULL,
  `penal_interest_basis` varchar(255) DEFAULT NULL,
  `penal_interest_rate` double DEFAULT NULL,
  `start_date` datetime(6) DEFAULT NULL,
  `surcharge_rate` double DEFAULT NULL,
  `product_id` bigint(20) DEFAULT NULL,
  PRIMARY KEY (`id`),
  KEY `FKq02nq37nuk6pfkdaoi51v2wbx` (`product_id`),
  CONSTRAINT `FKq02nq37nuk6pfkdaoi51v2wbx` FOREIGN KEY (`product_id`) REFERENCES `product` (`id`)
) ENGINE=InnoDB DEFAULT CHARSET=latin1;

-- Dumping data for table los_db.interest_config: ~0 rows (approximately)
DELETE FROM `interest_config`;
/*!40000 ALTER TABLE `interest_config` DISABLE KEYS */;
/*!40000 ALTER TABLE `interest_config` ENABLE KEYS */;

-- Dumping structure for table los_db.jhi_authority
CREATE TABLE IF NOT EXISTS `jhi_authority` (
  `name` varchar(50) NOT NULL,
  PRIMARY KEY (`name`)
) ENGINE=InnoDB DEFAULT CHARSET=latin1;

-- Dumping data for table los_db.jhi_authority: ~2 rows (approximately)
DELETE FROM `jhi_authority`;
/*!40000 ALTER TABLE `jhi_authority` DISABLE KEYS */;
INSERT INTO `jhi_authority` (`name`) VALUES
	('ROLE_ADMIN'),
	('ROLE_USER');
/*!40000 ALTER TABLE `jhi_authority` ENABLE KEYS */;

-- Dumping structure for table los_db.jhi_user
CREATE TABLE IF NOT EXISTS `jhi_user` (
  `id` bigint(20) NOT NULL AUTO_INCREMENT,
  `login` varchar(50) NOT NULL,
  `password_hash` varchar(60) NOT NULL,
  `first_name` varchar(50) DEFAULT NULL,
  `last_name` varchar(50) DEFAULT NULL,
  `email` varchar(191) DEFAULT NULL,
  `image_url` varchar(256) DEFAULT NULL,
  `activated` bit(1) NOT NULL,
  `lang_key` varchar(10) DEFAULT NULL,
  `activation_key` varchar(20) DEFAULT NULL,
  `reset_key` varchar(20) DEFAULT NULL,
  `created_by` varchar(50) NOT NULL,
  `created_date` timestamp NULL DEFAULT NULL,
  `reset_date` timestamp NULL DEFAULT NULL,
  `last_modified_by` varchar(50) DEFAULT NULL,
  `last_modified_date` timestamp NULL DEFAULT NULL,
  PRIMARY KEY (`id`),
  UNIQUE KEY `ux_user_login` (`login`),
  UNIQUE KEY `ux_user_email` (`email`)
) ENGINE=InnoDB AUTO_INCREMENT=3 DEFAULT CHARSET=latin1;

-- Dumping data for table los_db.jhi_user: ~2 rows (approximately)
DELETE FROM `jhi_user`;
/*!40000 ALTER TABLE `jhi_user` DISABLE KEYS */;
INSERT INTO `jhi_user` (`id`, `login`, `password_hash`, `first_name`, `last_name`, `email`, `image_url`, `activated`, `lang_key`, `activation_key`, `reset_key`, `created_by`, `created_date`, `reset_date`, `last_modified_by`, `last_modified_date`) VALUES
	(1, 'admin', '$2a$10$gSAhZrxMllrbgj/kkK9UceBPpChGWJA7SYIb1Mqo.n5aNLq1/oRrC', 'Administrator', 'Administrator', 'admin@localhost', '', b'1', 'en', NULL, NULL, 'system', NULL, NULL, 'system', NULL),
	(2, 'user', '$2a$10$VEjxo0jq2YG9Rbk2HmX9S.k1uZBGYUHdUcid3g/vfiEl7lwWgOH/K', 'User', 'User', 'user@localhost', '', b'1', 'en', NULL, NULL, 'system', NULL, NULL, 'system', NULL);
/*!40000 ALTER TABLE `jhi_user` ENABLE KEYS */;

-- Dumping structure for table los_db.jhi_user_authority
CREATE TABLE IF NOT EXISTS `jhi_user_authority` (
  `user_id` bigint(20) NOT NULL,
  `authority_name` varchar(50) NOT NULL,
  PRIMARY KEY (`user_id`,`authority_name`),
  KEY `fk_authority_name` (`authority_name`),
  CONSTRAINT `fk_authority_name` FOREIGN KEY (`authority_name`) REFERENCES `jhi_authority` (`name`),
  CONSTRAINT `fk_user_id` FOREIGN KEY (`user_id`) REFERENCES `jhi_user` (`id`)
) ENGINE=InnoDB DEFAULT CHARSET=latin1;

-- Dumping data for table los_db.jhi_user_authority: ~3 rows (approximately)
DELETE FROM `jhi_user_authority`;
/*!40000 ALTER TABLE `jhi_user_authority` DISABLE KEYS */;
INSERT INTO `jhi_user_authority` (`user_id`, `authority_name`) VALUES
	(1, 'ROLE_ADMIN'),
	(1, 'ROLE_USER'),
	(2, 'ROLE_USER');
/*!40000 ALTER TABLE `jhi_user_authority` ENABLE KEYS */;

-- Dumping structure for table los_db.ledger_accounts
CREATE TABLE IF NOT EXISTS `ledger_accounts` (
  `id` bigint(20) NOT NULL AUTO_INCREMENT,
  `acc_balance` double DEFAULT NULL,
  `acc_head_code` varchar(255) DEFAULT NULL,
  `account_name` varchar(255) DEFAULT NULL,
  `account_no` bigint(20) DEFAULT NULL,
  `account_type` varchar(255) DEFAULT NULL,
  `app_code` varchar(255) DEFAULT NULL,
  `created_by` varchar(255) DEFAULT NULL,
  `created_on` datetime(6) DEFAULT NULL,
  `free_field_1` varchar(255) DEFAULT NULL,
  `free_field_2` varchar(255) DEFAULT NULL,
  `free_field_3` varchar(255) DEFAULT NULL,
  `free_field_4` varchar(255) DEFAULT NULL,
  `free_field_5` varchar(255) DEFAULT NULL,
  `is_deleted` bit(1) DEFAULT NULL,
  `last_modified` datetime(6) DEFAULT NULL,
  `last_modified_by` varchar(255) DEFAULT NULL,
  `ledger_classification` varchar(255) DEFAULT NULL,
  `ledger_code` varchar(255) DEFAULT NULL,
  `level` int(11) DEFAULT NULL,
  `year` varchar(255) DEFAULT NULL,
  `branch_id` bigint(20) DEFAULT NULL,
  `ledger_accounts_id` bigint(20) DEFAULT NULL,
  PRIMARY KEY (`id`),
  KEY `FK4ul2l3jbgito7ymqq3f03sdb4` (`branch_id`),
  KEY `FKi24wr8uiqsn5awb0wojwqeyxg` (`ledger_accounts_id`),
  CONSTRAINT `FK4ul2l3jbgito7ymqq3f03sdb4` FOREIGN KEY (`branch_id`) REFERENCES `branch` (`id`),
  CONSTRAINT `FKi24wr8uiqsn5awb0wojwqeyxg` FOREIGN KEY (`ledger_accounts_id`) REFERENCES `ledger_accounts` (`id`)
) ENGINE=InnoDB DEFAULT CHARSET=latin1;

-- Dumping data for table los_db.ledger_accounts: ~0 rows (approximately)
DELETE FROM `ledger_accounts`;
/*!40000 ALTER TABLE `ledger_accounts` DISABLE KEYS */;
/*!40000 ALTER TABLE `ledger_accounts` ENABLE KEYS */;

-- Dumping structure for table los_db.loan_account
CREATE TABLE IF NOT EXISTS `loan_account` (
  `id` bigint(20) NOT NULL AUTO_INCREMENT,
  `application_no` varchar(255) DEFAULT NULL,
  `disbursement_amt` double DEFAULT NULL,
  `disbursement_status` varchar(255) DEFAULT NULL,
  `emi_start_date` datetime(6) DEFAULT NULL,
  `free_field_1` varchar(255) DEFAULT NULL,
  `free_field_2` varchar(255) DEFAULT NULL,
  `free_field_3` varchar(255) DEFAULT NULL,
  `free_field_4` varchar(255) DEFAULT NULL,
  `free_field_5` varchar(255) DEFAULT NULL,
  `free_field_6` varchar(255) DEFAULT NULL,
  `last_modified` datetime(6) DEFAULT NULL,
  `last_modified_by` varchar(255) DEFAULT NULL,
  `loan_account_name` varchar(255) DEFAULT NULL,
  `loan_amount` double DEFAULT NULL,
  `loan_closer_date` datetime(6) DEFAULT NULL,
  `loan_end_date` datetime(6) DEFAULT NULL,
  `loan_npa_class` varchar(255) DEFAULT NULL,
  `loan_planned_closure_date` datetime(6) DEFAULT NULL,
  `loan_start_date` datetime(6) DEFAULT NULL,
  `moratorium` varchar(255) DEFAULT NULL,
  `parent_acc_head_code` varchar(255) DEFAULT NULL,
  `processing_fee` double DEFAULT NULL,
  `repayment_period` varchar(255) DEFAULT NULL,
  `roi` double DEFAULT NULL,
  `status` varchar(255) DEFAULT NULL,
  `year` varchar(255) DEFAULT NULL,
  `loan_applications_id` bigint(20) DEFAULT NULL,
  `member_id` bigint(20) DEFAULT NULL,
  `product_id` bigint(20) DEFAULT NULL,
  `branch_id` bigint(20) DEFAULT NULL,
  `disbursement_allowance` bit(1) DEFAULT NULL,
  `disbursement_date` datetime(6) DEFAULT NULL,
  `loan_account_no` varchar(255) DEFAULT NULL,
  PRIMARY KEY (`id`),
  UNIQUE KEY `UK_1xi76tqrppev9a2d5255ec0ts` (`loan_applications_id`),
  KEY `FKd6gd1h53gdbjda38xss5t6meb` (`member_id`),
  KEY `FKp1a2bhac40v6shbxmatmbbaa` (`product_id`),
  KEY `fk_loan_account_branch_id` (`branch_id`),
  CONSTRAINT `FKd6gd1h53gdbjda38xss5t6meb` FOREIGN KEY (`member_id`) REFERENCES `member` (`id`),
  CONSTRAINT `FKoiwt8k37w4gvelwyos69j03ua` FOREIGN KEY (`loan_applications_id`) REFERENCES `loan_applications` (`id`),
  CONSTRAINT `FKp1a2bhac40v6shbxmatmbbaa` FOREIGN KEY (`product_id`) REFERENCES `product` (`id`),
  CONSTRAINT `fk_loan_account_branch_id` FOREIGN KEY (`branch_id`) REFERENCES `branch` (`id`)
) ENGINE=InnoDB AUTO_INCREMENT=3 DEFAULT CHARSET=latin1;

-- Dumping data for table los_db.loan_account: ~0 rows (approximately)
DELETE FROM `loan_account`;
/*!40000 ALTER TABLE `loan_account` DISABLE KEYS */;
INSERT INTO `loan_account` (`id`, `application_no`, `disbursement_amt`, `disbursement_status`, `emi_start_date`, `free_field_1`, `free_field_2`, `free_field_3`, `free_field_4`, `free_field_5`, `free_field_6`, `last_modified`, `last_modified_by`, `loan_account_name`, `loan_amount`, `loan_closer_date`, `loan_end_date`, `loan_npa_class`, `loan_planned_closure_date`, `loan_start_date`, `moratorium`, `parent_acc_head_code`, `processing_fee`, `repayment_period`, `roi`, `status`, `year`, `loan_applications_id`, `member_id`, `product_id`, `branch_id`, `disbursement_allowance`, `disbursement_date`, `loan_account_no`) VALUES
	(1, NULL, NULL, NULL, NULL, NULL, NULL, NULL, NULL, NULL, NULL, '2023-01-02 10:23:10.086000', 'DeepakShinde', NULL, 1600000, NULL, NULL, NULL, NULL, NULL, NULL, NULL, NULL, NULL, 15, 'AWAITED_DIS', NULL, 39, 26, 1, NULL, b'0', '2023-03-31 18:30:00.000000', 'LOK_LAP2023-00001'),
	(2, NULL, NULL, NULL, NULL, NULL, NULL, NULL, NULL, NULL, NULL, '2023-01-16 09:53:49.986000', 'DeepakShinde', NULL, 767676, NULL, NULL, NULL, NULL, NULL, NULL, NULL, NULL, NULL, 7.3, 'AWAITED_DIS', NULL, 45, 40, 1, NULL, b'0', '2023-04-14 18:30:00.000000', 'LOK_LAP1673862831618');
/*!40000 ALTER TABLE `loan_account` ENABLE KEYS */;

-- Dumping structure for table los_db.loan_applications
CREATE TABLE IF NOT EXISTS `loan_applications` (
  `id` bigint(20) NOT NULL AUTO_INCREMENT,
  `application_no` varchar(255) DEFAULT NULL,
  `assigned_from` bigint(20) DEFAULT NULL,
  `assigned_to` bigint(20) DEFAULT NULL,
  `commity_amt` double DEFAULT NULL,
  `commity_roi` double DEFAULT NULL,
  `cost_of_investment` double DEFAULT NULL,
  `demand_amount` double DEFAULT NULL,
  `demanded_land_area_in_hector` int(11) DEFAULT NULL,
  `down_payment_amt` double DEFAULT NULL,
  `extent_morgage_value` double DEFAULT NULL,
  `free_field_1` varchar(255) DEFAULT NULL,
  `free_field_2` varchar(255) DEFAULT NULL,
  `free_field_3` varchar(255) DEFAULT NULL,
  `free_field_4` varchar(255) DEFAULT NULL,
  `free_field_5` varchar(255) DEFAULT NULL,
  `free_field_6` varchar(255) DEFAULT NULL,
  `free_field_7` varchar(255) DEFAULT NULL,
  `is_insured` bit(1) DEFAULT NULL,
  `last_modified` datetime(6) DEFAULT NULL,
  `last_modified_by` varchar(255) DEFAULT NULL,
  `loan_benefiting_area` double DEFAULT NULL,
  `loan_purpose` varchar(255) DEFAULT NULL,
  `loan_steps` varchar(255) DEFAULT NULL,
  `ltv_ratio` double DEFAULT NULL,
  `moratorium` varchar(255) DEFAULT NULL,
  `mortgage_date` datetime(6) DEFAULT NULL,
  `mortgage_deed_no` bigint(20) DEFAULT NULL,
  `penal_interest` double DEFAULT NULL,
  `processing_fee` double DEFAULT NULL,
  `roi` double DEFAULT NULL,
  `season_of_crop_loan` varchar(255) DEFAULT NULL,
  `section_amt` double DEFAULT NULL,
  `security_doc_url` varchar(255) DEFAULT NULL,
  `senction_roi` double DEFAULT NULL,
  `status` varchar(255) DEFAULT NULL,
  `year` varchar(255) DEFAULT NULL,
  `remark` varchar(255) DEFAULT NULL,
  `member_id` bigint(20) DEFAULT NULL,
  `product_id` bigint(20) DEFAULT NULL,
  `security_user_id` bigint(20) DEFAULT NULL,
  `sanction_amt` double DEFAULT NULL,
  `sanction_roi` double DEFAULT NULL,
  `branch_id` bigint(20) DEFAULT NULL,
  `margin` varchar(255) DEFAULT NULL,
  `security_offered` varchar(255) DEFAULT NULL,
  `has_receive_legal` bit(1) DEFAULT NULL,
  `has_submit_legal` bit(1) DEFAULT NULL,
  `sanction_date` datetime(6) DEFAULT NULL,
  `commity_meet_date` datetime(6) DEFAULT NULL,
  `director_amount` double DEFAULT NULL,
  `director_meet_date` datetime(6) DEFAULT NULL,
  `director_roi` double DEFAULT NULL,
  `has_required_dir_rec` bit(1) DEFAULT NULL,
  `created_on` datetime(6) DEFAULT NULL,
  `resolution_no` bigint(20) DEFAULT NULL,
  PRIMARY KEY (`id`),
  KEY `FK2appw362wnwf39gqxu9k9019k` (`member_id`),
  KEY `FK3r3bv0ulcf3r8mpqo9lygpu5e` (`product_id`),
  KEY `FKg3s83pneb9oba06bgv79dd91r` (`security_user_id`),
  KEY `assigned_from` (`assigned_from`),
  KEY `assigned_to` (`assigned_to`),
  KEY `FKndhfy4qfki3bdynymt67rj5ky` (`branch_id`),
  CONSTRAINT `FK2appw362wnwf39gqxu9k9019k` FOREIGN KEY (`member_id`) REFERENCES `member` (`id`),
  CONSTRAINT `FK3r3bv0ulcf3r8mpqo9lygpu5e` FOREIGN KEY (`product_id`) REFERENCES `product` (`id`),
  CONSTRAINT `FKg3s83pneb9oba06bgv79dd91r` FOREIGN KEY (`security_user_id`) REFERENCES `security_user` (`id`),
  CONSTRAINT `FKndhfy4qfki3bdynymt67rj5ky` FOREIGN KEY (`branch_id`) REFERENCES `branch` (`id`),
  CONSTRAINT `loan_application_assigned_from` FOREIGN KEY (`assigned_from`) REFERENCES `security_user` (`id`),
  CONSTRAINT `loan_application_assigned_to` FOREIGN KEY (`assigned_to`) REFERENCES `security_user` (`id`)
) ENGINE=InnoDB AUTO_INCREMENT=53 DEFAULT CHARSET=latin1;

-- Dumping data for table los_db.loan_applications: ~25 rows (approximately)
DELETE FROM `loan_applications`;
/*!40000 ALTER TABLE `loan_applications` DISABLE KEYS */;
INSERT INTO `loan_applications` (`id`, `application_no`, `assigned_from`, `assigned_to`, `commity_amt`, `commity_roi`, `cost_of_investment`, `demand_amount`, `demanded_land_area_in_hector`, `down_payment_amt`, `extent_morgage_value`, `free_field_1`, `free_field_2`, `free_field_3`, `free_field_4`, `free_field_5`, `free_field_6`, `free_field_7`, `is_insured`, `last_modified`, `last_modified_by`, `loan_benefiting_area`, `loan_purpose`, `loan_steps`, `ltv_ratio`, `moratorium`, `mortgage_date`, `mortgage_deed_no`, `penal_interest`, `processing_fee`, `roi`, `season_of_crop_loan`, `section_amt`, `security_doc_url`, `senction_roi`, `status`, `year`, `remark`, `member_id`, `product_id`, `security_user_id`, `sanction_amt`, `sanction_roi`, `branch_id`, `margin`, `security_offered`, `has_receive_legal`, `has_submit_legal`, `sanction_date`, `commity_meet_date`, `director_amount`, `director_meet_date`, `director_roi`, `has_required_dir_rec`, `created_on`, `resolution_no`) VALUES
	(8, 'LOKLAP2022-00004', 8, 5, NULL, NULL, NULL, 837251747, NULL, NULL, NULL, NULL, NULL, NULL, NULL, NULL, NULL, NULL, NULL, '2022-12-05 06:43:32.452000', 'DeepakShinde', NULL, 'asdjiiui', 'STEP_1', NULL, NULL, NULL, NULL, NULL, NULL, NULL, NULL, NULL, NULL, NULL, 'REJECTED', NULL, NULL, 13, 1, 5, NULL, NULL, NULL, NULL, NULL, NULL, NULL, NULL, NULL, NULL, NULL, NULL, NULL, NULL, NULL),
	(28, 'LOKLAP2022-00024', NULL, 5, NULL, NULL, NULL, 6009090, NULL, NULL, NULL, NULL, NULL, NULL, NULL, NULL, NULL, NULL, NULL, '2022-11-24 12:47:42.365000', 'DeepakShinde', NULL, 'home', 'STEP_1', NULL, NULL, NULL, NULL, NULL, NULL, NULL, NULL, NULL, NULL, NULL, 'AWAITED_COMM_REM', NULL, NULL, 1, 1, 5, NULL, NULL, 1, NULL, NULL, NULL, NULL, NULL, NULL, NULL, NULL, NULL, NULL, NULL, NULL),
	(29, 'LOKLOK_LAP2022-00025', 3, 5, NULL, NULL, NULL, 5700000, NULL, NULL, NULL, NULL, NULL, NULL, NULL, NULL, NULL, NULL, b'0', '2022-12-21 12:50:59.273000', 'DeepakShinde', NULL, 'Construction', NULL, NULL, NULL, NULL, NULL, NULL, NULL, 12, NULL, NULL, NULL, NULL, 'APPLIED', NULL, NULL, 20, 1, 5, NULL, NULL, 1, NULL, NULL, NULL, NULL, NULL, NULL, NULL, NULL, NULL, NULL, NULL, NULL),
	(30, 'LOKLOK_LAP2022-00026', 3, 5, NULL, NULL, NULL, 8990000000, NULL, NULL, NULL, NULL, NULL, NULL, NULL, NULL, NULL, NULL, b'0', '2022-11-29 10:29:38.997000', 'DineshGaikwad', NULL, 'TESTING PURPOSE', NULL, NULL, NULL, NULL, NULL, NULL, NULL, 12, NULL, NULL, NULL, NULL, 'APPLIED', NULL, NULL, 21, 4, 3, NULL, NULL, 1, NULL, NULL, NULL, NULL, NULL, NULL, NULL, NULL, NULL, NULL, NULL, NULL),
	(31, 'LOKLOK_LAP2022-00027', 3, 5, NULL, NULL, NULL, 500090, NULL, NULL, NULL, NULL, NULL, NULL, NULL, NULL, NULL, NULL, b'0', '2022-12-22 05:27:56.581000', 'DeepakShinde', NULL, 'Home', NULL, NULL, NULL, NULL, NULL, NULL, NULL, 12, NULL, NULL, NULL, NULL, 'APPLIED', NULL, NULL, 23, 1, 5, NULL, NULL, 1, NULL, NULL, NULL, NULL, NULL, NULL, NULL, NULL, NULL, NULL, NULL, NULL),
	(32, 'LOKLOK_LAP2022-00028', 3, 5, NULL, NULL, NULL, 55555555, NULL, NULL, NULL, NULL, NULL, NULL, NULL, NULL, NULL, NULL, b'0', '2022-11-28 17:02:43.800000', 'DineshGaikwad', NULL, 'sdfsdfsd', NULL, NULL, NULL, NULL, NULL, NULL, NULL, 12, NULL, NULL, NULL, NULL, 'APPLIED', NULL, NULL, 13, 1, 3, NULL, NULL, 1, NULL, NULL, NULL, NULL, NULL, NULL, NULL, NULL, NULL, NULL, NULL, NULL),
	(33, 'LOKLOK_LAP2022-00029', 3, 5, NULL, NULL, NULL, 64564564, NULL, NULL, NULL, NULL, NULL, NULL, NULL, NULL, NULL, NULL, b'0', '2023-01-02 11:33:41.650000', 'DineshGaikwad', NULL, 'egffgd', NULL, NULL, NULL, NULL, NULL, NULL, NULL, 12, NULL, NULL, NULL, NULL, 'APPLIED', NULL, NULL, 14, 1, 3, NULL, NULL, 1, NULL, NULL, NULL, NULL, NULL, NULL, NULL, NULL, NULL, NULL, NULL, NULL),
	(34, 'LOKLOK_LAP2022-00030', NULL, NULL, NULL, NULL, NULL, 8000000, NULL, NULL, NULL, NULL, NULL, NULL, NULL, NULL, NULL, NULL, b'0', '2022-12-01 13:18:00.797000', 'DeepakShinde', NULL, 'agri', NULL, NULL, NULL, NULL, NULL, NULL, NULL, 12, NULL, NULL, NULL, NULL, 'REJECTED', NULL, NULL, 25, 1, 5, NULL, NULL, 1, NULL, NULL, NULL, NULL, NULL, NULL, NULL, NULL, NULL, NULL, NULL, NULL),
	(35, 'LOKLOK_LAP2022-00031', NULL, NULL, 8000000, 12, NULL, 8000000, NULL, NULL, NULL, NULL, NULL, NULL, NULL, NULL, NULL, NULL, b'0', '2023-01-02 11:29:12.092000', 'DineshGaikwad', NULL, 'Agriculture', NULL, NULL, NULL, NULL, NULL, NULL, NULL, 12, NULL, NULL, NULL, NULL, 'DRAFT', NULL, NULL, 13, 1, 3, NULL, NULL, 1, '75', 'PRIME', NULL, NULL, NULL, NULL, NULL, NULL, NULL, NULL, NULL, NULL),
	(36, 'LOKLOK_LAP2022-00032', 3, 5, NULL, NULL, NULL, 500000, NULL, NULL, NULL, NULL, NULL, NULL, NULL, NULL, NULL, NULL, b'0', '2022-12-19 10:06:45.236000', 'DeepakShinde', NULL, 'Fish', NULL, NULL, NULL, NULL, NULL, NULL, NULL, 12, NULL, NULL, NULL, NULL, 'REJECTED', NULL, NULL, 26, 1, 5, NULL, NULL, 1, NULL, NULL, NULL, NULL, NULL, NULL, NULL, NULL, NULL, NULL, NULL, NULL),
	(37, 'LOK_LAP2022-000', 3, 5, 800000, 12, NULL, 800000, NULL, NULL, NULL, NULL, NULL, NULL, NULL, NULL, NULL, NULL, b'0', '2022-12-31 06:44:38.174000', 'DeepakShinde', NULL, 'fish', NULL, NULL, NULL, NULL, NULL, NULL, NULL, 12, NULL, NULL, NULL, NULL, 'SANCTIONED', NULL, NULL, 26, 1, 5, NULL, NULL, 1, '75', 'PRIME', b'1', b'1', NULL, NULL, NULL, NULL, NULL, NULL, NULL, NULL),
	(38, 'LOK_LAP2022-00034', 3, 5, NULL, NULL, NULL, 32442343, NULL, NULL, NULL, NULL, NULL, NULL, NULL, NULL, NULL, NULL, b'0', NULL, 'DineshGaikwad', NULL, 'fgfgdfgfg', NULL, NULL, NULL, NULL, NULL, NULL, NULL, 12, NULL, NULL, NULL, NULL, 'APPLIED', NULL, NULL, 22, 1, 3, NULL, NULL, 1, NULL, NULL, NULL, NULL, NULL, NULL, NULL, NULL, NULL, NULL, NULL, NULL),
	(39, 'LOK_LAP2022-00035', 3, 5, 1800000, 12, NULL, 1800000, NULL, NULL, NULL, NULL, NULL, NULL, NULL, NULL, NULL, NULL, b'0', '2023-01-02 10:30:40.332000', 'DeepakShinde', NULL, 'Build house', NULL, NULL, NULL, NULL, NULL, NULL, NULL, 12, NULL, NULL, NULL, NULL, 'DISBURSED', NULL, NULL, 26, 1, 5, 1600000, 15, 1, '75', 'COLLATERAL', b'1', b'1', '2023-01-01 18:30:00.000000', NULL, 1600000, '2022-12-31 18:30:00.000000', NULL, b'1', NULL, NULL),
	(40, 'LOK_LAP2022-00036T', NULL, NULL, NULL, NULL, NULL, 2500000, NULL, NULL, NULL, NULL, NULL, NULL, NULL, NULL, NULL, NULL, b'0', '2023-01-02 11:44:58.351000', 'DineshGaikwad', NULL, 'construction of complax', NULL, NULL, NULL, NULL, NULL, NULL, NULL, 12, NULL, NULL, NULL, NULL, 'DRAFT', NULL, NULL, 29, 1, 3, NULL, NULL, 1, NULL, NULL, NULL, NULL, NULL, NULL, NULL, NULL, NULL, NULL, NULL, NULL),
	(41, 'LOK_LAP2022-00001T', NULL, NULL, NULL, NULL, NULL, 9000000, NULL, NULL, NULL, NULL, NULL, NULL, NULL, NULL, NULL, NULL, b'0', '2023-01-02 11:04:29.463000', 'DeepakShinde', NULL, 'construction of complax', NULL, NULL, NULL, NULL, NULL, NULL, NULL, 12, NULL, NULL, NULL, NULL, 'REJECTED', NULL, NULL, 14, 1, 5, NULL, NULL, 1, NULL, NULL, NULL, NULL, NULL, NULL, NULL, NULL, NULL, NULL, NULL, NULL),
	(42, 'LOK_LAP2023-00002T', 3, 5, NULL, NULL, NULL, 8500000, NULL, NULL, NULL, NULL, NULL, NULL, NULL, NULL, NULL, NULL, b'0', '2023-01-16 10:14:18.229000', 'DeepakShinde', NULL, 'construction of complax', NULL, NULL, NULL, NULL, NULL, NULL, NULL, 12, NULL, NULL, NULL, NULL, 'AWAITED_LEG_VAL', NULL, NULL, 39, 1, 5, NULL, NULL, 1, NULL, NULL, NULL, b'1', NULL, NULL, NULL, NULL, NULL, NULL, NULL, NULL),
	(43, 'LOK_LAP2023-00003T', NULL, NULL, NULL, NULL, NULL, 66565, NULL, NULL, NULL, NULL, NULL, NULL, NULL, NULL, NULL, NULL, b'0', '2023-01-02 13:35:05.457000', 'DineshGaikwad', NULL, 'home', NULL, NULL, NULL, NULL, NULL, NULL, NULL, 12, NULL, NULL, NULL, NULL, 'DRAFT', NULL, NULL, 21, 1, 3, NULL, NULL, 1, NULL, NULL, NULL, NULL, NULL, NULL, NULL, NULL, NULL, NULL, NULL, NULL),
	(44, 'LOK_LAP2023-00004T', NULL, NULL, NULL, NULL, NULL, 66666, NULL, NULL, NULL, NULL, NULL, NULL, NULL, NULL, NULL, NULL, b'0', '2023-01-06 11:51:29.691000', 'DeepakShinde', NULL, 'home', NULL, NULL, NULL, NULL, NULL, NULL, NULL, 12, NULL, NULL, NULL, NULL, 'APPLIED', NULL, NULL, 39, 1, 5, NULL, NULL, 1, NULL, NULL, NULL, NULL, NULL, NULL, NULL, NULL, NULL, NULL, NULL, NULL),
	(45, 'LOK_LAP2023-00005', 3, 5, NULL, NULL, NULL, 576567, NULL, NULL, NULL, NULL, NULL, NULL, NULL, NULL, NULL, NULL, b'0', '2023-01-16 09:56:50.628000', 'DeepakShinde', NULL, 'home', NULL, NULL, NULL, NULL, NULL, NULL, NULL, 12, NULL, NULL, NULL, NULL, 'DISBURSED', NULL, NULL, 40, 1, 5, 767676, 7.3, 1, NULL, NULL, b'1', b'1', '2023-01-15 18:30:00.000000', NULL, NULL, NULL, NULL, b'0', NULL, NULL),
	(46, 'LOK_LAP2023-00006T', NULL, NULL, NULL, NULL, NULL, 987897, NULL, NULL, NULL, NULL, NULL, NULL, NULL, NULL, NULL, NULL, b'0', '2023-02-02 11:39:51.781000', 'DineshGaikwad', NULL, 'home', NULL, NULL, NULL, NULL, NULL, NULL, NULL, 15, NULL, NULL, NULL, NULL, 'DRAFT', NULL, NULL, 41, 1, 3, NULL, NULL, 1, NULL, NULL, NULL, NULL, NULL, NULL, NULL, NULL, NULL, NULL, '2023-02-02 11:38:53.053000', 4532),
	(47, 'LOK_LAP1673257537065T', 3, 5, NULL, NULL, NULL, 454001, NULL, NULL, NULL, NULL, NULL, NULL, NULL, NULL, NULL, NULL, b'0', '2023-01-30 09:52:27.365000', 'DeepakShinde', NULL, 'home', NULL, NULL, NULL, NULL, NULL, NULL, NULL, 12, NULL, NULL, NULL, NULL, 'VERIFIED', NULL, NULL, 41, 1, 5, NULL, NULL, 1, NULL, NULL, NULL, NULL, NULL, NULL, NULL, NULL, NULL, NULL, '2023-01-20 10:06:52.116000', NULL),
	(48, NULL, NULL, NULL, NULL, NULL, NULL, 88888, NULL, NULL, NULL, NULL, NULL, NULL, NULL, NULL, NULL, NULL, b'0', '2023-01-09 09:55:34.755000', 'DineshGaikwad', NULL, 'home', NULL, NULL, NULL, NULL, NULL, NULL, NULL, 10, NULL, NULL, NULL, NULL, 'DRAFT', NULL, NULL, 41, 1, 3, NULL, NULL, 1, NULL, NULL, NULL, NULL, NULL, NULL, NULL, NULL, NULL, NULL, NULL, 111532),
	(49, 'LOK_LAP1674458860415T', 3, 5, NULL, NULL, NULL, 50000, NULL, NULL, NULL, NULL, NULL, NULL, NULL, NULL, NULL, NULL, b'0', '2023-01-27 08:51:24.687000', 'DineshGaikwad', NULL, 'home', NULL, NULL, NULL, NULL, NULL, NULL, NULL, 12, NULL, NULL, NULL, NULL, 'APPLIED', NULL, NULL, 41, 1, 3, NULL, NULL, 1, NULL, NULL, NULL, NULL, NULL, NULL, NULL, NULL, NULL, NULL, '2023-01-23 07:27:40.336000', NULL),
	(50, 'LOK_LAP1674552589260T', 3, 5, NULL, NULL, NULL, 1000000, NULL, NULL, NULL, NULL, NULL, NULL, NULL, NULL, NULL, NULL, b'0', '2023-01-24 10:27:53.931000', 'DeepakShinde', NULL, 'home', NULL, NULL, NULL, NULL, NULL, NULL, NULL, 15, NULL, NULL, NULL, NULL, 'AWAITED_SAN', NULL, NULL, 42, 1, 5, NULL, NULL, 1, NULL, 'PRIME', b'1', b'1', NULL, NULL, 800000, '2023-01-23 18:30:00.000000', NULL, b'1', '2023-01-24 09:29:49.204000', NULL),
	(51, 'LOK_LAP1674811377488T', 3, 5, NULL, NULL, NULL, 12000, NULL, NULL, NULL, NULL, NULL, NULL, NULL, NULL, NULL, NULL, b'0', '2023-02-02 13:12:28.812000', 'DeepakShinde', NULL, 'home', NULL, NULL, NULL, NULL, NULL, NULL, NULL, 12, NULL, NULL, NULL, NULL, 'AWAITED_COMM_REM', NULL, NULL, 42, 1, 5, NULL, NULL, 1, NULL, 'PRIME', b'1', b'1', NULL, NULL, NULL, NULL, NULL, NULL, '2023-01-27 09:22:57.402000', NULL),
	(52, 'LOK_LAP1675143602106T', 3, 5, NULL, NULL, NULL, 40000, NULL, NULL, NULL, NULL, NULL, NULL, NULL, NULL, NULL, NULL, b'0', '2023-01-31 05:43:53.556000', 'DineshGaikwad', NULL, 'home', NULL, NULL, NULL, NULL, NULL, NULL, NULL, 12, NULL, NULL, NULL, NULL, 'APPLIED', NULL, NULL, 41, 1, 3, NULL, NULL, 1, NULL, NULL, NULL, NULL, NULL, NULL, NULL, NULL, NULL, NULL, '2023-01-31 05:40:02.014000', NULL);
/*!40000 ALTER TABLE `loan_applications` ENABLE KEYS */;

-- Dumping structure for table los_db.loan_applications_history
CREATE TABLE IF NOT EXISTS `loan_applications_history` (
  `id` bigint(20) NOT NULL AUTO_INCREMENT,
  `application_no` varchar(255) DEFAULT NULL,
  `commity_amt` double DEFAULT NULL,
  `commity_roi` double DEFAULT NULL,
  `cost_of_investment` double DEFAULT NULL,
  `demand_amount` double DEFAULT NULL,
  `demanded_land_area_in_hector` int(11) DEFAULT NULL,
  `down_payment_amt` double DEFAULT NULL,
  `extent_morgage_value` double DEFAULT NULL,
  `free_field_3` varchar(255) DEFAULT NULL,
  `free_field_4` varchar(255) DEFAULT NULL,
  `free_field_5` varchar(255) DEFAULT NULL,
  `free_field_6` varchar(255) DEFAULT NULL,
  `free_field_7` varchar(255) DEFAULT NULL,
  `is_insured` bit(1) DEFAULT NULL,
  `last_modified` datetime(6) DEFAULT NULL,
  `last_modified_by` varchar(255) DEFAULT NULL,
  `loan_benefiting_area` double DEFAULT NULL,
  `loan_purpose` varchar(255) DEFAULT NULL,
  `loan_steps` varchar(255) DEFAULT NULL,
  `ltv_ratio` double DEFAULT NULL,
  `margin` varchar(255) DEFAULT NULL,
  `member_id` bigint(20) DEFAULT NULL,
  `moratorium` varchar(255) DEFAULT NULL,
  `mortgage_date` datetime(6) DEFAULT NULL,
  `mortgage_deed_no` bigint(20) DEFAULT NULL,
  `penal_interest` double DEFAULT NULL,
  `processing_fee` double DEFAULT NULL,
  `roi` double DEFAULT NULL,
  `sanction_amt` double DEFAULT NULL,
  `sanction_roi` double DEFAULT NULL,
  `season_of_crop_loan` varchar(255) DEFAULT NULL,
  `security_doc_url` varchar(255) DEFAULT NULL,
  `security_offered` varchar(255) DEFAULT NULL,
  `status` varchar(255) DEFAULT NULL,
  `year` varchar(255) DEFAULT NULL,
  `assigned_from` bigint(20) DEFAULT NULL,
  `assigned_to` bigint(20) DEFAULT NULL,
  `branch_id` bigint(20) DEFAULT NULL,
  `loan_applications_id` bigint(20) DEFAULT NULL,
  `product_id` bigint(20) DEFAULT NULL,
  `security_user_id` bigint(20) DEFAULT NULL,
  PRIMARY KEY (`id`),
  KEY `FKghhj45qcy3twmkk2srs8ajtc2` (`branch_id`),
  KEY `FKai2wx031r0vowu8hfr1vdieey` (`loan_applications_id`),
  KEY `FKbulog7i8dm0d7mlduouk6j0ym` (`product_id`),
  KEY `FKlgjswuirv6n054c2kf9yv9lit` (`security_user_id`),
  CONSTRAINT `FKai2wx031r0vowu8hfr1vdieey` FOREIGN KEY (`loan_applications_id`) REFERENCES `loan_applications` (`id`),
  CONSTRAINT `FKbulog7i8dm0d7mlduouk6j0ym` FOREIGN KEY (`product_id`) REFERENCES `product` (`id`),
  CONSTRAINT `FKghhj45qcy3twmkk2srs8ajtc2` FOREIGN KEY (`branch_id`) REFERENCES `branch` (`id`),
  CONSTRAINT `FKlgjswuirv6n054c2kf9yv9lit` FOREIGN KEY (`security_user_id`) REFERENCES `security_user` (`id`)
) ENGINE=InnoDB AUTO_INCREMENT=275 DEFAULT CHARSET=latin1;

-- Dumping data for table los_db.loan_applications_history: ~263 rows (approximately)
DELETE FROM `loan_applications_history`;
/*!40000 ALTER TABLE `loan_applications_history` DISABLE KEYS */;
INSERT INTO `loan_applications_history` (`id`, `application_no`, `commity_amt`, `commity_roi`, `cost_of_investment`, `demand_amount`, `demanded_land_area_in_hector`, `down_payment_amt`, `extent_morgage_value`, `free_field_3`, `free_field_4`, `free_field_5`, `free_field_6`, `free_field_7`, `is_insured`, `last_modified`, `last_modified_by`, `loan_benefiting_area`, `loan_purpose`, `loan_steps`, `ltv_ratio`, `margin`, `member_id`, `moratorium`, `mortgage_date`, `mortgage_deed_no`, `penal_interest`, `processing_fee`, `roi`, `sanction_amt`, `sanction_roi`, `season_of_crop_loan`, `security_doc_url`, `security_offered`, `status`, `year`, `assigned_from`, `assigned_to`, `branch_id`, `loan_applications_id`, `product_id`, `security_user_id`) VALUES
	(1, 'LOKLOK_LAP2022-00030', NULL, NULL, NULL, 8000000, NULL, NULL, NULL, NULL, NULL, NULL, NULL, NULL, b'0', '2022-12-01 09:24:00.608000', 'DeepakShinde', NULL, 'agri', NULL, NULL, NULL, 25, NULL, NULL, NULL, NULL, NULL, 12, NULL, NULL, NULL, NULL, NULL, 'REJECTED', NULL, NULL, NULL, 1, 34, 9, NULL),
	(2, 'LOKLOK_LAP2022-00030', NULL, NULL, NULL, 8000000, NULL, NULL, NULL, NULL, NULL, NULL, NULL, NULL, b'0', '2022-12-01 09:26:47.621000', 'DeepakShinde', NULL, 'agri', NULL, NULL, NULL, 25, NULL, NULL, NULL, NULL, NULL, 12, NULL, NULL, NULL, NULL, NULL, 'REJECTED', NULL, NULL, NULL, 1, 34, 9, NULL),
	(3, 'LOKLOK_LAP2022-00030', NULL, NULL, NULL, 8000000, NULL, NULL, NULL, NULL, NULL, NULL, NULL, NULL, b'0', '2022-12-01 09:31:14.685000', 'DeepakShinde', NULL, 'agri', NULL, NULL, NULL, 25, NULL, NULL, NULL, NULL, NULL, 12, NULL, NULL, NULL, NULL, NULL, 'REJECTED', NULL, NULL, NULL, 1, 34, 9, NULL),
	(4, 'LOKLOK_LAP2022-00030', NULL, NULL, NULL, 8000000, NULL, NULL, NULL, NULL, NULL, NULL, NULL, NULL, b'0', '2022-12-01 09:53:22.213000', 'DeepakShinde', NULL, 'agri', NULL, NULL, NULL, 25, NULL, NULL, NULL, NULL, NULL, 12, NULL, NULL, NULL, NULL, NULL, 'REJECTED', NULL, NULL, NULL, 1, 34, 9, NULL),
	(5, 'LOKLOK_LAP2022-00030', NULL, NULL, NULL, 8000000, NULL, NULL, NULL, NULL, NULL, NULL, NULL, NULL, b'0', '2022-12-01 10:44:32.718000', 'DeepakShinde', NULL, 'agri', NULL, NULL, NULL, 25, NULL, NULL, NULL, NULL, NULL, 12, NULL, NULL, NULL, NULL, NULL, 'REJECTED', NULL, NULL, NULL, 1, 34, 9, NULL),
	(6, 'LOKLOK_LAP2022-00030', NULL, NULL, NULL, 8000000, NULL, NULL, NULL, NULL, NULL, NULL, NULL, NULL, b'0', '2022-12-01 10:46:17.661000', 'DeepakShinde', NULL, 'agri', NULL, NULL, NULL, 25, NULL, NULL, NULL, NULL, NULL, 12, NULL, NULL, NULL, NULL, NULL, 'REJECTED', NULL, NULL, NULL, 1, 34, 9, NULL),
	(7, 'LOKLOK_LAP2022-00030', NULL, NULL, NULL, 8000000, NULL, NULL, NULL, NULL, NULL, NULL, NULL, NULL, b'0', '2022-12-01 11:57:58.230000', 'DeepakShinde', NULL, 'agri', NULL, NULL, NULL, 25, NULL, NULL, NULL, NULL, NULL, 12, NULL, NULL, NULL, NULL, NULL, 'REJECTED', NULL, NULL, NULL, 1, 34, 9, NULL),
	(8, 'LOKLOK_LAP2022-00030', NULL, NULL, NULL, 8000000, NULL, NULL, NULL, NULL, NULL, NULL, NULL, NULL, b'0', '2022-12-01 11:58:43.582000', 'DeepakShinde', NULL, 'agri', NULL, NULL, NULL, 25, NULL, NULL, NULL, NULL, NULL, 12, NULL, NULL, NULL, NULL, NULL, 'REJECTED', NULL, NULL, NULL, 1, 34, 9, NULL),
	(9, 'LOKLOK_LAP2022-00030', NULL, NULL, NULL, 8000000, NULL, NULL, NULL, NULL, NULL, NULL, NULL, NULL, b'0', '2022-12-01 11:58:43.582000', 'DeepakShinde', NULL, 'agri', NULL, NULL, NULL, 25, NULL, NULL, NULL, NULL, NULL, 12, NULL, NULL, NULL, NULL, NULL, 'REJECTED', NULL, NULL, NULL, 1, 34, 9, NULL),
	(10, 'LOKLOK_LAP2022-00030', NULL, NULL, NULL, 8000000, NULL, NULL, NULL, NULL, NULL, NULL, NULL, NULL, b'0', '2022-12-01 12:02:57.270000', 'DeepakShinde', NULL, 'agri', NULL, NULL, NULL, 25, NULL, NULL, NULL, NULL, NULL, 12, NULL, NULL, NULL, NULL, NULL, 'REJECTED', NULL, NULL, NULL, 1, 34, 9, NULL),
	(11, 'LOKLOK_LAP2022-00030', NULL, NULL, NULL, 8000000, NULL, NULL, NULL, NULL, NULL, NULL, NULL, NULL, b'0', '2022-12-01 12:05:53.643000', 'DeepakShinde', NULL, 'agri', NULL, NULL, NULL, 25, NULL, NULL, NULL, NULL, NULL, 12, NULL, NULL, NULL, NULL, NULL, 'REJECTED', NULL, NULL, NULL, 1, 34, 9, NULL),
	(12, 'LOKLOK_LAP2022-00030', NULL, NULL, NULL, 8000000, NULL, NULL, NULL, NULL, NULL, NULL, NULL, NULL, b'0', '2022-12-01 12:11:09.902000', 'DeepakShinde', NULL, 'agri', NULL, NULL, NULL, 25, NULL, NULL, NULL, NULL, NULL, 12, NULL, NULL, NULL, NULL, NULL, 'REJECTED', NULL, NULL, NULL, 1, 34, 9, NULL),
	(13, 'LOKLOK_LAP2022-00030', NULL, NULL, NULL, 8000000, NULL, NULL, NULL, NULL, NULL, NULL, NULL, NULL, b'0', '2022-12-01 12:11:09.909000', 'DeepakShinde', NULL, 'agri', NULL, NULL, NULL, 25, NULL, NULL, NULL, NULL, NULL, 12, NULL, NULL, NULL, NULL, NULL, 'REJECTED', NULL, NULL, NULL, 1, 34, 9, NULL),
	(14, 'LOKLOK_LAP2022-00030', NULL, NULL, NULL, 8000000, NULL, NULL, NULL, NULL, NULL, NULL, NULL, NULL, b'0', '2022-12-01 12:28:32.831000', 'DeepakShinde', NULL, 'agri', NULL, NULL, NULL, 25, NULL, NULL, NULL, NULL, NULL, 12, NULL, NULL, NULL, NULL, NULL, 'REJECTED', NULL, NULL, NULL, 1, 34, 9, NULL),
	(15, 'LOKLOK_LAP2022-00030', NULL, NULL, NULL, 8000000, NULL, NULL, NULL, NULL, NULL, NULL, NULL, NULL, b'0', '2022-12-01 12:29:04.422000', 'DeepakShinde', NULL, 'agri', NULL, NULL, NULL, 25, NULL, NULL, NULL, NULL, NULL, 12, NULL, NULL, NULL, NULL, NULL, 'REJECTED', NULL, NULL, NULL, 1, 34, 9, NULL),
	(16, 'LOKLOK_LAP2022-00030', NULL, NULL, NULL, 8000000, NULL, NULL, NULL, NULL, NULL, NULL, NULL, NULL, b'0', '2022-12-01 12:29:04.428000', 'DeepakShinde', NULL, 'agri', NULL, NULL, NULL, 25, NULL, NULL, NULL, NULL, NULL, 12, NULL, NULL, NULL, NULL, NULL, 'REJECTED', NULL, NULL, NULL, 1, 34, 9, NULL),
	(17, 'LOKLOK_LAP2022-00030', NULL, NULL, NULL, 8000000, NULL, NULL, NULL, NULL, NULL, NULL, NULL, NULL, b'0', '2022-12-01 12:31:08.743000', 'DeepakShinde', NULL, 'agri', NULL, NULL, NULL, 25, NULL, NULL, NULL, NULL, NULL, 12, NULL, NULL, NULL, NULL, NULL, 'REJECTED', NULL, NULL, NULL, 1, 34, 9, NULL),
	(18, 'LOKLOK_LAP2022-00030', NULL, NULL, NULL, 8000000, NULL, NULL, NULL, NULL, NULL, NULL, NULL, NULL, b'0', '2022-12-01 12:31:26.621000', 'DeepakShinde', NULL, 'agri', NULL, NULL, NULL, 25, NULL, NULL, NULL, NULL, NULL, 12, NULL, NULL, NULL, NULL, NULL, 'REJECTED', NULL, NULL, NULL, 1, 34, 9, NULL),
	(19, 'LOKLOK_LAP2022-00030', NULL, NULL, NULL, 8000000, NULL, NULL, NULL, NULL, NULL, NULL, NULL, NULL, b'0', '2022-12-01 12:31:26.621000', 'DeepakShinde', NULL, 'agri', NULL, NULL, NULL, 25, NULL, NULL, NULL, NULL, NULL, 12, NULL, NULL, NULL, NULL, NULL, 'REJECTED', NULL, NULL, NULL, 1, 34, 9, NULL),
	(20, 'LOKLOK_LAP2022-00030', NULL, NULL, NULL, 8000000, NULL, NULL, NULL, NULL, NULL, NULL, NULL, NULL, b'0', '2022-12-01 12:43:37.175000', 'DeepakShinde', NULL, 'agri', NULL, NULL, NULL, 25, NULL, NULL, NULL, NULL, NULL, 12, NULL, NULL, NULL, NULL, NULL, 'REJECTED', NULL, NULL, NULL, 1, 34, 9, NULL),
	(21, 'LOKLOK_LAP2022-00030', NULL, NULL, NULL, 8000000, NULL, NULL, NULL, NULL, NULL, NULL, NULL, NULL, b'0', '2022-12-01 12:45:10.423000', 'DeepakShinde', NULL, 'agri', NULL, NULL, NULL, 25, NULL, NULL, NULL, NULL, NULL, 12, NULL, NULL, NULL, NULL, NULL, 'REJECTED', NULL, NULL, NULL, 1, 34, 9, NULL),
	(22, 'LOKLOK_LAP2022-00030', NULL, NULL, NULL, 8000000, NULL, NULL, NULL, NULL, NULL, NULL, NULL, NULL, b'0', '2022-12-01 12:46:00.874000', 'DeepakShinde', NULL, 'agri', NULL, NULL, NULL, 25, NULL, NULL, NULL, NULL, NULL, 12, NULL, NULL, NULL, NULL, NULL, 'REJECTED', NULL, NULL, NULL, 1, 34, 9, NULL),
	(23, 'LOKLOK_LAP2022-00030', NULL, NULL, NULL, 8000000, NULL, NULL, NULL, NULL, NULL, NULL, NULL, NULL, b'0', '2022-12-01 12:46:00.874000', 'DeepakShinde', NULL, 'agri', NULL, NULL, NULL, 25, NULL, NULL, NULL, NULL, NULL, 12, NULL, NULL, NULL, NULL, NULL, 'REJECTED', NULL, NULL, NULL, 1, 34, 9, NULL),
	(24, 'LOKLOK_LAP2022-00030', NULL, NULL, NULL, 8000000, NULL, NULL, NULL, NULL, NULL, NULL, NULL, NULL, b'0', '2022-12-01 12:48:44.911000', 'DeepakShinde', NULL, 'agri', NULL, NULL, NULL, 25, NULL, NULL, NULL, NULL, NULL, 12, NULL, NULL, NULL, NULL, NULL, 'REJECTED', NULL, NULL, NULL, 1, 34, 9, NULL),
	(25, 'LOKLOK_LAP2022-00030', NULL, NULL, NULL, 8000000, NULL, NULL, NULL, NULL, NULL, NULL, NULL, NULL, b'0', '2022-12-01 12:58:37.414000', 'DeepakShinde', NULL, 'agri', NULL, NULL, NULL, 25, NULL, NULL, NULL, NULL, NULL, 12, NULL, NULL, NULL, NULL, NULL, 'REJECTED', NULL, NULL, NULL, 1, 34, 9, NULL),
	(26, 'LOKLOK_LAP2022-00030', NULL, NULL, NULL, 8000000, NULL, NULL, NULL, NULL, NULL, NULL, NULL, NULL, b'0', '2022-12-01 13:08:52.119000', 'DeepakShinde', NULL, 'agri', NULL, NULL, NULL, 25, NULL, NULL, NULL, NULL, NULL, 12, NULL, NULL, NULL, NULL, NULL, 'REJECTED', NULL, NULL, NULL, 1, 34, 9, NULL),
	(27, 'LOKLOK_LAP2022-00030', NULL, NULL, NULL, 8000000, NULL, NULL, NULL, NULL, NULL, NULL, NULL, NULL, b'0', '2022-12-01 13:12:12.295000', 'DeepakShinde', NULL, 'agri', NULL, NULL, NULL, 25, NULL, NULL, NULL, NULL, NULL, 12, NULL, NULL, NULL, NULL, NULL, 'REJECTED', NULL, NULL, NULL, 1, 34, 9, NULL),
	(28, 'LOKLOK_LAP2022-00030', NULL, NULL, NULL, 8000000, NULL, NULL, NULL, NULL, NULL, NULL, NULL, NULL, b'0', '2022-12-01 13:14:21.009000', 'DeepakShinde', NULL, 'agri', NULL, NULL, NULL, 25, NULL, NULL, NULL, NULL, NULL, 12, NULL, NULL, NULL, NULL, NULL, 'REJECTED', NULL, NULL, NULL, 1, 34, 9, NULL),
	(29, 'LOKLOK_LAP2022-00030', NULL, NULL, NULL, 8000000, NULL, NULL, NULL, NULL, NULL, NULL, NULL, NULL, b'0', '2022-12-01 13:15:58.247000', 'DeepakShinde', NULL, 'agri', NULL, NULL, NULL, 25, NULL, NULL, NULL, NULL, NULL, 12, NULL, NULL, NULL, NULL, NULL, 'REJECTED', NULL, NULL, NULL, 1, 34, 9, NULL),
	(30, 'LOKLOK_LAP2022-00030', NULL, NULL, NULL, 8000000, NULL, NULL, NULL, NULL, NULL, NULL, NULL, NULL, b'0', '2022-12-01 13:18:00.797000', 'DeepakShinde', NULL, 'agri', NULL, NULL, NULL, 25, NULL, NULL, NULL, NULL, NULL, 12, NULL, NULL, NULL, NULL, NULL, 'REJECTED', NULL, NULL, NULL, 1, 34, 9, NULL),
	(32, 'LOKLAP2022-00004', NULL, NULL, NULL, 837251747, NULL, NULL, NULL, NULL, NULL, NULL, NULL, NULL, NULL, '2022-12-05 06:35:43.065000', 'DeepakShinde', NULL, 'asdjiiui', 'STEP_1', NULL, NULL, 13, NULL, NULL, NULL, NULL, NULL, NULL, NULL, NULL, NULL, NULL, NULL, 'APPLIED', NULL, 8, 5, NULL, 8, 10, NULL),
	(33, 'LOKLAP2022-00004', NULL, NULL, NULL, 837251747, NULL, NULL, NULL, NULL, NULL, NULL, NULL, NULL, NULL, '2022-12-05 06:35:55.476000', 'DeepakShinde', NULL, 'asdjiiui', 'STEP_1', NULL, NULL, 13, NULL, NULL, NULL, NULL, NULL, NULL, NULL, NULL, NULL, NULL, NULL, 'APPLIED', NULL, 8, 5, NULL, 8, 10, NULL),
	(34, 'LOKLAP2022-00004', NULL, NULL, NULL, 837251747, NULL, NULL, NULL, NULL, NULL, NULL, NULL, NULL, NULL, '2022-12-05 06:37:39.125000', 'DeepakShinde', NULL, 'asdjiiui', 'STEP_1', NULL, NULL, 13, NULL, NULL, NULL, NULL, NULL, NULL, NULL, NULL, NULL, NULL, NULL, 'APPLIED', NULL, 8, 5, NULL, 8, 10, NULL),
	(35, 'LOKLAP2022-00004', NULL, NULL, NULL, 837251747, NULL, NULL, NULL, NULL, NULL, NULL, NULL, NULL, NULL, '2022-12-05 06:37:58.142000', 'DeepakShinde', NULL, 'asdjiiui', 'STEP_1', NULL, NULL, 13, NULL, NULL, NULL, NULL, NULL, NULL, NULL, NULL, NULL, NULL, NULL, 'REJECTED', NULL, 8, 5, NULL, 8, 10, NULL),
	(36, 'LOKLAP2022-00004', NULL, NULL, NULL, 837251747, NULL, NULL, NULL, NULL, NULL, NULL, NULL, NULL, NULL, '2022-12-05 06:43:04.918000', 'DeepakShinde', NULL, 'asdjiiui', 'STEP_1', NULL, NULL, 13, NULL, NULL, NULL, NULL, NULL, NULL, NULL, NULL, NULL, NULL, NULL, 'APPLIED', NULL, 8, 5, NULL, 8, 10, NULL),
	(37, 'LOKLAP2022-00004', NULL, NULL, NULL, 837251747, NULL, NULL, NULL, NULL, NULL, NULL, NULL, NULL, NULL, '2022-12-05 06:43:17.884000', 'DeepakShinde', NULL, 'asdjiiui', 'STEP_1', NULL, NULL, 13, NULL, NULL, NULL, NULL, NULL, NULL, NULL, NULL, NULL, NULL, NULL, 'APPLIED', NULL, 8, 5, NULL, 8, 10, NULL),
	(38, 'LOKLAP2022-00004', NULL, NULL, NULL, 837251747, NULL, NULL, NULL, NULL, NULL, NULL, NULL, NULL, NULL, '2022-12-05 06:43:32.452000', 'DeepakShinde', NULL, 'asdjiiui', 'STEP_1', NULL, NULL, 13, NULL, NULL, NULL, NULL, NULL, NULL, NULL, NULL, NULL, NULL, NULL, 'REJECTED', NULL, 8, 5, NULL, 8, 10, NULL),
	(39, 'LOK_LAP2022-00034', NULL, NULL, NULL, 32442343, NULL, NULL, NULL, NULL, NULL, NULL, NULL, NULL, b'0', NULL, 'DineshGaikwad', NULL, 'fgfgdfgfg', NULL, NULL, NULL, 22, NULL, NULL, NULL, NULL, NULL, 12, NULL, NULL, NULL, NULL, NULL, 'DRAFT', NULL, NULL, NULL, 1, 38, 9, NULL),
	(40, 'LOK_LAP2022-00033', NULL, NULL, NULL, 800000, NULL, NULL, NULL, NULL, NULL, NULL, NULL, NULL, b'0', '2022-11-30 06:23:28.876000', 'DineshGaikwad', NULL, 'fish', NULL, NULL, NULL, 26, NULL, NULL, NULL, NULL, NULL, 12, NULL, NULL, NULL, NULL, NULL, 'APPLIED', NULL, 3, 5, 1, 37, 9, NULL),
	(41, 'LOKLOK_LAP2022-00032', NULL, NULL, NULL, 500000, NULL, NULL, NULL, NULL, NULL, NULL, NULL, NULL, b'0', '2022-11-30 04:49:08.029000', 'DineshGaikwad', NULL, 'Fish', NULL, NULL, NULL, 26, NULL, NULL, NULL, NULL, NULL, 12, NULL, NULL, NULL, NULL, NULL, 'APPLIED', NULL, 3, 5, 1, 36, 9, NULL),
	(42, 'LOKLOK_LAP2022-00026', NULL, NULL, NULL, 8990000000, NULL, NULL, NULL, NULL, NULL, NULL, NULL, NULL, b'0', '2022-11-29 10:29:38.997000', 'DineshGaikwad', NULL, 'TESTING PURPOSE', NULL, NULL, NULL, 21, NULL, NULL, NULL, NULL, NULL, 12, NULL, NULL, NULL, NULL, NULL, 'APPLIED', NULL, 3, 5, 1, 30, 9, NULL),
	(43, 'LOKLOK_LAP2022-00027', NULL, NULL, NULL, 500090, NULL, NULL, NULL, NULL, NULL, NULL, NULL, NULL, b'0', '2022-11-22 05:14:55.310000', 'DineshGaikwad', NULL, 'Home', NULL, NULL, NULL, 23, NULL, NULL, NULL, NULL, NULL, 12, NULL, NULL, NULL, NULL, NULL, 'APPLIED', NULL, 3, 5, 1, 31, 9, NULL),
	(44, 'LOKLOK_LAP2022-00028', NULL, NULL, NULL, 55555555, NULL, NULL, NULL, NULL, NULL, NULL, NULL, NULL, b'0', '2022-11-28 17:02:43.800000', 'DineshGaikwad', NULL, 'sdfsdfsd', NULL, NULL, NULL, 13, NULL, NULL, NULL, NULL, NULL, 12, NULL, NULL, NULL, NULL, NULL, 'APPLIED', NULL, 3, 5, 1, 32, 9, NULL),
	(45, 'LOKLOK_LAP2022-00029', NULL, NULL, NULL, 64564564, NULL, NULL, NULL, NULL, NULL, NULL, NULL, NULL, b'0', '2022-11-28 17:03:41.567000', 'DineshGaikwad', NULL, 'egffgd', NULL, NULL, NULL, 14, NULL, NULL, NULL, NULL, NULL, 12, NULL, NULL, NULL, NULL, NULL, 'APPLIED', NULL, 3, 5, 1, 33, 9, NULL),
	(46, 'LOK_LAP2022-00034', NULL, NULL, NULL, 32442343, NULL, NULL, NULL, NULL, NULL, NULL, NULL, NULL, b'0', NULL, 'DineshGaikwad', NULL, 'fgfgdfgfg', NULL, NULL, NULL, 22, NULL, NULL, NULL, NULL, NULL, 12, NULL, NULL, NULL, NULL, NULL, 'APPLIED', NULL, 3, 5, 1, 38, 9, NULL),
	(47, 'LOKLOK_LAP2022-00032', NULL, NULL, NULL, 500000, NULL, NULL, NULL, NULL, NULL, NULL, NULL, NULL, b'0', '2022-12-19 10:04:37.317000', 'DeepakShinde', NULL, 'Fish', NULL, NULL, NULL, 26, NULL, NULL, NULL, NULL, NULL, 12, NULL, NULL, NULL, NULL, NULL, 'REJECTED', NULL, 3, 5, 1, 36, 9, NULL),
	(48, 'LOKLOK_LAP2022-00032', NULL, NULL, NULL, 500000, NULL, NULL, NULL, NULL, NULL, NULL, NULL, NULL, b'0', '2022-12-19 10:06:25.007000', 'DeepakShinde', NULL, 'Fish', NULL, NULL, NULL, 26, NULL, NULL, NULL, NULL, NULL, 12, NULL, NULL, NULL, NULL, NULL, 'REJECTED', NULL, 3, 5, 1, 36, 9, NULL),
	(49, 'LOKLOK_LAP2022-00032', NULL, NULL, NULL, 500000, NULL, NULL, NULL, NULL, NULL, NULL, NULL, NULL, b'0', '2022-12-19 10:06:45.236000', 'DeepakShinde', NULL, 'Fish', NULL, NULL, NULL, 26, NULL, NULL, NULL, NULL, NULL, 12, NULL, NULL, NULL, NULL, NULL, 'REJECTED', NULL, 3, 5, 1, 36, 9, NULL),
	(50, 'LOKLOK_LAP2022-00031', NULL, NULL, NULL, 8000000, NULL, NULL, NULL, NULL, NULL, NULL, NULL, NULL, b'0', '2022-12-19 10:13:59.596000', 'DeepakShinde', NULL, 'Agriculture', NULL, NULL, NULL, 13, NULL, NULL, NULL, NULL, NULL, 12, NULL, NULL, NULL, NULL, NULL, 'AWAITED_LEG_VAL', NULL, NULL, NULL, 1, 35, 9, NULL),
	(51, 'LOKLOK_LAP2022-00031', NULL, NULL, NULL, 8000000, NULL, NULL, NULL, NULL, NULL, NULL, NULL, NULL, b'0', '2022-12-19 10:16:44.509000', 'DeepakShinde', NULL, 'Agriculture', NULL, NULL, '75', 13, NULL, NULL, NULL, NULL, NULL, 12, NULL, NULL, NULL, NULL, 'PRIME', 'AWAITED_COMM_REM', NULL, NULL, NULL, 1, 35, 9, NULL),
	(52, 'LOKLOK_LAP2022-00031', 8000000, 12, NULL, 8000000, NULL, NULL, NULL, NULL, NULL, NULL, NULL, NULL, b'0', '2022-12-19 10:17:20.517000', 'DeepakShinde', NULL, 'Agriculture', NULL, NULL, '75', 13, NULL, NULL, NULL, NULL, NULL, 12, NULL, NULL, NULL, NULL, 'PRIME', 'DRAFT', NULL, NULL, NULL, 1, 35, 9, NULL),
	(53, 'LOK_LAP2022-00033', NULL, NULL, NULL, 800000, NULL, NULL, NULL, NULL, NULL, NULL, NULL, NULL, b'0', '2022-12-19 10:27:19.251000', 'DeepakShinde', NULL, 'fish', NULL, NULL, NULL, 26, NULL, NULL, NULL, NULL, NULL, 12, NULL, NULL, NULL, NULL, NULL, 'VERIFIED', NULL, 3, 5, 1, 37, 9, NULL),
	(54, 'LOK_LAP2022-00035T', NULL, NULL, NULL, 1800000, NULL, NULL, NULL, NULL, NULL, NULL, NULL, NULL, b'0', '2022-12-20 07:17:15.431000', 'DineshGaikwad', NULL, 'Build house', NULL, NULL, NULL, 26, NULL, NULL, NULL, NULL, NULL, 12, NULL, NULL, NULL, NULL, NULL, 'DRAFT', NULL, NULL, NULL, 1, 39, 9, NULL),
	(55, 'LOK_LAP2022-00035T', NULL, NULL, NULL, 1800000, NULL, NULL, NULL, NULL, NULL, NULL, NULL, NULL, b'0', '2022-12-20 08:45:01.848000', 'DineshGaikwad', NULL, 'Build house', NULL, NULL, NULL, 26, NULL, NULL, NULL, NULL, NULL, 12, NULL, NULL, NULL, NULL, NULL, 'DRAFT', NULL, NULL, NULL, 1, 39, 9, NULL),
	(56, 'LOK_LAP2022-00035T', NULL, NULL, NULL, 1800000, NULL, NULL, NULL, NULL, NULL, NULL, NULL, NULL, b'0', '2022-12-20 08:45:19.994000', 'DineshGaikwad', NULL, 'Build house', NULL, NULL, NULL, 26, NULL, NULL, NULL, NULL, NULL, 12, NULL, NULL, NULL, NULL, NULL, 'DRAFT', NULL, NULL, NULL, 1, 39, 9, NULL),
	(57, 'LOK_LAP2022-00035T', NULL, NULL, NULL, 1800000, NULL, NULL, NULL, NULL, NULL, NULL, NULL, NULL, b'0', '2022-12-21 04:39:09.118000', 'DineshGaikwad', NULL, 'Build house', NULL, NULL, NULL, 26, NULL, NULL, NULL, NULL, NULL, 12, NULL, NULL, NULL, NULL, NULL, 'DRAFT', NULL, NULL, NULL, 1, 39, 9, NULL),
	(58, 'LOK_LAP2022-00035T', NULL, NULL, NULL, 1800000, NULL, NULL, NULL, NULL, NULL, NULL, NULL, NULL, b'0', '2022-12-21 06:33:11.858000', 'DineshGaikwad', NULL, 'Build house', NULL, NULL, NULL, 26, NULL, NULL, NULL, NULL, NULL, 12, NULL, NULL, NULL, NULL, NULL, 'DRAFT', NULL, NULL, NULL, 1, 39, 9, NULL),
	(59, 'LOK_LAP2022-00035T', NULL, NULL, NULL, 1800000, NULL, NULL, NULL, NULL, NULL, NULL, NULL, NULL, b'0', '2022-12-21 06:37:24.757000', 'DineshGaikwad', NULL, 'Build house', NULL, NULL, NULL, 26, NULL, NULL, NULL, NULL, NULL, 12, NULL, NULL, NULL, NULL, NULL, 'DRAFT', NULL, NULL, NULL, 1, 39, 9, NULL),
	(60, 'LOK_LAP2022-00035T', NULL, NULL, NULL, 1800000, NULL, NULL, NULL, NULL, NULL, NULL, NULL, NULL, b'0', '2022-12-21 07:07:53.432000', 'DineshGaikwad', NULL, 'Build house', NULL, NULL, NULL, 26, NULL, NULL, NULL, NULL, NULL, 12, NULL, NULL, NULL, NULL, NULL, 'DRAFT', NULL, NULL, NULL, 1, 39, 9, NULL),
	(61, 'LOK_LAP2022-00035T', NULL, NULL, NULL, 1800000, NULL, NULL, NULL, NULL, NULL, NULL, NULL, NULL, b'0', '2022-12-21 09:15:03.223000', 'DineshGaikwad', NULL, 'Build house', NULL, NULL, NULL, 26, NULL, NULL, NULL, NULL, NULL, 12, NULL, NULL, NULL, NULL, NULL, 'DRAFT', NULL, NULL, NULL, 1, 39, 9, NULL),
	(62, 'LOK_LAP2022-00035T', NULL, NULL, NULL, 1800000, NULL, NULL, NULL, NULL, NULL, NULL, NULL, NULL, b'0', '2022-12-21 09:46:06.498000', 'DineshGaikwad', NULL, 'Build house', NULL, NULL, NULL, 26, NULL, NULL, NULL, NULL, NULL, 12, NULL, NULL, NULL, NULL, NULL, 'DRAFT', NULL, NULL, NULL, 1, 39, 9, NULL),
	(63, 'LOK_LAP2022-00035T', NULL, NULL, NULL, 1800000, NULL, NULL, NULL, NULL, NULL, NULL, NULL, NULL, b'0', '2022-12-21 09:54:37.714000', 'DineshGaikwad', NULL, 'Build house', NULL, NULL, NULL, 26, NULL, NULL, NULL, NULL, NULL, 12, NULL, NULL, NULL, NULL, NULL, 'DRAFT', NULL, NULL, NULL, 1, 39, 9, NULL),
	(64, 'LOK_LAP2022-00035T', NULL, NULL, NULL, 1800000, NULL, NULL, NULL, NULL, NULL, NULL, NULL, NULL, b'0', '2022-12-21 10:07:39.756000', 'DineshGaikwad', NULL, 'Build house', NULL, NULL, NULL, 26, NULL, NULL, NULL, NULL, NULL, 12, NULL, NULL, NULL, NULL, NULL, 'DRAFT', NULL, NULL, NULL, 1, 39, 9, NULL),
	(65, 'LOK_LAP2022-00035T', NULL, NULL, NULL, 1800000, NULL, NULL, NULL, NULL, NULL, NULL, NULL, NULL, b'0', '2022-12-21 10:11:12.340000', 'DineshGaikwad', NULL, 'Build house', NULL, NULL, NULL, 26, NULL, NULL, NULL, NULL, NULL, 12, NULL, NULL, NULL, NULL, NULL, 'DRAFT', NULL, NULL, NULL, 1, 39, 9, NULL),
	(66, 'LOK_LAP2022-00035T', NULL, NULL, NULL, 1800000, NULL, NULL, NULL, NULL, NULL, NULL, NULL, NULL, b'0', '2022-12-21 10:11:35.535000', 'DineshGaikwad', NULL, 'Build house', NULL, NULL, NULL, 26, NULL, NULL, NULL, NULL, NULL, 12, NULL, NULL, NULL, NULL, NULL, 'APPLIED', NULL, 3, 5, 1, 39, 9, NULL),
	(67, 'LOK_LAP2022-00035T', NULL, NULL, NULL, 1800000, NULL, NULL, NULL, NULL, NULL, NULL, NULL, NULL, b'0', '2022-12-21 10:30:26.110000', 'DeepakShinde', NULL, 'Build house', NULL, NULL, NULL, 26, NULL, NULL, NULL, NULL, NULL, 12, NULL, NULL, NULL, NULL, NULL, 'APPLIED', NULL, 3, 5, 1, 39, 9, NULL),
	(68, 'LOK_LAP2022-00035T', NULL, NULL, NULL, 1800000, NULL, NULL, NULL, NULL, NULL, NULL, NULL, NULL, b'0', '2022-12-21 10:30:59.930000', 'DeepakShinde', NULL, 'Build house', NULL, NULL, NULL, 26, NULL, NULL, NULL, NULL, NULL, 12, NULL, NULL, NULL, NULL, NULL, 'APPLIED', NULL, 3, 5, 1, 39, 9, NULL),
	(69, 'LOK_LAP2022-00035T', NULL, NULL, NULL, 1800000, NULL, NULL, NULL, NULL, NULL, NULL, NULL, NULL, b'0', '2022-12-21 10:31:08.310000', 'DeepakShinde', NULL, 'Build house', NULL, NULL, NULL, 26, NULL, NULL, NULL, NULL, NULL, 12, NULL, NULL, NULL, NULL, NULL, 'APPLIED', NULL, 3, 5, 1, 39, 9, NULL),
	(70, 'LOK_LAP2022-00035T', NULL, NULL, NULL, 1800000, NULL, NULL, NULL, NULL, NULL, NULL, NULL, NULL, b'0', '2022-12-21 10:42:13.397000', 'DeepakShinde', NULL, 'Build house', NULL, NULL, NULL, 26, NULL, NULL, NULL, NULL, NULL, 12, NULL, NULL, NULL, NULL, NULL, 'APPLIED', NULL, 3, 5, 1, 39, 9, NULL),
	(71, 'LOK_LAP2022-00035T', NULL, NULL, NULL, 1800000, NULL, NULL, NULL, NULL, NULL, NULL, NULL, NULL, b'0', '2022-12-21 10:42:28.775000', 'DeepakShinde', NULL, 'Build house', NULL, NULL, NULL, 26, NULL, NULL, NULL, NULL, NULL, 12, NULL, NULL, NULL, NULL, NULL, 'VERIFIED', NULL, 3, 5, 1, 39, 9, NULL),
	(72, 'LOK_LAP2022-00035T', NULL, NULL, NULL, 1800000, NULL, NULL, NULL, NULL, NULL, NULL, NULL, NULL, b'0', '2022-12-21 10:46:37.197000', 'DeepakShinde', NULL, 'Build house', NULL, NULL, NULL, 26, NULL, NULL, NULL, NULL, NULL, 12, NULL, NULL, NULL, NULL, NULL, 'AWAITED_LEG_VAL', NULL, 3, 5, 1, 39, 9, NULL),
	(73, 'LOK_LAP2022-00035T', NULL, NULL, NULL, 1800000, NULL, NULL, NULL, NULL, NULL, NULL, NULL, NULL, b'0', '2022-12-21 10:49:10.667000', 'DeepakShinde', NULL, 'Build house', NULL, NULL, '75', 26, NULL, NULL, NULL, NULL, NULL, 12, NULL, NULL, NULL, NULL, 'COLLATERAL', 'AWAITED_COMM_REM', NULL, 3, 5, 1, 39, 9, NULL),
	(74, 'LOK_LAP2022-00035T', 1800000, 12, NULL, 1800000, NULL, NULL, NULL, NULL, NULL, NULL, NULL, NULL, b'0', '2022-12-21 10:49:50.500000', 'DeepakShinde', NULL, 'Build house', NULL, NULL, '75', 26, NULL, NULL, NULL, NULL, NULL, 12, NULL, NULL, NULL, NULL, 'COLLATERAL', 'AWAITED_COMM_REM', NULL, 3, 5, 1, 39, 9, NULL),
	(75, 'LOKLOK_LAP2022-00031', 8000000, 12, NULL, 8000000, NULL, NULL, NULL, NULL, NULL, NULL, NULL, NULL, b'0', '2022-12-21 11:37:27.958000', 'DineshGaikwad', NULL, 'Agriculture', NULL, NULL, '75', 13, NULL, NULL, NULL, NULL, NULL, 12, NULL, NULL, NULL, NULL, 'PRIME', 'DRAFT', NULL, NULL, NULL, 1, 35, 9, NULL),
	(76, 'LOKLOK_LAP2022-00031', 8000000, 12, NULL, 8000000, NULL, NULL, NULL, NULL, NULL, NULL, NULL, NULL, b'0', '2022-12-21 11:58:46.917000', 'DineshGaikwad', NULL, 'Agriculture', NULL, NULL, '75', 13, NULL, NULL, NULL, NULL, NULL, 12, NULL, NULL, NULL, NULL, 'PRIME', 'DRAFT', NULL, NULL, NULL, 1, 35, 9, NULL),
	(77, 'LOKLOK_LAP2022-00025', NULL, NULL, NULL, 5700000, NULL, NULL, NULL, NULL, NULL, NULL, NULL, NULL, b'0', '2022-12-21 12:50:59.273000', 'DeepakShinde', NULL, 'Construction', NULL, NULL, NULL, 20, NULL, NULL, NULL, NULL, NULL, 12, NULL, NULL, NULL, NULL, NULL, 'APPLIED', NULL, 3, 5, 1, 29, 9, NULL),
	(78, 'LOKLOK_LAP2022-00031', 8000000, 12, NULL, 8000000, NULL, NULL, NULL, NULL, NULL, NULL, NULL, NULL, b'0', '2022-12-22 04:47:42.470000', 'DineshGaikwad', NULL, 'Agriculture', NULL, NULL, '75', 13, NULL, NULL, NULL, NULL, NULL, 12, NULL, NULL, NULL, NULL, 'PRIME', 'DRAFT', NULL, NULL, NULL, 1, 35, 9, NULL),
	(79, 'LOKLOK_LAP2022-00027', NULL, NULL, NULL, 500090, NULL, NULL, NULL, NULL, NULL, NULL, NULL, NULL, b'0', '2022-12-22 05:27:56.581000', 'DeepakShinde', NULL, 'Home', NULL, NULL, NULL, 23, NULL, NULL, NULL, NULL, NULL, 12, NULL, NULL, NULL, NULL, NULL, 'APPLIED', NULL, 3, 5, 1, 31, 9, NULL),
	(80, 'LOK_LAP2022-00036T', NULL, NULL, NULL, 2500000, NULL, NULL, NULL, NULL, NULL, NULL, NULL, NULL, b'0', '2022-12-22 15:19:21.326000', 'DineshGaikwad', NULL, 'construction of complax', NULL, NULL, NULL, 29, NULL, NULL, NULL, NULL, NULL, 12, NULL, NULL, NULL, NULL, NULL, 'DRAFT', NULL, NULL, NULL, 1, 40, 9, NULL),
	(81, 'LOK_LAP2022-00036T', NULL, NULL, NULL, 2500000, NULL, NULL, NULL, NULL, NULL, NULL, NULL, NULL, b'0', '2022-12-22 15:19:35.212000', 'DineshGaikwad', NULL, 'construction of complax', NULL, NULL, NULL, 29, NULL, NULL, NULL, NULL, NULL, 12, NULL, NULL, NULL, NULL, NULL, 'DRAFT', NULL, NULL, NULL, 1, 40, 9, NULL),
	(82, 'LOK_LAP2022-00036T', NULL, NULL, NULL, 2500000, NULL, NULL, NULL, NULL, NULL, NULL, NULL, NULL, b'0', '2022-12-22 15:23:15.647000', 'DineshGaikwad', NULL, 'construction of complax', NULL, NULL, NULL, 29, NULL, NULL, NULL, NULL, NULL, 12, NULL, NULL, NULL, NULL, NULL, 'DRAFT', NULL, NULL, NULL, 1, 40, 9, NULL),
	(83, 'LOK_LAP2022-00036T', NULL, NULL, NULL, 2500000, NULL, NULL, NULL, NULL, NULL, NULL, NULL, NULL, b'0', '2022-12-22 15:24:25.910000', 'DineshGaikwad', NULL, 'construction of complax', NULL, NULL, NULL, 29, NULL, NULL, NULL, NULL, NULL, 12, NULL, NULL, NULL, NULL, NULL, 'DRAFT', NULL, NULL, NULL, 1, 40, 9, NULL),
	(84, 'LOK_LAP2022-00036T', NULL, NULL, NULL, 2500000, NULL, NULL, NULL, NULL, NULL, NULL, NULL, NULL, b'0', '2022-12-29 07:41:23.980000', 'DineshGaikwad', NULL, 'construction of complax', NULL, NULL, NULL, 29, NULL, NULL, NULL, NULL, NULL, 12, NULL, NULL, NULL, NULL, NULL, 'DRAFT', NULL, NULL, NULL, 1, 40, 1, NULL),
	(85, 'LOK_LAP2022-00001T', NULL, NULL, NULL, 9000000, NULL, NULL, NULL, NULL, NULL, NULL, NULL, NULL, b'0', '2022-12-30 10:16:56.315000', 'DineshGaikwad', NULL, 'construction of complax', NULL, NULL, NULL, 14, NULL, NULL, NULL, NULL, NULL, 12, NULL, NULL, NULL, NULL, NULL, 'DRAFT', NULL, NULL, NULL, 1, 41, 1, NULL),
	(86, 'LOK_LAP2022-00001T', NULL, NULL, NULL, 9000000, NULL, NULL, NULL, NULL, NULL, NULL, NULL, NULL, b'0', '2022-12-30 10:35:37.647000', 'DineshGaikwad', NULL, 'construction of complax', NULL, NULL, NULL, 14, NULL, NULL, NULL, NULL, NULL, 12, NULL, NULL, NULL, NULL, NULL, 'DRAFT', NULL, NULL, NULL, 1, 41, 1, NULL),
	(87, 'LOK_LAP2022-00001T', NULL, NULL, NULL, 9000000, NULL, NULL, NULL, NULL, NULL, NULL, NULL, NULL, b'0', '2022-12-30 10:49:10.827000', 'DineshGaikwad', NULL, 'construction of complax', NULL, NULL, NULL, 14, NULL, NULL, NULL, NULL, NULL, 12, NULL, NULL, NULL, NULL, NULL, 'DRAFT', NULL, NULL, NULL, 1, 41, 1, NULL),
	(88, 'LOK_LAP2022-00001T', NULL, NULL, NULL, 9000000, NULL, NULL, NULL, NULL, NULL, NULL, NULL, NULL, b'0', '2022-12-30 10:52:59.323000', 'DineshGaikwad', NULL, 'construction of complax', NULL, NULL, NULL, 14, NULL, NULL, NULL, NULL, NULL, 12, NULL, NULL, NULL, NULL, NULL, 'DRAFT', NULL, NULL, NULL, 1, 41, 1, NULL),
	(89, 'LOK_LAP2022-00001T', NULL, NULL, NULL, 9000000, NULL, NULL, NULL, NULL, NULL, NULL, NULL, NULL, b'0', '2022-12-30 10:58:51.721000', 'DineshGaikwad', NULL, 'construction of complax', NULL, NULL, NULL, 14, NULL, NULL, NULL, NULL, NULL, 12, NULL, NULL, NULL, NULL, NULL, 'DRAFT', NULL, NULL, NULL, 1, 41, 1, NULL),
	(90, 'LOK_LAP2022-00033', NULL, NULL, NULL, 800000, NULL, NULL, NULL, NULL, NULL, NULL, NULL, NULL, b'0', '2022-12-31 06:13:13.376000', 'DeepakShinde', NULL, 'fish', NULL, NULL, NULL, 26, NULL, NULL, NULL, NULL, NULL, 12, NULL, NULL, NULL, NULL, NULL, 'AWAITED_LEG_VAL', NULL, 3, 5, 1, 37, 1, NULL),
	(91, 'LOK_LAP2022-00033', NULL, NULL, NULL, 800000, NULL, NULL, NULL, NULL, NULL, NULL, NULL, NULL, b'0', '2022-12-31 06:14:35.147000', 'DeepakShinde', NULL, 'fish', NULL, NULL, '75', 26, NULL, NULL, NULL, NULL, NULL, 12, NULL, NULL, NULL, NULL, 'PRIME', 'AWAITED_COMM_REM', NULL, 3, 5, 1, 37, 1, NULL),
	(92, 'LOK_LAP2022-00033', 800000, 12, NULL, 800000, NULL, NULL, NULL, NULL, NULL, NULL, NULL, NULL, b'0', '2022-12-31 06:15:45.779000', 'DeepakShinde', NULL, 'fish', NULL, NULL, '75', 26, NULL, NULL, NULL, NULL, NULL, 12, NULL, NULL, NULL, NULL, 'PRIME', 'AWAITED_DIR_REM', NULL, 3, 5, 1, 37, 1, NULL),
	(93, 'LOK_LAP2022-00033', 800000, 12, NULL, 800000, NULL, NULL, NULL, NULL, NULL, NULL, NULL, NULL, b'0', '2022-12-31 06:16:42.183000', 'DeepakShinde', NULL, 'fish', NULL, NULL, '75', 26, NULL, NULL, NULL, NULL, NULL, 12, NULL, NULL, NULL, NULL, 'PRIME', 'AWAITED_DIR_REM', NULL, 3, 5, 1, 37, 1, NULL),
	(94, 'LOK_LAP2022-00033', 800000, 12, NULL, 800000, NULL, NULL, NULL, NULL, NULL, NULL, NULL, NULL, b'0', '2022-12-31 06:29:32.254000', 'DeepakShinde', NULL, 'fish', NULL, NULL, '75', 26, NULL, NULL, NULL, NULL, NULL, 12, NULL, NULL, NULL, NULL, 'PRIME', 'AWAITED_DIR_REM', NULL, 3, 5, 1, 37, 1, NULL),
	(95, 'LOK_LAP2022-00033', 800000, 12, NULL, 800000, NULL, NULL, NULL, NULL, NULL, NULL, NULL, NULL, b'0', '2022-12-31 06:29:36.450000', 'DeepakShinde', NULL, 'fish', NULL, NULL, '75', 26, NULL, NULL, NULL, NULL, NULL, 12, NULL, NULL, NULL, NULL, 'PRIME', 'AWAITED_SAN', NULL, 3, 5, 1, 37, 1, NULL),
	(96, 'LOK_LAP2022-0003', 800000, 12, NULL, 800000, NULL, NULL, NULL, NULL, NULL, NULL, NULL, NULL, b'0', '2022-12-31 06:29:49.534000', 'DeepakShinde', NULL, 'fish', NULL, NULL, '75', 26, NULL, NULL, NULL, NULL, NULL, 12, NULL, NULL, NULL, NULL, 'PRIME', 'SANCTIONED', NULL, 3, 5, 1, 37, 1, NULL),
	(97, 'LOK_LAP2022-0003', 800000, 12, NULL, 800000, NULL, NULL, NULL, NULL, NULL, NULL, NULL, NULL, b'0', '2022-12-31 06:31:26.400000', 'DeepakShinde', NULL, 'fish', NULL, NULL, '75', 26, NULL, NULL, NULL, NULL, NULL, 12, NULL, NULL, NULL, NULL, 'PRIME', 'DISBURSED', NULL, 3, 5, 1, 37, 1, NULL),
	(98, 'LOK_LAP2022-0003', 800000, 12, NULL, 800000, NULL, NULL, NULL, NULL, NULL, NULL, NULL, NULL, b'0', '2022-12-31 06:43:43.629000', 'DeepakShinde', NULL, 'fish', NULL, NULL, '75', 26, NULL, NULL, NULL, NULL, NULL, 12, NULL, NULL, NULL, NULL, 'PRIME', 'AWAITED_DIR_REM', NULL, 3, 5, 1, 37, 1, NULL),
	(99, 'LOK_LAP2022-0003', 800000, 12, NULL, 800000, NULL, NULL, NULL, NULL, NULL, NULL, NULL, NULL, b'0', '2022-12-31 06:44:03.105000', 'DeepakShinde', NULL, 'fish', NULL, NULL, '75', 26, NULL, NULL, NULL, NULL, NULL, 12, NULL, NULL, NULL, NULL, 'PRIME', 'AWAITED_SAN', NULL, 3, 5, 1, 37, 1, NULL),
	(100, 'LOK_LAP2022-000', 800000, 12, NULL, 800000, NULL, NULL, NULL, NULL, NULL, NULL, NULL, NULL, b'0', '2022-12-31 06:44:38.174000', 'DeepakShinde', NULL, 'fish', NULL, NULL, '75', 26, NULL, NULL, NULL, NULL, NULL, 12, NULL, NULL, NULL, NULL, 'PRIME', 'SANCTIONED', NULL, 3, 5, 1, 37, 1, NULL),
	(101, 'LOK_LAP2022-00035T', 1800000, 12, NULL, 1800000, NULL, NULL, NULL, NULL, NULL, NULL, NULL, NULL, b'0', '2022-12-31 07:01:13.833000', 'DeepakShinde', NULL, 'Build house', NULL, NULL, '75', 26, NULL, NULL, NULL, NULL, NULL, 12, NULL, NULL, NULL, NULL, 'COLLATERAL', 'AWAITED_LEG_VAL', NULL, 3, 5, 1, 39, 1, NULL),
	(102, 'LOK_LAP2022-00035T', 1800000, 12, NULL, 1800000, NULL, NULL, NULL, NULL, NULL, NULL, NULL, NULL, b'0', '2022-12-31 07:02:38.380000', 'DeepakShinde', NULL, 'Build house', NULL, NULL, '75', 26, NULL, NULL, NULL, NULL, NULL, 12, NULL, NULL, NULL, NULL, 'COLLATERAL', 'AWAITED_COMM_REM', NULL, 3, 5, 1, 39, 1, NULL),
	(103, 'LOK_LAP2022-00035T', 1800000, 12, NULL, 1800000, NULL, NULL, NULL, NULL, NULL, NULL, NULL, NULL, b'0', '2022-12-31 07:02:45.825000', 'DeepakShinde', NULL, 'Build house', NULL, NULL, '75', 26, NULL, NULL, NULL, NULL, NULL, 12, NULL, NULL, NULL, NULL, 'COLLATERAL', 'AWAITED_DIR_REM', NULL, 3, 5, 1, 39, 1, NULL),
	(104, 'LOK_LAP2022-00035T', 1800000, 12, NULL, 1800000, NULL, NULL, NULL, NULL, NULL, NULL, NULL, NULL, b'0', '2022-12-31 07:02:57.365000', 'DeepakShinde', NULL, 'Build house', NULL, NULL, '75', 26, NULL, NULL, NULL, NULL, NULL, 12, NULL, NULL, NULL, NULL, 'COLLATERAL', 'AWAITED_SAN', NULL, 3, 5, 1, 39, 1, NULL),
	(105, 'LOK_LAP2022-00035T', 1800000, 12, NULL, 1800000, NULL, NULL, NULL, NULL, NULL, NULL, NULL, NULL, b'0', '2022-12-31 07:03:31.071000', 'DeepakShinde', NULL, 'Build house', NULL, NULL, '75', 26, NULL, NULL, NULL, NULL, NULL, 12, NULL, NULL, NULL, NULL, 'COLLATERAL', 'AWAITED_SAN', NULL, 3, 5, 1, 39, 1, NULL),
	(106, 'LOK_LAP2022-00035T', 1800000, 12, NULL, 1800000, NULL, NULL, NULL, NULL, NULL, NULL, NULL, NULL, b'0', '2022-12-31 07:04:00.920000', 'DeepakShinde', NULL, 'Build house', NULL, NULL, '75', 26, NULL, NULL, NULL, NULL, NULL, 12, NULL, NULL, NULL, NULL, 'COLLATERAL', 'AWAITED_SAN', NULL, 3, 5, 1, 39, 1, NULL),
	(107, 'LOK_LAP2022-00035T', 1800000, 12, NULL, 1800000, NULL, NULL, NULL, NULL, NULL, NULL, NULL, NULL, b'0', '2023-01-02 08:58:04.816000', 'DeepakShinde', NULL, 'Build house', NULL, NULL, '75', 26, NULL, NULL, NULL, NULL, NULL, 12, 1700000, 15, NULL, NULL, 'COLLATERAL', 'AWAITED_SAN', NULL, 3, 5, 1, 39, 1, NULL),
	(108, 'LOK_LAP2022-00035T', 1800000, 12, NULL, 1800000, NULL, NULL, NULL, NULL, NULL, NULL, NULL, NULL, b'0', '2023-01-02 09:08:01.714000', 'DeepakShinde', NULL, 'Build house', NULL, NULL, '75', 26, NULL, NULL, NULL, NULL, NULL, 12, 1600000, 15, NULL, NULL, 'COLLATERAL', 'AWAITED_SAN', NULL, 3, 5, 1, 39, 1, NULL),
	(109, 'LOK_LAP2022-00035T', 1800000, 12, NULL, 1800000, NULL, NULL, NULL, NULL, NULL, NULL, NULL, NULL, b'0', '2023-01-02 09:11:21.796000', 'DeepakShinde', NULL, 'Build house', NULL, NULL, '75', 26, NULL, NULL, NULL, NULL, NULL, 12, 1600000, 15, NULL, NULL, 'COLLATERAL', 'AWAITED_SAN', NULL, 3, 5, 1, 39, 1, NULL),
	(110, 'LOK_LAP2022-00035T', 1800000, 12, NULL, 1800000, NULL, NULL, NULL, NULL, NULL, NULL, NULL, NULL, b'0', '2023-01-02 09:15:41.107000', 'DeepakShinde', NULL, 'Build house', NULL, NULL, '75', 26, NULL, NULL, NULL, NULL, NULL, 12, 1600000, 15, NULL, NULL, 'COLLATERAL', 'AWAITED_SAN', NULL, 3, 5, 1, 39, 1, NULL),
	(111, 'LOK_LAP2022-00035T', 1800000, 12, NULL, 1800000, NULL, NULL, NULL, NULL, NULL, NULL, NULL, NULL, b'0', '2023-01-02 10:22:42.467000', 'DeepakShinde', NULL, 'Build house', NULL, NULL, '75', 26, NULL, NULL, NULL, NULL, NULL, 12, 1600000, 15, NULL, NULL, 'COLLATERAL', 'AWAITED_SAN', NULL, 3, 5, 1, 39, 1, NULL),
	(112, 'LOK_LAP2022-00035', 1800000, 12, NULL, 1800000, NULL, NULL, NULL, NULL, NULL, NULL, NULL, NULL, b'0', '2023-01-02 10:23:10.086000', 'DeepakShinde', NULL, 'Build house', NULL, NULL, '75', 26, NULL, NULL, NULL, NULL, NULL, 12, 1600000, 15, NULL, NULL, 'COLLATERAL', 'SANCTIONED', NULL, 3, 5, 1, 39, 1, NULL),
	(113, 'LOK_LAP2022-00035', 1800000, 12, NULL, 1800000, NULL, NULL, NULL, NULL, NULL, NULL, NULL, NULL, b'0', '2023-01-02 10:30:40.332000', 'DeepakShinde', NULL, 'Build house', NULL, NULL, '75', 26, NULL, NULL, NULL, NULL, NULL, 12, 1600000, 15, NULL, NULL, 'COLLATERAL', 'DISBURSED', NULL, 3, 5, 1, 39, 1, NULL),
	(114, 'LOK_LAP2022-00001T', NULL, NULL, NULL, 9000000, NULL, NULL, NULL, NULL, NULL, NULL, NULL, NULL, b'0', '2023-01-02 10:57:12.453000', 'DeepakShinde', NULL, 'construction of complax', NULL, NULL, NULL, 14, NULL, NULL, NULL, NULL, NULL, 12, NULL, NULL, NULL, NULL, NULL, 'DRAFT', NULL, NULL, NULL, 1, 41, 1, NULL),
	(115, 'LOK_LAP2022-00001T', NULL, NULL, NULL, 9000000, NULL, NULL, NULL, NULL, NULL, NULL, NULL, NULL, b'0', '2023-01-02 11:00:50.256000', 'DeepakShinde', NULL, 'construction of complax', NULL, NULL, NULL, 14, NULL, NULL, NULL, NULL, NULL, 12, NULL, NULL, NULL, NULL, NULL, 'DRAFT', NULL, NULL, NULL, 1, 41, 1, NULL),
	(116, 'LOK_LAP2022-00001T', NULL, NULL, NULL, 9000000, NULL, NULL, NULL, NULL, NULL, NULL, NULL, NULL, b'0', '2023-01-02 11:03:18.640000', 'DeepakShinde', NULL, 'construction of complax', NULL, NULL, NULL, 14, NULL, NULL, NULL, NULL, NULL, 12, NULL, NULL, NULL, NULL, NULL, 'DRAFT', NULL, NULL, NULL, 1, 41, 1, NULL),
	(117, 'LOK_LAP2022-00001T', NULL, NULL, NULL, 9000000, NULL, NULL, NULL, NULL, NULL, NULL, NULL, NULL, b'0', '2023-01-02 11:04:02.816000', 'DeepakShinde', NULL, 'construction of complax', NULL, NULL, NULL, 14, NULL, NULL, NULL, NULL, NULL, 12, NULL, NULL, NULL, NULL, NULL, 'REJECTED', NULL, NULL, NULL, 1, 41, 1, NULL),
	(118, 'LOK_LAP2022-00001T', NULL, NULL, NULL, 9000000, NULL, NULL, NULL, NULL, NULL, NULL, NULL, NULL, b'0', '2023-01-02 11:04:29.463000', 'DeepakShinde', NULL, 'construction of complax', NULL, NULL, NULL, 14, NULL, NULL, NULL, NULL, NULL, 12, NULL, NULL, NULL, NULL, NULL, 'REJECTED', NULL, NULL, NULL, 1, 41, 1, NULL),
	(119, 'LOKLOK_LAP2022-00031', 8000000, 12, NULL, 8000000, NULL, NULL, NULL, NULL, NULL, NULL, NULL, NULL, b'0', '2023-01-02 11:28:51.080000', 'DineshGaikwad', NULL, 'Agriculture', NULL, NULL, '75', 13, NULL, NULL, NULL, NULL, NULL, 12, NULL, NULL, NULL, NULL, 'PRIME', 'DRAFT', NULL, NULL, NULL, 1, 35, 1, NULL),
	(120, 'LOKLOK_LAP2022-00031', 8000000, 12, NULL, 8000000, NULL, NULL, NULL, NULL, NULL, NULL, NULL, NULL, b'0', '2023-01-02 11:29:12.092000', 'DineshGaikwad', NULL, 'Agriculture', NULL, NULL, '75', 13, NULL, NULL, NULL, NULL, NULL, 12, NULL, NULL, NULL, NULL, 'PRIME', 'DRAFT', NULL, NULL, NULL, 1, 35, 1, NULL),
	(121, 'LOKLOK_LAP2022-00029', NULL, NULL, NULL, 64564564, NULL, NULL, NULL, NULL, NULL, NULL, NULL, NULL, b'0', '2023-01-02 11:33:35.962000', 'DineshGaikwad', NULL, 'egffgd', NULL, NULL, NULL, 14, NULL, NULL, NULL, NULL, NULL, 12, NULL, NULL, NULL, NULL, NULL, 'APPLIED', NULL, 3, 5, 1, 33, 1, NULL),
	(122, 'LOKLOK_LAP2022-00029', NULL, NULL, NULL, 64564564, NULL, NULL, NULL, NULL, NULL, NULL, NULL, NULL, b'0', '2023-01-02 11:33:41.650000', 'DineshGaikwad', NULL, 'egffgd', NULL, NULL, NULL, 14, NULL, NULL, NULL, NULL, NULL, 12, NULL, NULL, NULL, NULL, NULL, 'APPLIED', NULL, 3, 5, 1, 33, 1, NULL),
	(123, 'LOK_LAP2022-00036T', NULL, NULL, NULL, 2500000, NULL, NULL, NULL, NULL, NULL, NULL, NULL, NULL, b'0', '2023-01-02 11:44:52.994000', 'DineshGaikwad', NULL, 'construction of complax', NULL, NULL, NULL, 29, NULL, NULL, NULL, NULL, NULL, 12, NULL, NULL, NULL, NULL, NULL, 'DRAFT', NULL, NULL, NULL, 1, 40, 1, NULL),
	(124, 'LOK_LAP2022-00036T', NULL, NULL, NULL, 2500000, NULL, NULL, NULL, NULL, NULL, NULL, NULL, NULL, b'0', '2023-01-02 11:44:58.351000', 'DineshGaikwad', NULL, 'construction of complax', NULL, NULL, NULL, 29, NULL, NULL, NULL, NULL, NULL, 12, NULL, NULL, NULL, NULL, NULL, 'DRAFT', NULL, NULL, NULL, 1, 40, 1, NULL),
	(125, 'LOK_LAP2023-00002T', NULL, NULL, NULL, 8500000, NULL, NULL, NULL, NULL, NULL, NULL, NULL, NULL, b'0', '2023-01-02 12:23:29.505000', 'DineshGaikwad', NULL, 'construction of complax', NULL, NULL, NULL, 39, NULL, NULL, NULL, NULL, NULL, 12, NULL, NULL, NULL, NULL, NULL, 'DRAFT', NULL, NULL, NULL, 1, 42, 1, NULL),
	(126, 'LOK_LAP2023-00002T', NULL, NULL, NULL, 8500000, NULL, NULL, NULL, NULL, NULL, NULL, NULL, NULL, b'0', '2023-01-02 12:24:23.722000', 'DineshGaikwad', NULL, 'construction of complax', NULL, NULL, NULL, 39, NULL, NULL, NULL, NULL, NULL, 12, NULL, NULL, NULL, NULL, NULL, 'DRAFT', NULL, NULL, NULL, 1, 42, 1, NULL),
	(127, 'LOK_LAP2023-00002T', NULL, NULL, NULL, 8500000, NULL, NULL, NULL, NULL, NULL, NULL, NULL, NULL, b'0', '2023-01-02 12:24:36.700000', 'DineshGaikwad', NULL, 'construction of complax', NULL, NULL, NULL, 39, NULL, NULL, NULL, NULL, NULL, 12, NULL, NULL, NULL, NULL, NULL, 'DRAFT', NULL, NULL, NULL, 1, 42, 1, NULL),
	(128, 'LOK_LAP2023-00002T', NULL, NULL, NULL, 8500000, NULL, NULL, NULL, NULL, NULL, NULL, NULL, NULL, b'0', '2023-01-02 12:36:42.553000', 'DineshGaikwad', NULL, 'construction of complax', NULL, NULL, NULL, 39, NULL, NULL, NULL, NULL, NULL, 12, NULL, NULL, NULL, NULL, NULL, 'DRAFT', NULL, NULL, NULL, 1, 42, 1, NULL),
	(129, 'LOK_LAP2023-00002T', NULL, NULL, NULL, 8500000, NULL, NULL, NULL, NULL, NULL, NULL, NULL, NULL, b'0', '2023-01-02 12:37:30.047000', 'DineshGaikwad', NULL, 'construction of complax', NULL, NULL, NULL, 39, NULL, NULL, NULL, NULL, NULL, 12, NULL, NULL, NULL, NULL, NULL, 'DRAFT', NULL, NULL, NULL, 1, 42, 1, NULL),
	(130, 'LOK_LAP2023-00002T', NULL, NULL, NULL, 8500000, NULL, NULL, NULL, NULL, NULL, NULL, NULL, NULL, b'0', '2023-01-02 12:37:39.922000', 'DineshGaikwad', NULL, 'construction of complax', NULL, NULL, NULL, 39, NULL, NULL, NULL, NULL, NULL, 12, NULL, NULL, NULL, NULL, NULL, 'DRAFT', NULL, NULL, NULL, 1, 42, 1, NULL),
	(131, 'LOK_LAP2023-00002T', NULL, NULL, NULL, 8500000, NULL, NULL, NULL, NULL, NULL, NULL, NULL, NULL, b'0', '2023-01-02 12:42:40.314000', 'DineshGaikwad', NULL, 'construction of complax', NULL, NULL, NULL, 39, NULL, NULL, NULL, NULL, NULL, 12, NULL, NULL, NULL, NULL, NULL, 'DRAFT', NULL, NULL, NULL, 1, 42, 1, NULL),
	(132, 'LOK_LAP2023-00002T', NULL, NULL, NULL, 8500000, NULL, NULL, NULL, NULL, NULL, NULL, NULL, NULL, b'0', '2023-01-02 12:42:48.793000', 'DineshGaikwad', NULL, 'construction of complax', NULL, NULL, NULL, 39, NULL, NULL, NULL, NULL, NULL, 12, NULL, NULL, NULL, NULL, NULL, 'CREATED', NULL, NULL, NULL, 1, 42, 1, NULL),
	(133, 'LOK_LAP2023-00002T', NULL, NULL, NULL, 8500000, NULL, NULL, NULL, NULL, NULL, NULL, NULL, NULL, b'0', '2023-01-02 12:43:41.941000', 'DineshGaikwad', NULL, 'construction of complax', NULL, NULL, NULL, 39, NULL, NULL, NULL, NULL, NULL, 12, NULL, NULL, NULL, NULL, NULL, 'APPLIED', NULL, 3, 5, 1, 42, 1, NULL),
	(134, 'LOK_LAP2023-00002T', NULL, NULL, NULL, 8500000, NULL, NULL, NULL, NULL, NULL, NULL, NULL, NULL, b'0', '2023-01-02 12:44:43.828000', 'DeepakShinde', NULL, 'construction of complax', NULL, NULL, NULL, 39, NULL, NULL, NULL, NULL, NULL, 12, NULL, NULL, NULL, NULL, NULL, 'APPLIED', NULL, 3, 5, 1, 42, 1, NULL),
	(135, 'LOK_LAP2023-00002T', NULL, NULL, NULL, 8500000, NULL, NULL, NULL, NULL, NULL, NULL, NULL, NULL, b'0', '2023-01-02 12:44:53.720000', 'DeepakShinde', NULL, 'construction of complax', NULL, NULL, NULL, 39, NULL, NULL, NULL, NULL, NULL, 12, NULL, NULL, NULL, NULL, NULL, 'APPLIED', NULL, 3, 5, 1, 42, 1, NULL),
	(136, 'LOK_LAP2023-00002T', NULL, NULL, NULL, 8500000, NULL, NULL, NULL, NULL, NULL, NULL, NULL, NULL, b'0', '2023-01-02 12:45:03.619000', 'DeepakShinde', NULL, 'construction of complax', NULL, NULL, NULL, 39, NULL, NULL, NULL, NULL, NULL, 12, NULL, NULL, NULL, NULL, NULL, 'APPLIED', NULL, 3, 5, 1, 42, 1, NULL),
	(137, 'LOK_LAP2023-00002T', NULL, NULL, NULL, 8500000, NULL, NULL, NULL, NULL, NULL, NULL, NULL, NULL, b'0', '2023-01-02 12:45:14.941000', 'DeepakShinde', NULL, 'construction of complax', NULL, NULL, NULL, 39, NULL, NULL, NULL, NULL, NULL, 12, NULL, NULL, NULL, NULL, NULL, 'APPLIED', NULL, 3, 5, 1, 42, 1, NULL),
	(138, 'LOK_LAP2023-00002T', NULL, NULL, NULL, 8500000, NULL, NULL, NULL, NULL, NULL, NULL, NULL, NULL, b'0', '2023-01-02 12:46:00.701000', 'DeepakShinde', NULL, 'construction of complax', NULL, NULL, NULL, 39, NULL, NULL, NULL, NULL, NULL, 12, NULL, NULL, NULL, NULL, NULL, 'VERIFIED', NULL, 3, 5, 1, 42, 1, NULL),
	(139, 'LOK_LAP2023-00003T', NULL, NULL, NULL, 66565, NULL, NULL, NULL, NULL, NULL, NULL, NULL, NULL, b'0', '2023-01-02 13:34:57.633000', 'DineshGaikwad', NULL, 'home', NULL, NULL, NULL, 21, NULL, NULL, NULL, NULL, NULL, 12, NULL, NULL, NULL, NULL, NULL, 'DRAFT', NULL, NULL, NULL, 1, 43, 1, NULL),
	(140, 'LOK_LAP2023-00003T', NULL, NULL, NULL, 66565, NULL, NULL, NULL, NULL, NULL, NULL, NULL, NULL, b'0', '2023-01-02 13:35:05.457000', 'DineshGaikwad', NULL, 'home', NULL, NULL, NULL, 21, NULL, NULL, NULL, NULL, NULL, 12, NULL, NULL, NULL, NULL, NULL, 'DRAFT', NULL, NULL, NULL, 1, 43, 1, NULL),
	(141, 'LOK_LAP2023-00004T', NULL, NULL, NULL, 66666, NULL, NULL, NULL, NULL, NULL, NULL, NULL, NULL, b'0', '2023-01-02 13:48:27.862000', 'DineshGaikwad', NULL, 'home', NULL, NULL, NULL, 39, NULL, NULL, NULL, NULL, NULL, 12, NULL, NULL, NULL, NULL, NULL, 'DRAFT', NULL, NULL, NULL, 1, 44, 1, NULL),
	(142, 'LOK_LAP2023-00004T', NULL, NULL, NULL, 66666, NULL, NULL, NULL, NULL, NULL, NULL, NULL, NULL, b'0', '2023-01-02 13:48:54.301000', 'DineshGaikwad', NULL, 'home', NULL, NULL, NULL, 39, NULL, NULL, NULL, NULL, NULL, 12, NULL, NULL, NULL, NULL, NULL, 'DRAFT', NULL, NULL, NULL, 1, 44, 1, NULL),
	(143, 'LOK_LAP2023-00005T', NULL, NULL, NULL, 576567, NULL, NULL, NULL, NULL, NULL, NULL, NULL, NULL, b'0', '2023-01-03 06:42:17.418000', 'DineshGaikwad', NULL, 'home', NULL, NULL, NULL, 40, NULL, NULL, NULL, NULL, NULL, 12, NULL, NULL, NULL, NULL, NULL, 'DRAFT', NULL, NULL, NULL, 1, 45, 1, NULL),
	(144, 'LOK_LAP2023-00005T', NULL, NULL, NULL, 576567, NULL, NULL, NULL, NULL, NULL, NULL, NULL, NULL, b'0', '2023-01-03 06:43:55.448000', 'DineshGaikwad', NULL, 'home', NULL, NULL, NULL, 40, NULL, NULL, NULL, NULL, NULL, 12, NULL, NULL, NULL, NULL, NULL, 'DRAFT', NULL, NULL, NULL, 1, 45, 1, NULL),
	(145, 'LOK_LAP2023-00005T', NULL, NULL, NULL, 576567, NULL, NULL, NULL, NULL, NULL, NULL, NULL, NULL, b'0', '2023-01-03 06:44:21.647000', 'DineshGaikwad', NULL, 'home', NULL, NULL, NULL, 40, NULL, NULL, NULL, NULL, NULL, 12, NULL, NULL, NULL, NULL, NULL, 'DRAFT', NULL, NULL, NULL, 1, 45, 1, NULL),
	(146, 'LOK_LAP2023-00005T', NULL, NULL, NULL, 576567, NULL, NULL, NULL, NULL, NULL, NULL, NULL, NULL, b'0', '2023-01-03 08:51:04.159000', 'DineshGaikwad', NULL, 'home', NULL, NULL, NULL, 40, NULL, NULL, NULL, NULL, NULL, 12, NULL, NULL, NULL, NULL, NULL, 'DRAFT', NULL, NULL, NULL, 1, 45, 1, NULL),
	(147, 'LOK_LAP2023-00005T', NULL, NULL, NULL, 576567, NULL, NULL, NULL, NULL, NULL, NULL, NULL, NULL, b'0', '2023-01-03 08:57:00.059000', 'DineshGaikwad', NULL, 'home', NULL, NULL, NULL, 40, NULL, NULL, NULL, NULL, NULL, 12, NULL, NULL, NULL, NULL, NULL, 'DRAFT', NULL, NULL, NULL, 1, 45, 1, NULL),
	(148, 'LOK_LAP2023-00005T', NULL, NULL, NULL, 576567, NULL, NULL, NULL, NULL, NULL, NULL, NULL, NULL, b'0', '2023-01-03 09:07:12.138000', 'DineshGaikwad', NULL, 'home', NULL, NULL, NULL, 40, NULL, NULL, NULL, NULL, NULL, 12, NULL, NULL, NULL, NULL, NULL, 'DRAFT', NULL, NULL, NULL, 1, 45, 1, NULL),
	(149, 'LOK_LAP2023-00005T', NULL, NULL, NULL, 576567, NULL, NULL, NULL, NULL, NULL, NULL, NULL, NULL, b'0', '2023-01-03 09:10:02.878000', 'DineshGaikwad', NULL, 'home', NULL, NULL, NULL, 40, NULL, NULL, NULL, NULL, NULL, 12, NULL, NULL, NULL, NULL, NULL, 'DRAFT', NULL, NULL, NULL, 1, 45, 1, NULL),
	(150, 'LOK_LAP2023-00005T', NULL, NULL, NULL, 576567, NULL, NULL, NULL, NULL, NULL, NULL, NULL, NULL, b'0', '2023-01-03 09:19:15.429000', 'DineshGaikwad', NULL, 'home', NULL, NULL, NULL, 40, NULL, NULL, NULL, NULL, NULL, 12, NULL, NULL, NULL, NULL, NULL, 'DRAFT', NULL, NULL, NULL, 1, 45, 1, NULL),
	(151, 'LOK_LAP2023-00006T', NULL, NULL, NULL, 987897, NULL, NULL, NULL, NULL, NULL, NULL, NULL, NULL, b'0', '2023-01-03 11:51:55.461000', 'DineshGaikwad', NULL, 'home', NULL, NULL, NULL, 41, NULL, NULL, NULL, NULL, NULL, 12, NULL, NULL, NULL, NULL, NULL, 'DRAFT', NULL, NULL, NULL, 1, 46, 1, NULL),
	(152, 'LOK_LAP2023-00006T', NULL, NULL, NULL, 987897, NULL, NULL, NULL, NULL, NULL, NULL, NULL, NULL, b'0', '2023-01-03 11:52:50.275000', 'DineshGaikwad', NULL, 'home', NULL, NULL, NULL, 41, NULL, NULL, NULL, NULL, NULL, 12, NULL, NULL, NULL, NULL, NULL, 'DRAFT', NULL, NULL, NULL, 1, 46, 1, NULL),
	(153, 'LOK_LAP2023-00006T', NULL, NULL, NULL, 987897, NULL, NULL, NULL, NULL, NULL, NULL, NULL, NULL, b'0', '2023-01-03 11:55:19.299000', 'DineshGaikwad', NULL, 'home', NULL, NULL, NULL, 41, NULL, NULL, NULL, NULL, NULL, 12, NULL, NULL, NULL, NULL, NULL, 'DRAFT', NULL, NULL, NULL, 1, 46, 1, NULL),
	(154, 'LOK_LAP2023-00006T', NULL, NULL, NULL, 987897, NULL, NULL, NULL, NULL, NULL, NULL, NULL, NULL, b'0', '2023-01-03 12:40:34.185000', 'DineshGaikwad', NULL, 'home', NULL, NULL, NULL, 41, NULL, NULL, NULL, NULL, NULL, 12, NULL, NULL, NULL, NULL, NULL, 'DRAFT', NULL, NULL, NULL, 1, 46, 1, NULL),
	(155, 'LOK_LAP2023-00006T', NULL, NULL, NULL, 987897, NULL, NULL, NULL, NULL, NULL, NULL, NULL, NULL, b'0', '2023-01-03 12:40:53.451000', 'DineshGaikwad', NULL, 'home', NULL, NULL, NULL, 41, NULL, NULL, NULL, NULL, NULL, 12, NULL, NULL, NULL, NULL, NULL, 'CREATED', NULL, NULL, NULL, 1, 46, 1, NULL),
	(156, 'LOK_LAP2023-00006T', NULL, NULL, NULL, 987897, NULL, NULL, NULL, NULL, NULL, NULL, NULL, NULL, b'0', '2023-01-04 05:18:16.803000', 'DineshGaikwad', NULL, 'home', NULL, NULL, NULL, 41, NULL, NULL, NULL, NULL, NULL, 12, NULL, NULL, NULL, NULL, NULL, 'DRAFT', NULL, NULL, NULL, 1, 46, 1, NULL),
	(157, 'LOK_LAP2023-00006T', NULL, NULL, NULL, 987897, NULL, NULL, NULL, NULL, NULL, NULL, NULL, NULL, b'0', '2023-01-04 05:18:22.488000', 'DineshGaikwad', NULL, 'home', NULL, NULL, NULL, 41, NULL, NULL, NULL, NULL, NULL, 12, NULL, NULL, NULL, NULL, NULL, 'DRAFT', NULL, NULL, NULL, 1, 46, 1, NULL),
	(158, 'LOK_LAP2023-00005T', NULL, NULL, NULL, 576567, NULL, NULL, NULL, NULL, NULL, NULL, NULL, NULL, b'0', '2023-01-04 05:18:49.525000', 'DineshGaikwad', NULL, 'home', NULL, NULL, NULL, 40, NULL, NULL, NULL, NULL, NULL, 12, NULL, NULL, NULL, NULL, NULL, 'DRAFT', NULL, NULL, NULL, 1, 45, 1, NULL),
	(159, 'LOK_LAP2023-00005T', NULL, NULL, NULL, 576567, NULL, NULL, NULL, NULL, NULL, NULL, NULL, NULL, b'0', '2023-01-04 05:18:54.449000', 'DineshGaikwad', NULL, 'home', NULL, NULL, NULL, 40, NULL, NULL, NULL, NULL, NULL, 12, NULL, NULL, NULL, NULL, NULL, 'DRAFT', NULL, NULL, NULL, 1, 45, 1, NULL),
	(160, 'LOK_LAP2023-00005T', NULL, NULL, NULL, 576567, NULL, NULL, NULL, NULL, NULL, NULL, NULL, NULL, b'0', '2023-01-04 05:19:05.669000', 'DineshGaikwad', NULL, 'home', NULL, NULL, NULL, 40, NULL, NULL, NULL, NULL, NULL, 12, NULL, NULL, NULL, NULL, NULL, 'DRAFT', NULL, NULL, NULL, 1, 45, 1, NULL),
	(161, 'LOK_LAP2023-00005T', NULL, NULL, NULL, 576567, NULL, NULL, NULL, NULL, NULL, NULL, NULL, NULL, b'0', '2023-01-04 05:31:04.472000', 'DineshGaikwad', NULL, 'home', NULL, NULL, NULL, 40, NULL, NULL, NULL, NULL, NULL, 12, NULL, NULL, NULL, NULL, NULL, 'DRAFT', NULL, NULL, NULL, 1, 45, 1, NULL),
	(162, 'LOK_LAP2023-00005T', NULL, NULL, NULL, 576567, NULL, NULL, NULL, NULL, NULL, NULL, NULL, NULL, b'0', '2023-01-04 05:31:32.989000', 'DineshGaikwad', NULL, 'home', NULL, NULL, NULL, 40, NULL, NULL, NULL, NULL, NULL, 12, NULL, NULL, NULL, NULL, NULL, 'DRAFT', NULL, NULL, NULL, 1, 45, 1, NULL),
	(163, 'LOK_LAP2023-00005T', NULL, NULL, NULL, 576567, NULL, NULL, NULL, NULL, NULL, NULL, NULL, NULL, b'0', '2023-01-04 05:33:45.530000', 'DineshGaikwad', NULL, 'home', NULL, NULL, NULL, 40, NULL, NULL, NULL, NULL, NULL, 12, NULL, NULL, NULL, NULL, NULL, 'DRAFT', NULL, NULL, NULL, 1, 45, 1, NULL),
	(164, 'LOK_LAP2023-00005T', NULL, NULL, NULL, 576567, NULL, NULL, NULL, NULL, NULL, NULL, NULL, NULL, b'0', '2023-01-04 06:04:04.365000', 'DineshGaikwad', NULL, 'home', NULL, NULL, NULL, 40, NULL, NULL, NULL, NULL, NULL, 12, NULL, NULL, NULL, NULL, NULL, 'CREATED', NULL, NULL, NULL, 1, 45, 1, NULL),
	(165, 'LOK_LAP2023-00005T', NULL, NULL, NULL, 576567, NULL, NULL, NULL, NULL, NULL, NULL, NULL, NULL, b'0', '2023-01-04 06:09:29.706000', 'DineshGaikwad', NULL, 'home', NULL, NULL, NULL, 40, NULL, NULL, NULL, NULL, NULL, 12, NULL, NULL, NULL, NULL, NULL, 'APPLIED', NULL, 3, 5, 1, 45, 1, NULL),
	(166, 'LOK_LAP2023-00005T', NULL, NULL, NULL, 576567, NULL, NULL, NULL, NULL, NULL, NULL, NULL, NULL, b'0', '2023-01-04 10:27:41.451000', 'DeepakShinde', NULL, 'home', NULL, NULL, NULL, 40, NULL, NULL, NULL, NULL, NULL, 12, NULL, NULL, NULL, NULL, NULL, 'VERIFIED', NULL, 3, 5, 1, 45, 1, NULL),
	(167, 'LOK_LAP2023-00005T', NULL, NULL, NULL, 576567, NULL, NULL, NULL, NULL, NULL, NULL, NULL, NULL, b'0', '2023-01-04 11:18:51.084000', 'DeepakShinde', NULL, 'home', NULL, NULL, NULL, 40, NULL, NULL, NULL, NULL, NULL, 12, NULL, NULL, NULL, NULL, NULL, 'VERIFIED', NULL, 3, 5, 1, 45, 1, NULL),
	(168, 'LOK_LAP2023-00005T', NULL, NULL, NULL, 576567, NULL, NULL, NULL, NULL, NULL, NULL, NULL, NULL, b'0', '2023-01-04 11:33:57.725000', 'DeepakShinde', NULL, 'home', NULL, NULL, NULL, 40, NULL, NULL, NULL, NULL, NULL, 12, NULL, NULL, NULL, NULL, NULL, 'VERIFIED', NULL, 3, 5, 1, 45, 1, NULL),
	(169, 'LOK_LAP2023-00005T', NULL, NULL, NULL, 576567, NULL, NULL, NULL, NULL, NULL, NULL, NULL, NULL, b'0', '2023-01-05 05:06:55.840000', 'DeepakShinde', NULL, 'home', NULL, NULL, NULL, 40, NULL, NULL, NULL, NULL, NULL, 12, NULL, NULL, NULL, NULL, NULL, 'DRAFT', NULL, 3, 5, 1, 45, 1, NULL),
	(170, 'LOK_LAP2023-00005T', NULL, NULL, NULL, 576567, NULL, NULL, NULL, NULL, NULL, NULL, NULL, NULL, b'0', '2023-01-05 05:07:00.667000', 'DeepakShinde', NULL, 'home', NULL, NULL, NULL, 40, NULL, NULL, NULL, NULL, NULL, 12, NULL, NULL, NULL, NULL, NULL, 'DRAFT', NULL, 3, 5, 1, 45, 1, NULL),
	(171, 'LOK_LAP2023-00005T', NULL, NULL, NULL, 576567, NULL, NULL, NULL, NULL, NULL, NULL, NULL, NULL, b'0', '2023-01-05 05:07:03.058000', 'DeepakShinde', NULL, 'home', NULL, NULL, NULL, 40, NULL, NULL, NULL, NULL, NULL, 12, NULL, NULL, NULL, NULL, NULL, 'DRAFT', NULL, 3, 5, 1, 45, 1, NULL),
	(172, 'LOK_LAP2023-00005T', NULL, NULL, NULL, 576567, NULL, NULL, NULL, NULL, NULL, NULL, NULL, NULL, b'0', '2023-01-05 05:07:13.594000', 'DeepakShinde', NULL, 'home', NULL, NULL, NULL, 40, NULL, NULL, NULL, NULL, NULL, 12, NULL, NULL, NULL, NULL, NULL, 'DRAFT', NULL, 3, 5, 1, 45, 1, NULL),
	(173, 'LOK_LAP2023-00005T', NULL, NULL, NULL, 576567, NULL, NULL, NULL, NULL, NULL, NULL, NULL, NULL, b'0', '2023-01-05 05:07:22.909000', 'DeepakShinde', NULL, 'home', NULL, NULL, NULL, 40, NULL, NULL, NULL, NULL, NULL, 12, NULL, NULL, NULL, NULL, NULL, 'DRAFT', NULL, 3, 5, 1, 45, 1, NULL),
	(174, 'LOK_LAP2023-00005T', NULL, NULL, NULL, 576567, NULL, NULL, NULL, NULL, NULL, NULL, NULL, NULL, b'0', '2023-01-05 06:43:47.658000', 'DeepakShinde', NULL, 'home', NULL, NULL, NULL, 40, NULL, NULL, NULL, NULL, NULL, 12, NULL, NULL, NULL, NULL, NULL, 'VERIFIED', NULL, 3, 5, 1, 45, 1, NULL),
	(175, 'LOK_LAP2023-00005T', NULL, NULL, NULL, 576567, NULL, NULL, NULL, NULL, NULL, NULL, NULL, NULL, b'0', '2023-01-05 07:12:04.273000', 'DeepakShinde', NULL, 'home', NULL, NULL, NULL, 40, NULL, NULL, NULL, NULL, NULL, 12, NULL, NULL, NULL, NULL, NULL, 'VERIFIED', NULL, 3, 5, 1, 45, 1, NULL),
	(176, 'LOK_LAP2023-00005T', NULL, NULL, NULL, 576567, NULL, NULL, NULL, NULL, NULL, NULL, NULL, NULL, b'0', '2023-01-05 08:39:05.996000', 'DineshGaikwad', NULL, 'home', NULL, NULL, NULL, 40, NULL, NULL, NULL, NULL, NULL, 12, NULL, NULL, NULL, NULL, NULL, 'CREATED', NULL, 3, 5, 1, 45, 1, NULL),
	(177, 'LOK_LAP2023-00005T', NULL, NULL, NULL, 576567, NULL, NULL, NULL, NULL, NULL, NULL, NULL, NULL, b'0', '2023-01-05 08:53:19.181000', 'DineshGaikwad', NULL, 'home', NULL, NULL, NULL, 40, NULL, NULL, NULL, NULL, NULL, 12, NULL, NULL, NULL, NULL, NULL, 'APPLIED', NULL, 3, 5, 1, 45, 1, NULL),
	(178, 'LOK_LAP2023-00005T', NULL, NULL, NULL, 576567, NULL, NULL, NULL, NULL, NULL, NULL, NULL, NULL, b'0', '2023-01-05 09:13:17.075000', 'DeepakShinde', NULL, 'home', NULL, NULL, NULL, 40, NULL, NULL, NULL, NULL, NULL, 12, NULL, NULL, NULL, NULL, NULL, 'VERIFIED', NULL, 3, 5, 1, 45, 1, NULL),
	(179, 'LOK_LAP2023-00005T', NULL, NULL, NULL, 576567, NULL, NULL, NULL, NULL, NULL, NULL, NULL, NULL, b'0', '2023-01-05 09:39:23.967000', 'DeepakShinde', NULL, 'home', NULL, NULL, NULL, 40, NULL, NULL, NULL, NULL, NULL, 12, NULL, NULL, NULL, NULL, NULL, 'VERIFIED', NULL, 3, 5, 1, 45, 1, NULL),
	(180, 'LOK_LAP2023-00005T', NULL, NULL, NULL, 576567, NULL, NULL, NULL, NULL, NULL, NULL, NULL, NULL, b'0', '2023-01-05 09:42:05.418000', 'DeepakShinde', NULL, 'home', NULL, NULL, NULL, 40, NULL, NULL, NULL, NULL, NULL, 12, NULL, NULL, NULL, NULL, NULL, 'VERIFIED', NULL, 3, 5, 1, 45, 1, NULL),
	(181, 'LOK_LAP2023-00005T', NULL, NULL, NULL, 576567, NULL, NULL, NULL, NULL, NULL, NULL, NULL, NULL, b'0', '2023-01-06 05:10:49.616000', 'DineshGaikwad', NULL, 'home', NULL, NULL, NULL, 40, NULL, NULL, NULL, NULL, NULL, 12, NULL, NULL, NULL, NULL, NULL, 'CREATED', NULL, 3, 5, 1, 45, 1, NULL),
	(182, 'LOK_LAP2023-00005T', NULL, NULL, NULL, 576567, NULL, NULL, NULL, NULL, NULL, NULL, NULL, NULL, b'0', '2023-01-06 05:11:10.321000', 'DineshGaikwad', NULL, 'home', NULL, NULL, NULL, 40, NULL, NULL, NULL, NULL, NULL, 12, NULL, NULL, NULL, NULL, NULL, 'APPLIED', NULL, 3, 5, 1, 45, 1, NULL),
	(183, 'LOK_LAP2023-00005T', NULL, NULL, NULL, 576567, NULL, NULL, NULL, NULL, NULL, NULL, NULL, NULL, b'0', '2023-01-06 05:14:55.024000', 'DeepakShinde', NULL, 'home', NULL, NULL, NULL, 40, NULL, NULL, NULL, NULL, NULL, 12, NULL, NULL, NULL, NULL, NULL, 'VERIFIED', NULL, 3, 5, 1, 45, 1, NULL),
	(184, 'LOK_LAP2023-00005T', NULL, NULL, NULL, 576567, NULL, NULL, NULL, NULL, NULL, NULL, NULL, NULL, b'0', '2023-01-06 05:34:04.925000', 'DeepakShinde', NULL, 'home', NULL, NULL, NULL, 40, NULL, NULL, NULL, NULL, NULL, 12, NULL, NULL, NULL, NULL, NULL, 'VERIFIED', NULL, 3, 5, 1, 45, 1, NULL),
	(185, 'LOK_LAP2023-00005T', NULL, NULL, NULL, 576567, NULL, NULL, NULL, NULL, NULL, NULL, NULL, NULL, b'0', '2023-01-06 06:43:54.729000', 'DeepakShinde', NULL, 'home', NULL, NULL, NULL, 40, NULL, NULL, NULL, NULL, NULL, 12, NULL, NULL, NULL, NULL, NULL, 'VERIFIED', NULL, 3, 5, 1, 45, 1, NULL),
	(186, 'LOK_LAP2023-00005T', NULL, NULL, NULL, 576567, NULL, NULL, NULL, NULL, NULL, NULL, NULL, NULL, b'0', '2023-01-06 07:07:16.638000', 'DeepakShinde', NULL, 'home', NULL, NULL, NULL, 40, NULL, NULL, NULL, NULL, NULL, 12, NULL, NULL, NULL, NULL, NULL, 'VERIFIED', NULL, 3, 5, 1, 45, 1, NULL),
	(187, 'LOK_LAP2023-00005T', NULL, NULL, NULL, 576567, NULL, NULL, NULL, NULL, NULL, NULL, NULL, NULL, b'0', '2023-01-06 07:21:17.897000', 'DeepakShinde', NULL, 'home', NULL, NULL, NULL, 40, NULL, NULL, NULL, NULL, NULL, 12, NULL, NULL, NULL, NULL, NULL, 'VERIFIED', NULL, 3, 5, 1, 45, 1, NULL),
	(188, 'LOK_LAP2023-00005T', NULL, NULL, NULL, 576567, NULL, NULL, NULL, NULL, NULL, NULL, NULL, NULL, b'0', '2023-01-06 07:21:22.594000', 'DeepakShinde', NULL, 'home', NULL, NULL, NULL, 40, NULL, NULL, NULL, NULL, NULL, 12, NULL, NULL, NULL, NULL, NULL, 'VERIFIED', NULL, 3, 5, 1, 45, 1, NULL),
	(189, 'LOK_LAP2023-00005T', NULL, NULL, NULL, 576567, NULL, NULL, NULL, NULL, NULL, NULL, NULL, NULL, b'0', '2023-01-06 07:21:25.222000', 'DeepakShinde', NULL, 'home', NULL, NULL, NULL, 40, NULL, NULL, NULL, NULL, NULL, 12, NULL, NULL, NULL, NULL, NULL, 'VERIFIED', NULL, 3, 5, 1, 45, 1, NULL),
	(190, 'LOK_LAP2023-00005T', NULL, NULL, NULL, 576567, NULL, NULL, NULL, NULL, NULL, NULL, NULL, NULL, b'0', '2023-01-06 07:21:31.508000', 'DeepakShinde', NULL, 'home', NULL, NULL, NULL, 40, NULL, NULL, NULL, NULL, NULL, 12, NULL, NULL, NULL, NULL, NULL, 'VERIFIED', NULL, 3, 5, 1, 45, 1, NULL),
	(191, 'LOK_LAP2023-00005T', NULL, NULL, NULL, 576567, NULL, NULL, NULL, NULL, NULL, NULL, NULL, NULL, b'0', '2023-01-06 07:33:13.911000', 'DeepakShinde', NULL, 'home', NULL, NULL, NULL, 40, NULL, NULL, NULL, NULL, NULL, 12, NULL, NULL, NULL, NULL, NULL, 'DRAFT', NULL, 3, 5, 1, 45, 1, NULL),
	(192, 'LOK_LAP2023-00005T', NULL, NULL, NULL, 576567, NULL, NULL, NULL, NULL, NULL, NULL, NULL, NULL, b'0', '2023-01-06 07:33:44.656000', 'DeepakShinde', NULL, 'home', NULL, NULL, NULL, 40, NULL, NULL, NULL, NULL, NULL, 12, NULL, NULL, NULL, NULL, NULL, 'DRAFT', NULL, 3, 5, 1, 45, 1, NULL),
	(193, 'LOK_LAP2023-00005T', NULL, NULL, NULL, 576567, NULL, NULL, NULL, NULL, NULL, NULL, NULL, NULL, b'0', '2023-01-06 07:33:46.855000', 'DeepakShinde', NULL, 'home', NULL, NULL, NULL, 40, NULL, NULL, NULL, NULL, NULL, 12, NULL, NULL, NULL, NULL, NULL, 'DRAFT', NULL, 3, 5, 1, 45, 1, NULL),
	(194, 'LOK_LAP2023-00005T', NULL, NULL, NULL, 576567, NULL, NULL, NULL, NULL, NULL, NULL, NULL, NULL, b'0', '2023-01-06 07:33:59.914000', 'DeepakShinde', NULL, 'home', NULL, NULL, NULL, 40, NULL, NULL, NULL, NULL, NULL, 12, NULL, NULL, NULL, NULL, NULL, 'DRAFT', NULL, 3, 5, 1, 45, 1, NULL),
	(195, 'LOK_LAP2023-00005T', NULL, NULL, NULL, 576567, NULL, NULL, NULL, NULL, NULL, NULL, NULL, NULL, b'0', '2023-01-06 07:35:49.165000', 'DeepakShinde', NULL, 'home', NULL, NULL, NULL, 40, NULL, NULL, NULL, NULL, NULL, 12, NULL, NULL, NULL, NULL, NULL, 'VERIFIED', NULL, 3, 5, 1, 45, 1, NULL),
	(196, 'LOK_LAP2023-00005T', NULL, NULL, NULL, 576567, NULL, NULL, NULL, NULL, NULL, NULL, NULL, NULL, b'0', '2023-01-06 07:55:00.121000', 'DeepakShinde', NULL, 'home', NULL, NULL, NULL, 40, NULL, NULL, NULL, NULL, NULL, 12, NULL, NULL, NULL, NULL, NULL, 'VERIFIED', NULL, 3, 5, 1, 45, 1, NULL),
	(197, 'LOK_LAP2023-00005T', NULL, NULL, NULL, 576567, NULL, NULL, NULL, NULL, NULL, NULL, NULL, NULL, b'0', '2023-01-06 09:31:34.011000', 'DeepakShinde', NULL, 'home', NULL, NULL, NULL, 40, NULL, NULL, NULL, NULL, NULL, 12, NULL, NULL, NULL, NULL, NULL, 'VERIFIED', NULL, 3, 5, 1, 45, 1, NULL),
	(198, 'LOK_LAP2023-00005T', NULL, NULL, NULL, 576567, NULL, NULL, NULL, NULL, NULL, NULL, NULL, NULL, b'0', '2023-01-06 09:31:46.457000', 'DeepakShinde', NULL, 'home', NULL, NULL, NULL, 40, NULL, NULL, NULL, NULL, NULL, 12, NULL, NULL, NULL, NULL, NULL, 'VERIFIED', NULL, 3, 5, 1, 45, 1, NULL),
	(199, 'LOK_LAP2023-00005T', NULL, NULL, NULL, 576567, NULL, NULL, NULL, NULL, NULL, NULL, NULL, NULL, b'0', '2023-01-06 09:32:06.951000', 'DeepakShinde', NULL, 'home', NULL, NULL, NULL, 40, NULL, NULL, NULL, NULL, NULL, 12, NULL, NULL, NULL, NULL, NULL, 'VERIFIED', NULL, 3, 5, 1, 45, 1, NULL),
	(200, 'LOK_LAP2023-00005T', NULL, NULL, NULL, 576567, NULL, NULL, NULL, NULL, NULL, NULL, NULL, NULL, b'0', '2023-01-06 09:33:32.407000', 'DeepakShinde', NULL, 'home', NULL, NULL, NULL, 40, NULL, NULL, NULL, NULL, NULL, 12, NULL, NULL, NULL, NULL, NULL, 'VERIFIED', NULL, 3, 5, 1, 45, 1, NULL),
	(201, 'LOK_LAP2023-00005T', NULL, NULL, NULL, 576567, NULL, NULL, NULL, NULL, NULL, NULL, NULL, NULL, b'0', '2023-01-06 10:20:22.762000', 'DeepakShinde', NULL, 'home', NULL, NULL, NULL, 40, NULL, NULL, NULL, NULL, NULL, 12, NULL, NULL, NULL, NULL, NULL, 'AWAITED_LEG_VAL', NULL, 3, 5, 1, 45, 1, NULL),
	(202, 'LOK_LAP2023-00005T', NULL, NULL, NULL, 576567, NULL, NULL, NULL, NULL, NULL, NULL, NULL, NULL, b'0', '2023-01-06 10:31:11.031000', 'DeepakShinde', NULL, 'home', NULL, NULL, NULL, 40, NULL, NULL, NULL, NULL, NULL, 12, NULL, NULL, NULL, NULL, NULL, 'AWAITED_COMM_REM', NULL, 3, 5, 1, 45, 1, NULL),
	(203, 'LOK_LAP2023-00004T', NULL, NULL, NULL, 66666, NULL, NULL, NULL, NULL, NULL, NULL, NULL, NULL, b'0', '2023-01-06 11:51:29.691000', 'DeepakShinde', NULL, 'home', NULL, NULL, NULL, 39, NULL, NULL, NULL, NULL, NULL, 12, NULL, NULL, NULL, NULL, NULL, 'APPLIED', NULL, NULL, NULL, 1, 44, 1, NULL),
	(204, 'LOK_LAP2023-00005T', NULL, NULL, NULL, 576567, NULL, NULL, NULL, NULL, NULL, NULL, NULL, NULL, b'0', '2023-01-09 05:51:58.029000', 'DeepakShinde', NULL, 'home', NULL, NULL, NULL, 40, NULL, NULL, NULL, NULL, NULL, 12, NULL, NULL, NULL, NULL, NULL, 'REJECTED', NULL, 3, 5, 1, 45, 1, NULL),
	(205, 'LOK_LAP2023-00005T', NULL, NULL, NULL, 576567, NULL, NULL, NULL, NULL, NULL, NULL, NULL, NULL, b'0', '2023-01-09 05:58:19.491000', 'DeepakShinde', NULL, 'home', NULL, NULL, NULL, 40, NULL, NULL, NULL, NULL, NULL, 12, NULL, NULL, NULL, NULL, NULL, 'VERIFIED', NULL, 3, 5, 1, 45, 1, NULL),
	(206, 'LOK_LAP1673257537065T', NULL, NULL, NULL, 454001, NULL, NULL, NULL, NULL, NULL, NULL, NULL, NULL, b'0', '2023-01-09 09:45:36.904000', 'DineshGaikwad', NULL, 'home', NULL, NULL, NULL, 41, NULL, NULL, NULL, NULL, NULL, 12, NULL, NULL, NULL, NULL, NULL, 'DRAFT', NULL, NULL, NULL, 1, 47, 1, NULL),
	(207, 'LOK_LAP1673257537065T', NULL, NULL, NULL, 454001, NULL, NULL, NULL, NULL, NULL, NULL, NULL, NULL, b'0', '2023-01-09 09:45:57.779000', 'DineshGaikwad', NULL, 'home', NULL, NULL, NULL, 41, NULL, NULL, NULL, NULL, NULL, 12, NULL, NULL, NULL, NULL, NULL, 'DRAFT', NULL, NULL, NULL, 1, 47, 1, NULL),
	(208, 'LOK_LAP2023-00006T', NULL, NULL, NULL, 987897, NULL, NULL, NULL, NULL, NULL, NULL, NULL, NULL, b'0', '2023-01-09 09:48:39.559000', 'DineshGaikwad', NULL, 'home', NULL, NULL, NULL, 41, NULL, NULL, NULL, NULL, NULL, 12, NULL, NULL, NULL, NULL, NULL, 'DRAFT', NULL, NULL, NULL, 1, 46, 1, NULL),
	(209, 'LOK_LAP2023-00006T', NULL, NULL, NULL, 987897, NULL, NULL, NULL, NULL, NULL, NULL, NULL, NULL, b'0', '2023-01-09 09:55:34.755000', 'DineshGaikwad', NULL, 'home', NULL, NULL, NULL, 41, NULL, NULL, NULL, NULL, NULL, 12, NULL, NULL, NULL, NULL, NULL, 'DRAFT', NULL, NULL, NULL, 1, 46, 1, NULL),
	(210, 'LOK_LAP2023-00005T', NULL, NULL, NULL, 576567, NULL, NULL, NULL, NULL, NULL, NULL, NULL, NULL, b'0', '2023-01-16 09:35:33.533000', 'DeepakShinde', NULL, 'home', NULL, NULL, NULL, 40, NULL, NULL, NULL, NULL, NULL, 12, NULL, NULL, NULL, NULL, NULL, 'AWAITED_LEG_VAL', NULL, 3, 5, 1, 45, 1, NULL),
	(211, 'LOK_LAP2023-00005T', NULL, NULL, NULL, 576567, NULL, NULL, NULL, NULL, NULL, NULL, NULL, NULL, b'0', '2023-01-16 09:42:00.777000', 'DeepakShinde', NULL, 'home', NULL, NULL, NULL, 40, NULL, NULL, NULL, NULL, NULL, 12, NULL, NULL, NULL, NULL, NULL, 'AWAITED_COMM_REM', NULL, 3, 5, 1, 45, 1, NULL),
	(212, 'LOK_LAP2023-00005T', NULL, NULL, NULL, 576567, NULL, NULL, NULL, NULL, NULL, NULL, NULL, NULL, b'0', '2023-01-16 09:42:57.523000', 'DeepakShinde', NULL, 'home', NULL, NULL, NULL, 40, NULL, NULL, NULL, NULL, NULL, 12, NULL, NULL, NULL, NULL, NULL, 'AWAITED_COMM_REM', NULL, 3, 5, 1, 45, 1, NULL),
	(213, 'LOK_LAP2023-00005T', NULL, NULL, NULL, 576567, NULL, NULL, NULL, NULL, NULL, NULL, NULL, NULL, b'0', '2023-01-16 09:48:37.298000', 'DeepakShinde', NULL, 'home', NULL, NULL, NULL, 40, NULL, NULL, NULL, NULL, NULL, 12, NULL, NULL, NULL, NULL, NULL, 'AWAITED_COMM_REM', NULL, 3, 5, 1, 45, 1, NULL),
	(214, 'LOK_LAP2023-00005T', NULL, NULL, NULL, 576567, NULL, NULL, NULL, NULL, NULL, NULL, NULL, NULL, b'0', '2023-01-16 09:49:10.677000', 'DeepakShinde', NULL, 'home', NULL, NULL, NULL, 40, NULL, NULL, NULL, NULL, NULL, 12, NULL, NULL, NULL, NULL, NULL, 'AWAITED_SAN', NULL, 3, 5, 1, 45, 1, NULL),
	(215, 'LOK_LAP2023-00005T', NULL, NULL, NULL, 576567, NULL, NULL, NULL, NULL, NULL, NULL, NULL, NULL, b'0', '2023-01-16 09:50:51.838000', 'DeepakShinde', NULL, 'home', NULL, NULL, NULL, 40, NULL, NULL, NULL, NULL, NULL, 12, NULL, NULL, NULL, NULL, NULL, 'AWAITED_COMM_REM', NULL, 3, 5, 1, 45, 1, NULL),
	(216, 'LOK_LAP2023-00005T', NULL, NULL, NULL, 576567, NULL, NULL, NULL, NULL, NULL, NULL, NULL, NULL, b'0', '2023-01-16 09:51:13.721000', 'DeepakShinde', NULL, 'home', NULL, NULL, NULL, 40, NULL, NULL, NULL, NULL, NULL, 12, NULL, NULL, NULL, NULL, NULL, 'AWAITED_SAN', NULL, 3, 5, 1, 45, 1, NULL),
	(217, 'LOK_LAP2023-00005T', NULL, NULL, NULL, 576567, NULL, NULL, NULL, NULL, NULL, NULL, NULL, NULL, b'0', '2023-01-16 09:52:45.530000', 'DeepakShinde', NULL, 'home', NULL, NULL, NULL, 40, NULL, NULL, NULL, NULL, NULL, 12, NULL, NULL, NULL, NULL, NULL, 'AWAITED_COMM_REM', NULL, 3, 5, 1, 45, 1, NULL),
	(218, 'LOK_LAP2023-00005T', NULL, NULL, NULL, 576567, NULL, NULL, NULL, NULL, NULL, NULL, NULL, NULL, b'0', '2023-01-16 09:53:11.511000', 'DeepakShinde', NULL, 'home', NULL, NULL, NULL, 40, NULL, NULL, NULL, NULL, NULL, 12, NULL, NULL, NULL, NULL, NULL, 'AWAITED_SAN', NULL, 3, 5, 1, 45, 1, NULL),
	(219, 'LOK_LAP2023-00005', NULL, NULL, NULL, 576567, NULL, NULL, NULL, NULL, NULL, NULL, NULL, NULL, b'0', '2023-01-16 09:53:49.986000', 'DeepakShinde', NULL, 'home', NULL, NULL, NULL, 40, NULL, NULL, NULL, NULL, NULL, 12, 767676, 7.3, NULL, NULL, NULL, 'SANCTIONED', NULL, 3, 5, 1, 45, 1, NULL),
	(220, 'LOK_LAP2023-00005', NULL, NULL, NULL, 576567, NULL, NULL, NULL, NULL, NULL, NULL, NULL, NULL, b'0', '2023-01-16 09:56:50.628000', 'DeepakShinde', NULL, 'home', NULL, NULL, NULL, 40, NULL, NULL, NULL, NULL, NULL, 12, 767676, 7.3, NULL, NULL, NULL, 'DISBURSED', NULL, 3, 5, 1, 45, 1, NULL),
	(221, 'LOK_LAP2023-00002T', NULL, NULL, NULL, 8500000, NULL, NULL, NULL, NULL, NULL, NULL, NULL, NULL, b'0', '2023-01-16 10:14:18.229000', 'DeepakShinde', NULL, 'construction of complax', NULL, NULL, NULL, 39, NULL, NULL, NULL, NULL, NULL, 12, NULL, NULL, NULL, NULL, NULL, 'AWAITED_LEG_VAL', NULL, 3, 5, 1, 42, 1, NULL),
	(222, 'LOK_LAP1674198860323T', NULL, NULL, NULL, 22222, NULL, NULL, NULL, NULL, NULL, NULL, NULL, NULL, b'0', '2023-01-09 09:55:34.755000', 'DineshGaikwad', NULL, 'home', NULL, NULL, NULL, 41, NULL, NULL, NULL, NULL, NULL, 10, NULL, NULL, NULL, NULL, NULL, 'DRAFT', NULL, NULL, NULL, 1, 48, 1, NULL),
	(223, 'LOK_LAP1673257537065T', NULL, NULL, NULL, 454001, NULL, NULL, NULL, NULL, NULL, NULL, NULL, NULL, b'0', '2023-01-20 10:06:52.116000', 'DineshGaikwad', NULL, 'home', NULL, NULL, NULL, 41, NULL, NULL, NULL, NULL, NULL, 12, NULL, NULL, NULL, NULL, NULL, 'DRAFT', NULL, NULL, NULL, 1, 47, 1, NULL),
	(224, 'LOK_LAP1673257537065T', NULL, NULL, NULL, 454001, NULL, NULL, NULL, NULL, NULL, NULL, NULL, NULL, b'0', '2023-01-20 10:07:00.550000', 'DineshGaikwad', NULL, 'home', NULL, NULL, NULL, 41, NULL, NULL, NULL, NULL, NULL, 12, NULL, NULL, NULL, NULL, NULL, 'DRAFT', NULL, NULL, NULL, 1, 47, 1, NULL),
	(225, 'LOK_LAP1673257537065T', NULL, NULL, NULL, 454001, NULL, NULL, NULL, NULL, NULL, NULL, NULL, NULL, b'0', '2023-01-20 10:12:45.551000', 'DineshGaikwad', NULL, 'home', NULL, NULL, NULL, 41, NULL, NULL, NULL, NULL, NULL, 12, NULL, NULL, NULL, NULL, NULL, 'DRAFT', NULL, NULL, NULL, 1, 47, 1, NULL),
	(226, 'LOK_LAP1674458860415T', NULL, NULL, NULL, 50000, NULL, NULL, NULL, NULL, NULL, NULL, NULL, NULL, b'0', '2023-01-23 07:27:40.336000', 'DineshGaikwad', NULL, 'home', NULL, NULL, NULL, 41, NULL, NULL, NULL, NULL, NULL, 12, NULL, NULL, NULL, NULL, NULL, 'DRAFT', NULL, NULL, NULL, 1, 49, 1, NULL),
	(227, 'LOK_LAP1674458860415T', NULL, NULL, NULL, 50000, NULL, NULL, NULL, NULL, NULL, NULL, NULL, NULL, b'0', '2023-01-23 07:27:48.760000', 'DineshGaikwad', NULL, 'home', NULL, NULL, NULL, 41, NULL, NULL, NULL, NULL, NULL, 12, NULL, NULL, NULL, NULL, NULL, 'DRAFT', NULL, NULL, NULL, 1, 49, 1, NULL),
	(228, 'LOK_LAP1674458860415T', NULL, NULL, NULL, 50000, NULL, NULL, NULL, NULL, NULL, NULL, NULL, NULL, b'0', '2023-01-23 07:28:09.294000', 'DineshGaikwad', NULL, 'home', NULL, NULL, NULL, 41, NULL, NULL, NULL, NULL, NULL, 12, NULL, NULL, NULL, NULL, NULL, 'DRAFT', NULL, NULL, NULL, 1, 49, 1, NULL),
	(229, 'LOK_LAP1674552589260T', NULL, NULL, NULL, 1000000, NULL, NULL, NULL, NULL, NULL, NULL, NULL, NULL, b'0', '2023-01-24 09:29:49.204000', 'DineshGaikwad', NULL, 'home', NULL, NULL, NULL, 42, NULL, NULL, NULL, NULL, NULL, 12, NULL, NULL, NULL, NULL, NULL, 'DRAFT', NULL, NULL, NULL, 1, 50, 1, NULL),
	(230, 'LOK_LAP1674552589260T', NULL, NULL, NULL, 1000000, NULL, NULL, NULL, NULL, NULL, NULL, NULL, NULL, b'0', '2023-01-24 09:30:00.050000', 'DineshGaikwad', NULL, 'home', NULL, NULL, NULL, 42, NULL, NULL, NULL, NULL, NULL, 12, NULL, NULL, NULL, NULL, NULL, 'DRAFT', NULL, NULL, NULL, 1, 50, 1, NULL),
	(231, 'LOK_LAP1674552589260T', NULL, NULL, NULL, 1000000, NULL, NULL, NULL, NULL, NULL, NULL, NULL, NULL, b'0', '2023-01-24 09:31:58.741000', 'DineshGaikwad', NULL, 'home', NULL, NULL, NULL, 42, NULL, NULL, NULL, NULL, NULL, 12, NULL, NULL, NULL, NULL, NULL, 'DRAFT', NULL, NULL, NULL, 1, 50, 1, NULL),
	(232, 'LOK_LAP1674552589260T', NULL, NULL, NULL, 1000000, NULL, NULL, NULL, NULL, NULL, NULL, NULL, NULL, b'0', '2023-01-24 09:32:35.751000', 'DineshGaikwad', NULL, 'home', NULL, NULL, NULL, 42, NULL, NULL, NULL, NULL, NULL, 12, NULL, NULL, NULL, NULL, NULL, 'DRAFT', NULL, NULL, NULL, 1, 50, 1, NULL),
	(233, 'LOK_LAP1674552589260T', NULL, NULL, NULL, 1000000, NULL, NULL, NULL, NULL, NULL, NULL, NULL, NULL, b'0', '2023-01-24 09:39:18.985000', 'DineshGaikwad', NULL, 'home', NULL, NULL, NULL, 42, NULL, NULL, NULL, NULL, NULL, 12, NULL, NULL, NULL, NULL, NULL, 'DRAFT', NULL, NULL, NULL, 1, 50, 1, NULL),
	(234, 'LOK_LAP1674552589260T', NULL, NULL, NULL, 1000000, NULL, NULL, NULL, NULL, NULL, NULL, NULL, NULL, b'0', '2023-01-24 09:41:11.710000', 'DineshGaikwad', NULL, 'home', NULL, NULL, NULL, 42, NULL, NULL, NULL, NULL, NULL, 12, NULL, NULL, NULL, NULL, NULL, 'CREATED', NULL, NULL, NULL, 1, 50, 1, NULL),
	(235, 'LOK_LAP1674552589260T', NULL, NULL, NULL, 1000000, NULL, NULL, NULL, NULL, NULL, NULL, NULL, NULL, b'0', '2023-01-24 09:42:31.392000', 'DineshGaikwad', NULL, 'home', NULL, NULL, NULL, 42, NULL, NULL, NULL, NULL, NULL, 12, NULL, NULL, NULL, NULL, NULL, 'APPLIED', NULL, 3, 5, 1, 50, 1, NULL),
	(236, 'LOK_LAP1674552589260T', NULL, NULL, NULL, 1000000, NULL, NULL, NULL, NULL, NULL, NULL, NULL, NULL, b'0', '2023-01-24 09:51:27.492000', 'DeepakShinde', NULL, 'home', NULL, NULL, NULL, 42, NULL, NULL, NULL, NULL, NULL, 12, NULL, NULL, NULL, NULL, NULL, 'VERIFIED', NULL, 3, 5, 1, 50, 1, NULL),
	(237, 'LOK_LAP1674552589260T', NULL, NULL, NULL, 1000000, NULL, NULL, NULL, NULL, NULL, NULL, NULL, NULL, b'0', '2023-01-24 09:53:53.878000', 'DeepakShinde', NULL, 'home', NULL, NULL, NULL, 42, NULL, NULL, NULL, NULL, NULL, 12, NULL, NULL, NULL, NULL, NULL, 'AWAITED_LEG_VAL', NULL, 3, 5, 1, 50, 1, NULL),
	(238, 'LOK_LAP1674552589260T', NULL, NULL, NULL, 1000000, NULL, NULL, NULL, NULL, NULL, NULL, NULL, NULL, b'0', '2023-01-24 09:57:31.108000', 'DeepakShinde', NULL, 'home', NULL, NULL, NULL, 42, NULL, NULL, NULL, NULL, NULL, 12, NULL, NULL, NULL, NULL, 'PRIME', 'AWAITED_COMM_REM', NULL, 3, 5, 1, 50, 1, NULL),
	(239, 'LOK_LAP1674552589260T', NULL, NULL, NULL, 1000000, NULL, NULL, NULL, NULL, NULL, NULL, NULL, NULL, b'0', '2023-01-24 10:14:23.723000', 'DeepakShinde', NULL, 'home', NULL, NULL, NULL, 42, NULL, NULL, NULL, NULL, NULL, 12, NULL, NULL, NULL, NULL, 'PRIME', 'AWAITED_COMM_REM', NULL, 3, 5, 1, 50, 1, NULL),
	(240, 'LOK_LAP1674552589260T', NULL, NULL, NULL, 1000000, NULL, NULL, NULL, NULL, NULL, NULL, NULL, NULL, b'0', '2023-01-24 10:25:58.002000', 'DeepakShinde', NULL, 'home', NULL, NULL, NULL, 42, NULL, NULL, NULL, NULL, NULL, 15, NULL, NULL, NULL, NULL, 'PRIME', 'AWAITED_COMM_REM', NULL, 3, 5, 1, 50, 1, NULL),
	(241, 'LOK_LAP1674552589260T', NULL, NULL, NULL, 1000000, NULL, NULL, NULL, NULL, NULL, NULL, NULL, NULL, b'0', '2023-01-24 10:26:03.117000', 'DeepakShinde', NULL, 'home', NULL, NULL, NULL, 42, NULL, NULL, NULL, NULL, NULL, 15, NULL, NULL, NULL, NULL, 'PRIME', 'AWAITED_DIR_REM', NULL, 3, 5, 1, 50, 1, NULL),
	(242, 'LOK_LAP1674552589260T', NULL, NULL, NULL, 1000000, NULL, NULL, NULL, NULL, NULL, NULL, NULL, NULL, b'0', '2023-01-24 10:27:53.931000', 'DeepakShinde', NULL, 'home', NULL, NULL, NULL, 42, NULL, NULL, NULL, NULL, NULL, 15, NULL, NULL, NULL, NULL, 'PRIME', 'AWAITED_SAN', NULL, 3, 5, 1, 50, 1, NULL),
	(243, 'LOK_LAP1674458860415T', NULL, NULL, NULL, 50000, NULL, NULL, NULL, NULL, NULL, NULL, NULL, NULL, b'0', '2023-01-27 08:15:45.896000', 'DineshGaikwad', NULL, 'home', NULL, NULL, NULL, 41, NULL, NULL, NULL, NULL, NULL, 12, NULL, NULL, NULL, NULL, NULL, 'DRAFT', NULL, NULL, NULL, 1, 49, 1, NULL),
	(244, 'LOK_LAP1674458860415T', NULL, NULL, NULL, 50000, NULL, NULL, NULL, NULL, NULL, NULL, NULL, NULL, b'0', '2023-01-27 08:23:22.194000', 'DineshGaikwad', NULL, 'home', NULL, NULL, NULL, 41, NULL, NULL, NULL, NULL, NULL, 12, NULL, NULL, NULL, NULL, NULL, 'DRAFT', NULL, NULL, NULL, 1, 49, 1, NULL),
	(245, 'LOK_LAP1674458860415T', NULL, NULL, NULL, 50000, NULL, NULL, NULL, NULL, NULL, NULL, NULL, NULL, b'0', '2023-01-27 08:51:12.855000', 'DineshGaikwad', NULL, 'home', NULL, NULL, NULL, 41, NULL, NULL, NULL, NULL, NULL, 12, NULL, NULL, NULL, NULL, NULL, 'CREATED', NULL, NULL, NULL, 1, 49, 1, NULL),
	(246, 'LOK_LAP1674458860415T', NULL, NULL, NULL, 50000, NULL, NULL, NULL, NULL, NULL, NULL, NULL, NULL, b'0', '2023-01-27 08:51:24.687000', 'DineshGaikwad', NULL, 'home', NULL, NULL, NULL, 41, NULL, NULL, NULL, NULL, NULL, 12, NULL, NULL, NULL, NULL, NULL, 'APPLIED', NULL, 3, 5, 1, 49, 1, NULL),
	(247, 'LOK_LAP1674811377488T', NULL, NULL, NULL, 12000, NULL, NULL, NULL, NULL, NULL, NULL, NULL, NULL, b'0', '2023-01-27 09:22:57.402000', 'DineshGaikwad', NULL, 'home', NULL, NULL, NULL, 42, NULL, NULL, NULL, NULL, NULL, 12, NULL, NULL, NULL, NULL, NULL, 'DRAFT', NULL, NULL, NULL, 1, 51, 1, NULL),
	(248, 'LOK_LAP1674811377488T', NULL, NULL, NULL, 12000, NULL, NULL, NULL, NULL, NULL, NULL, NULL, NULL, b'0', '2023-01-27 09:23:05.270000', 'DineshGaikwad', NULL, 'home', NULL, NULL, NULL, 42, NULL, NULL, NULL, NULL, NULL, 12, NULL, NULL, NULL, NULL, NULL, 'DRAFT', NULL, NULL, NULL, 1, 51, 1, NULL),
	(249, 'LOK_LAP1674811377488T', NULL, NULL, NULL, 12000, NULL, NULL, NULL, NULL, NULL, NULL, NULL, NULL, b'0', '2023-01-27 09:23:29.170000', 'DineshGaikwad', NULL, 'home', NULL, NULL, NULL, 42, NULL, NULL, NULL, NULL, NULL, 12, NULL, NULL, NULL, NULL, NULL, 'DRAFT', NULL, NULL, NULL, 1, 51, 1, NULL),
	(250, 'LOK_LAP1674811377488T', NULL, NULL, NULL, 12000, NULL, NULL, NULL, NULL, NULL, NULL, NULL, NULL, b'0', '2023-01-27 09:24:13.889000', 'DineshGaikwad', NULL, 'home', NULL, NULL, NULL, 42, NULL, NULL, NULL, NULL, NULL, 12, NULL, NULL, NULL, NULL, NULL, 'DRAFT', NULL, NULL, NULL, 1, 51, 1, NULL),
	(251, 'LOK_LAP1674811377488T', NULL, NULL, NULL, 12000, NULL, NULL, NULL, NULL, NULL, NULL, NULL, NULL, b'0', '2023-01-27 09:27:00.413000', 'DineshGaikwad', NULL, 'home', NULL, NULL, NULL, 42, NULL, NULL, NULL, NULL, NULL, 12, NULL, NULL, NULL, NULL, NULL, 'DRAFT', NULL, NULL, NULL, 1, 51, 1, NULL),
	(252, 'LOK_LAP1674811377488T', NULL, NULL, NULL, 12000, NULL, NULL, NULL, NULL, NULL, NULL, NULL, NULL, b'0', '2023-01-27 09:28:45.954000', 'DineshGaikwad', NULL, 'home', NULL, NULL, NULL, 42, NULL, NULL, NULL, NULL, NULL, 12, NULL, NULL, NULL, NULL, NULL, 'CREATED', NULL, NULL, NULL, 1, 51, 1, NULL),
	(253, 'LOK_LAP1674811377488T', NULL, NULL, NULL, 12000, NULL, NULL, NULL, NULL, NULL, NULL, NULL, NULL, b'0', '2023-01-27 09:28:53.582000', 'DineshGaikwad', NULL, 'home', NULL, NULL, NULL, 42, NULL, NULL, NULL, NULL, NULL, 12, NULL, NULL, NULL, NULL, NULL, 'APPLIED', NULL, 3, 5, 1, 51, 1, NULL),
	(254, 'LOK_LAP1674811377488T', NULL, NULL, NULL, 12000, NULL, NULL, NULL, NULL, NULL, NULL, NULL, NULL, b'0', '2023-01-27 09:29:39.154000', 'DeepakShinde', NULL, 'home', NULL, NULL, NULL, 42, NULL, NULL, NULL, NULL, NULL, 12, NULL, NULL, NULL, NULL, NULL, 'VERIFIED', NULL, 3, 5, 1, 51, 1, NULL),
	(255, 'LOK_LAP1673257537065T', NULL, NULL, NULL, 454001, NULL, NULL, NULL, NULL, NULL, NULL, NULL, NULL, b'0', '2023-01-30 08:44:40.237000', 'DineshGaikwad', NULL, 'home', NULL, NULL, NULL, 41, NULL, NULL, NULL, NULL, NULL, 12, NULL, NULL, NULL, NULL, NULL, 'DRAFT', NULL, NULL, NULL, 1, 47, 1, NULL),
	(256, 'LOK_LAP1673257537065T', NULL, NULL, NULL, 454001, NULL, NULL, NULL, NULL, NULL, NULL, NULL, NULL, b'0', '2023-01-30 08:45:46.722000', 'DineshGaikwad', NULL, 'home', NULL, NULL, NULL, 41, NULL, NULL, NULL, NULL, NULL, 12, NULL, NULL, NULL, NULL, NULL, 'DRAFT', NULL, NULL, NULL, 1, 47, 1, NULL),
	(257, 'LOK_LAP1673257537065T', NULL, NULL, NULL, 454001, NULL, NULL, NULL, NULL, NULL, NULL, NULL, NULL, b'0', '2023-01-30 08:47:37.189000', 'DineshGaikwad', NULL, 'home', NULL, NULL, NULL, 41, NULL, NULL, NULL, NULL, NULL, 12, NULL, NULL, NULL, NULL, NULL, 'DRAFT', NULL, NULL, NULL, 1, 47, 1, NULL),
	(258, 'LOK_LAP1673257537065T', NULL, NULL, NULL, 454001, NULL, NULL, NULL, NULL, NULL, NULL, NULL, NULL, b'0', '2023-01-30 08:47:40.547000', 'DineshGaikwad', NULL, 'home', NULL, NULL, NULL, 41, NULL, NULL, NULL, NULL, NULL, 12, NULL, NULL, NULL, NULL, NULL, 'DRAFT', NULL, NULL, NULL, 1, 47, 1, NULL),
	(259, 'LOK_LAP1673257537065T', NULL, NULL, NULL, 454001, NULL, NULL, NULL, NULL, NULL, NULL, NULL, NULL, b'0', '2023-01-30 08:53:21.232000', 'DeepakShinde', NULL, 'home', NULL, NULL, NULL, 41, NULL, NULL, NULL, NULL, NULL, 12, NULL, NULL, NULL, NULL, NULL, 'DRAFT', NULL, NULL, NULL, 1, 47, 1, NULL),
	(260, 'LOK_LAP1673257537065T', NULL, NULL, NULL, 454001, NULL, NULL, NULL, NULL, NULL, NULL, NULL, NULL, b'0', '2023-01-30 09:42:09.427000', 'DineshGaikwad', NULL, 'home', NULL, NULL, NULL, 41, NULL, NULL, NULL, NULL, NULL, 12, NULL, NULL, NULL, NULL, NULL, 'DRAFT', NULL, NULL, NULL, 1, 47, 1, NULL),
	(261, 'LOK_LAP1673257537065T', NULL, NULL, NULL, 454001, NULL, NULL, NULL, NULL, NULL, NULL, NULL, NULL, b'0', '2023-01-30 09:43:56.699000', 'DineshGaikwad', NULL, 'home', NULL, NULL, NULL, 41, NULL, NULL, NULL, NULL, NULL, 12, NULL, NULL, NULL, NULL, NULL, 'CREATED', NULL, NULL, NULL, 1, 47, 1, NULL),
	(262, 'LOK_LAP1673257537065T', NULL, NULL, NULL, 454001, NULL, NULL, NULL, NULL, NULL, NULL, NULL, NULL, b'0', '2023-01-30 09:46:09.979000', 'DineshGaikwad', NULL, 'home', NULL, NULL, NULL, 41, NULL, NULL, NULL, NULL, NULL, 12, NULL, NULL, NULL, NULL, NULL, 'APPLIED', NULL, 3, 5, 1, 47, 1, NULL),
	(263, 'LOK_LAP1673257537065T', NULL, NULL, NULL, 454001, NULL, NULL, NULL, NULL, NULL, NULL, NULL, NULL, b'0', '2023-01-30 09:52:27.365000', 'DeepakShinde', NULL, 'home', NULL, NULL, NULL, 41, NULL, NULL, NULL, NULL, NULL, 12, NULL, NULL, NULL, NULL, NULL, 'VERIFIED', NULL, 3, 5, 1, 47, 1, NULL),
	(264, 'LOK_LAP1675143602106T', NULL, NULL, NULL, 40000, NULL, NULL, NULL, NULL, NULL, NULL, NULL, NULL, b'0', '2023-01-31 05:40:02.014000', 'DineshGaikwad', NULL, 'home', NULL, NULL, NULL, 41, NULL, NULL, NULL, NULL, NULL, 12, NULL, NULL, NULL, NULL, NULL, 'DRAFT', NULL, NULL, NULL, 1, 52, 1, NULL),
	(265, 'LOK_LAP1675143602106T', NULL, NULL, NULL, 40000, NULL, NULL, NULL, NULL, NULL, NULL, NULL, NULL, b'0', '2023-01-31 05:40:09.265000', 'DineshGaikwad', NULL, 'home', NULL, NULL, NULL, 41, NULL, NULL, NULL, NULL, NULL, 12, NULL, NULL, NULL, NULL, NULL, 'DRAFT', NULL, NULL, NULL, 1, 52, 1, NULL),
	(266, 'LOK_LAP1675143602106T', NULL, NULL, NULL, 40000, NULL, NULL, NULL, NULL, NULL, NULL, NULL, NULL, b'0', '2023-01-31 05:40:21.848000', 'DineshGaikwad', NULL, 'home', NULL, NULL, NULL, 41, NULL, NULL, NULL, NULL, NULL, 12, NULL, NULL, NULL, NULL, NULL, 'DRAFT', NULL, NULL, NULL, 1, 52, 1, NULL),
	(267, 'LOK_LAP1675143602106T', NULL, NULL, NULL, 40000, NULL, NULL, NULL, NULL, NULL, NULL, NULL, NULL, b'0', '2023-01-31 05:40:41.439000', 'DineshGaikwad', NULL, 'home', NULL, NULL, NULL, 41, NULL, NULL, NULL, NULL, NULL, 12, NULL, NULL, NULL, NULL, NULL, 'DRAFT', NULL, NULL, NULL, 1, 52, 1, NULL),
	(268, 'LOK_LAP1675143602106T', NULL, NULL, NULL, 40000, NULL, NULL, NULL, NULL, NULL, NULL, NULL, NULL, b'0', '2023-01-31 05:42:48.434000', 'DineshGaikwad', NULL, 'home', NULL, NULL, NULL, 41, NULL, NULL, NULL, NULL, NULL, 12, NULL, NULL, NULL, NULL, NULL, 'DRAFT', NULL, NULL, NULL, 1, 52, 1, NULL),
	(269, 'LOK_LAP1675143602106T', NULL, NULL, NULL, 40000, NULL, NULL, NULL, NULL, NULL, NULL, NULL, NULL, b'0', '2023-01-31 05:43:46.083000', 'DineshGaikwad', NULL, 'home', NULL, NULL, NULL, 41, NULL, NULL, NULL, NULL, NULL, 12, NULL, NULL, NULL, NULL, NULL, 'CREATED', NULL, NULL, NULL, 1, 52, 1, NULL),
	(270, 'LOK_LAP1675143602106T', NULL, NULL, NULL, 40000, NULL, NULL, NULL, NULL, NULL, NULL, NULL, NULL, b'0', '2023-01-31 05:43:53.556000', 'DineshGaikwad', NULL, 'home', NULL, NULL, NULL, 41, NULL, NULL, NULL, NULL, NULL, 12, NULL, NULL, NULL, NULL, NULL, 'APPLIED', NULL, 3, 5, 1, 52, 1, NULL),
	(271, 'LOK_LAP2023-00006T', NULL, NULL, NULL, 987897, NULL, NULL, NULL, NULL, NULL, NULL, NULL, NULL, b'0', '2023-02-02 11:38:53.053000', 'DineshGaikwad', NULL, 'home', NULL, NULL, NULL, 41, NULL, NULL, NULL, NULL, NULL, 15, NULL, NULL, NULL, NULL, NULL, 'DRAFT', NULL, NULL, NULL, 1, 46, 1, NULL),
	(272, 'LOK_LAP2023-00006T', NULL, NULL, NULL, 987897, NULL, NULL, NULL, NULL, NULL, NULL, NULL, NULL, b'0', '2023-02-02 11:39:51.781000', 'DineshGaikwad', NULL, 'home', NULL, NULL, NULL, 41, NULL, NULL, NULL, NULL, NULL, 15, NULL, NULL, NULL, NULL, NULL, 'DRAFT', NULL, NULL, NULL, 1, 46, 1, NULL),
	(273, 'LOK_LAP1674811377488T', NULL, NULL, NULL, 12000, NULL, NULL, NULL, NULL, NULL, NULL, NULL, NULL, b'0', '2023-02-02 13:10:09.995000', 'DeepakShinde', NULL, 'home', NULL, NULL, NULL, 42, NULL, NULL, NULL, NULL, NULL, 12, NULL, NULL, NULL, NULL, NULL, 'AWAITED_LEG_VAL', NULL, 3, 5, 1, 51, 1, NULL),
	(274, 'LOK_LAP1674811377488T', NULL, NULL, NULL, 12000, NULL, NULL, NULL, NULL, NULL, NULL, NULL, NULL, b'0', '2023-02-02 13:12:28.812000', 'DeepakShinde', NULL, 'home', NULL, NULL, NULL, 42, NULL, NULL, NULL, NULL, NULL, 12, NULL, NULL, NULL, NULL, 'PRIME', 'AWAITED_COMM_REM', NULL, 3, 5, 1, 51, 1, NULL);
/*!40000 ALTER TABLE `loan_applications_history` ENABLE KEYS */;

-- Dumping structure for table los_db.loan_application_members
CREATE TABLE IF NOT EXISTS `loan_application_members` (
  `id` bigint(20) NOT NULL AUTO_INCREMENT,
  `applicant_type` varchar(255) DEFAULT NULL,
  `loan_applications_id` bigint(20) DEFAULT NULL,
  `member_id` bigint(20) DEFAULT NULL,
  PRIMARY KEY (`id`),
  KEY `FKaalfr2fpshcn7dqvbt1phj5ig` (`loan_applications_id`),
  KEY `FKgq2f9i7v7rpd62kq34omqjjet` (`member_id`),
  CONSTRAINT `FKaalfr2fpshcn7dqvbt1phj5ig` FOREIGN KEY (`loan_applications_id`) REFERENCES `loan_applications` (`id`),
  CONSTRAINT `FKgq2f9i7v7rpd62kq34omqjjet` FOREIGN KEY (`member_id`) REFERENCES `member` (`id`)
) ENGINE=InnoDB AUTO_INCREMENT=112 DEFAULT CHARSET=latin1;

-- Dumping data for table los_db.loan_application_members: ~30 rows (approximately)
DELETE FROM `loan_application_members`;
/*!40000 ALTER TABLE `loan_application_members` DISABLE KEYS */;
INSERT INTO `loan_application_members` (`id`, `applicant_type`, `loan_applications_id`, `member_id`) VALUES
	(36, 'APPLICANT', 28, 1),
	(37, 'APPLICANT', 29, 20),
	(49, 'APPLICANT', 30, 21),
	(50, 'APPLICANT', 31, 23),
	(51, 'APPLICANT', 32, 13),
	(52, 'APPLICANT', 33, 14),
	(53, 'APPLICANT', 34, 25),
	(55, 'APPLICANT', 35, 13),
	(56, 'APPLICANT', 36, 26),
	(57, 'APPLICANT', 37, 26),
	(62, 'CO_APPLICANT', 34, 26),
	(64, 'APPLICANT', 38, 22),
	(65, 'APPLICANT', 39, 26),
	(73, 'CO_APPLICANT', 39, 24),
	(75, 'CO_APPLICANT', 29, 13),
	(76, 'APPLICANT', 40, 29),
	(77, 'APPLICANT', 41, 14),
	(84, 'CO_APPLICANT', 41, 39),
	(86, 'CO_APPLICANT', 35, 21),
	(88, 'CO_APPLICANT', 33, 39),
	(90, 'CO_APPLICANT', 40, 39),
	(91, 'APPLICANT', 42, 39),
	(103, 'CO_APPLICANT', 42, 29),
	(104, 'APPLICANT', 43, 21),
	(105, 'APPLICANT', 44, 39),
	(106, 'APPLICANT', 45, 40),
	(107, 'APPLICANT', 46, 41),
	(108, 'CO_APPLICANT', 44, 26),
	(109, 'APPLICANT', 50, 42),
	(111, 'CO_APPLICANT', 46, 40);
/*!40000 ALTER TABLE `loan_application_members` ENABLE KEYS */;

-- Dumping structure for table los_db.loan_catagory
CREATE TABLE IF NOT EXISTS `loan_catagory` (
  `id` bigint(20) NOT NULL AUTO_INCREMENT,
  `product_name` varchar(255) DEFAULT NULL,
  `decription` varchar(255) DEFAULT NULL,
  `value` varchar(255) DEFAULT NULL,
  `code` varchar(255) DEFAULT NULL,
  `offer` varchar(255) DEFAULT NULL,
  `last_modified` datetime(6) DEFAULT NULL,
  `last_modified_by` varchar(255) DEFAULT NULL,
  `created_by` varchar(255) DEFAULT NULL,
  `created_on` datetime(6) DEFAULT NULL,
  `is_deleted` bit(1) DEFAULT NULL,
  `free_field_1` varchar(255) DEFAULT NULL,
  `free_field_2` varchar(255) DEFAULT NULL,
  `free_field_3` varchar(255) DEFAULT NULL,
  `free_field_4` varchar(255) DEFAULT NULL,
  PRIMARY KEY (`id`)
) ENGINE=InnoDB AUTO_INCREMENT=4 DEFAULT CHARSET=latin1;

-- Dumping data for table los_db.loan_catagory: ~3 rows (approximately)
DELETE FROM `loan_catagory`;
/*!40000 ALTER TABLE `loan_catagory` DISABLE KEYS */;
INSERT INTO `loan_catagory` (`id`, `product_name`, `decription`, `value`, `code`, `offer`, `last_modified`, `last_modified_by`, `created_by`, `created_on`, `is_deleted`, `free_field_1`, `free_field_2`, `free_field_3`, `free_field_4`) VALUES
	(1, 'Mortgage', 'Mortgage loan type', NULL, NULL, NULL, '2022-10-20 13:59:56.000000', 'Admin', 'Admin', '2022-10-20 13:59:57.000000', b'0', NULL, NULL, NULL, NULL),
	(2, 'Personal', 'Personal loan type', NULL, NULL, NULL, '2022-10-20 13:59:56.000000', 'Admin', 'Admin', '2022-10-20 13:59:57.000000', b'0', NULL, NULL, NULL, NULL),
	(3, 'Hypothecation', 'Hypothecation loan type', NULL, NULL, NULL, '2022-10-20 13:59:56.000000', 'Admin', 'Admin', '2022-10-20 13:59:57.000000', b'0', NULL, NULL, NULL, NULL);
/*!40000 ALTER TABLE `loan_catagory` ENABLE KEYS */;

-- Dumping structure for table los_db.loan_disbursement
CREATE TABLE IF NOT EXISTS `loan_disbursement` (
  `id` bigint(20) NOT NULL AUTO_INCREMENT,
  `account_no` varchar(255) DEFAULT NULL,
  `disb_amount` double DEFAULT NULL,
  `disbu_number` int(11) DEFAULT NULL,
  `disbursement_status` varchar(255) DEFAULT NULL,
  `dt_disb_date` datetime(6) DEFAULT NULL,
  `free_field_1` varchar(255) DEFAULT NULL,
  `free_field_2` varchar(255) DEFAULT NULL,
  `free_field_3` varchar(255) DEFAULT NULL,
  `free_field_4` varchar(255) DEFAULT NULL,
  `free_field_5` varchar(255) DEFAULT NULL,
  `free_field_6` varchar(255) DEFAULT NULL,
  `ifsc_code` varchar(255) DEFAULT NULL,
  `last_modified` datetime(6) DEFAULT NULL,
  `last_modified_by` varchar(255) DEFAULT NULL,
  `payment_mode` varchar(255) DEFAULT NULL,
  `utr_no` varchar(255) DEFAULT NULL,
  `loan_account_id` bigint(20) DEFAULT NULL,
  `product_id` bigint(20) DEFAULT NULL,
  `security_user_id` bigint(20) DEFAULT NULL,
  `first_inst_date` datetime(6) DEFAULT NULL,
  `installment_amt` double DEFAULT NULL,
  `num_of_installs` int(11) DEFAULT NULL,
  `roi` double DEFAULT NULL,
  `sanction_amt` double DEFAULT NULL,
  `second_inst_date` datetime(6) DEFAULT NULL,
  `loan_application_no` varchar(255) DEFAULT NULL,
  PRIMARY KEY (`id`),
  KEY `FK92rkq4bdwn7o0sjg2enaphtw2` (`loan_account_id`),
  KEY `FKbafcy41lpy015sis25mi9s0m4` (`product_id`),
  KEY `FK1dej3wj5f4m002es7rmjo7yre` (`security_user_id`),
  CONSTRAINT `FK1dej3wj5f4m002es7rmjo7yre` FOREIGN KEY (`security_user_id`) REFERENCES `security_user` (`id`),
  CONSTRAINT `FK92rkq4bdwn7o0sjg2enaphtw2` FOREIGN KEY (`loan_account_id`) REFERENCES `loan_account` (`id`),
  CONSTRAINT `FKbafcy41lpy015sis25mi9s0m4` FOREIGN KEY (`product_id`) REFERENCES `product` (`id`)
) ENGINE=InnoDB AUTO_INCREMENT=4 DEFAULT CHARSET=latin1;

-- Dumping data for table los_db.loan_disbursement: ~2 rows (approximately)
DELETE FROM `loan_disbursement`;
/*!40000 ALTER TABLE `loan_disbursement` DISABLE KEYS */;
INSERT INTO `loan_disbursement` (`id`, `account_no`, `disb_amount`, `disbu_number`, `disbursement_status`, `dt_disb_date`, `free_field_1`, `free_field_2`, `free_field_3`, `free_field_4`, `free_field_5`, `free_field_6`, `ifsc_code`, `last_modified`, `last_modified_by`, `payment_mode`, `utr_no`, `loan_account_id`, `product_id`, `security_user_id`, `first_inst_date`, `installment_amt`, `num_of_installs`, `roi`, `sanction_amt`, `second_inst_date`, `loan_application_no`) VALUES
	(1, NULL, 800000, NULL, NULL, '2023-01-31 12:30:00.000000', NULL, NULL, NULL, NULL, NULL, NULL, NULL, NULL, NULL, NULL, NULL, NULL, 1, NULL, '2023-02-28 12:30:00.000000', 200000, 4, 12, 0, '2023-03-28 12:30:00.000000', 'LOK_LAP2022-00033'),
	(2, NULL, 1800000, NULL, NULL, '2023-02-01 12:30:00.000000', NULL, NULL, NULL, NULL, NULL, NULL, NULL, NULL, NULL, NULL, NULL, NULL, 1, NULL, '2023-03-01 12:30:00.000000', 30000, 60, 15, 0, '2023-04-01 12:30:00.000000', 'LOK_LAP2022-00035'),
	(3, NULL, 576567, NULL, NULL, '2023-01-16 12:30:00.000000', NULL, NULL, NULL, NULL, NULL, NULL, NULL, NULL, NULL, NULL, NULL, NULL, 1, NULL, '2023-01-16 12:30:00.000000', 5700, 11, 7.8, 0, '2023-01-16 12:30:00.000000', 'LOK_LAP2023-00005');
/*!40000 ALTER TABLE `loan_disbursement` ENABLE KEYS */;

-- Dumping structure for table los_db.loan_member_documents
CREATE TABLE IF NOT EXISTS `loan_member_documents` (
  `id` bigint(20) NOT NULL AUTO_INCREMENT,
  `created_by` varchar(255) DEFAULT NULL,
  `created_on` datetime(6) DEFAULT NULL,
  `free_field_1` varchar(255) DEFAULT NULL,
  `free_field_2` varchar(255) DEFAULT NULL,
  `free_field_3` varchar(255) DEFAULT NULL,
  `free_field_4` varchar(255) DEFAULT NULL,
  `is_deleted` bit(1) DEFAULT NULL,
  `last_modified` datetime(6) DEFAULT NULL,
  `last_modified_by` varchar(255) DEFAULT NULL,
  `refrence_id` bigint(20) DEFAULT NULL,
  `loan_applications_id` bigint(20) DEFAULT NULL,
  `member_id` bigint(20) DEFAULT NULL,
  PRIMARY KEY (`id`),
  KEY `FK2c3i68ilvx6eclrr3aesgr6mr` (`loan_applications_id`),
  KEY `FK6mmso3b8bakfb24s7g1pba90k` (`member_id`),
  CONSTRAINT `FK2c3i68ilvx6eclrr3aesgr6mr` FOREIGN KEY (`loan_applications_id`) REFERENCES `loan_applications` (`id`),
  CONSTRAINT `FK6mmso3b8bakfb24s7g1pba90k` FOREIGN KEY (`member_id`) REFERENCES `member` (`id`)
) ENGINE=InnoDB AUTO_INCREMENT=50 DEFAULT CHARSET=latin1;

-- Dumping data for table los_db.loan_member_documents: ~42 rows (approximately)
DELETE FROM `loan_member_documents`;
/*!40000 ALTER TABLE `loan_member_documents` DISABLE KEYS */;
INSERT INTO `loan_member_documents` (`id`, `created_by`, `created_on`, `free_field_1`, `free_field_2`, `free_field_3`, `free_field_4`, `is_deleted`, `last_modified`, `last_modified_by`, `refrence_id`, `loan_applications_id`, `member_id`) VALUES
	(1, NULL, NULL, 'TITLE DEED', NULL, NULL, NULL, NULL, NULL, NULL, NULL, 39, 26),
	(2, NULL, NULL, 'INCOME PROOF', NULL, NULL, NULL, b'0', NULL, NULL, NULL, 39, 26),
	(3, NULL, NULL, 'TITLE DEED', NULL, NULL, NULL, NULL, NULL, NULL, NULL, 35, 13),
	(4, NULL, NULL, 'FINANCIAL STATEMENT', NULL, NULL, NULL, b'1', NULL, NULL, NULL, 35, 13),
	(5, NULL, NULL, 'TITLE DEED', NULL, NULL, NULL, NULL, NULL, NULL, NULL, 40, 29),
	(6, NULL, NULL, 'FINANCIAL STATEMENT', NULL, NULL, NULL, b'1', NULL, NULL, NULL, 40, 29),
	(7, NULL, NULL, 'TITLE DEED', NULL, NULL, NULL, NULL, NULL, NULL, NULL, 40, 29),
	(8, NULL, NULL, 'FINANCIAL STATEMENT', NULL, NULL, NULL, b'1', NULL, NULL, NULL, 40, 29),
	(9, NULL, NULL, 'TITLE DEED', NULL, NULL, NULL, NULL, NULL, NULL, NULL, 40, 29),
	(10, NULL, NULL, 'FINANCIAL STATEMENT', NULL, NULL, NULL, b'1', NULL, NULL, NULL, 40, 29),
	(11, NULL, NULL, 'TITLE DEED', NULL, NULL, NULL, b'0', NULL, NULL, NULL, 41, 14),
	(12, NULL, NULL, 'BUISNESS STATEMENT', NULL, NULL, NULL, b'0', NULL, NULL, NULL, 41, 14),
	(13, NULL, NULL, 'TITLE DEED', NULL, NULL, NULL, b'0', NULL, NULL, NULL, 42, 39),
	(14, NULL, NULL, 'FINANCIAL STATEMENT', NULL, NULL, NULL, b'0', NULL, NULL, NULL, 42, 39),
	(15, NULL, NULL, 'TITLE DEED', NULL, NULL, NULL, b'0', NULL, NULL, NULL, 43, 21),
	(16, NULL, NULL, 'FINANCIAL STATEMENT', NULL, NULL, NULL, b'0', NULL, NULL, NULL, 43, 21),
	(17, NULL, NULL, 'TITLE DEED', NULL, NULL, NULL, b'0', NULL, NULL, NULL, 44, 39),
	(18, NULL, NULL, 'FINANCIAL STATEMENT', NULL, NULL, NULL, b'0', NULL, NULL, NULL, 44, 39),
	(19, NULL, NULL, 'TITLE DEED', NULL, NULL, NULL, b'0', NULL, NULL, NULL, 45, 40),
	(20, NULL, NULL, 'FINANCIAL STATEMENT', NULL, NULL, NULL, b'1', NULL, NULL, NULL, 45, 40),
	(21, NULL, NULL, 'TITLE DEED', NULL, NULL, NULL, b'1', NULL, NULL, NULL, 46, 41),
	(22, NULL, NULL, 'BUISNESS STATEMENT', NULL, NULL, NULL, b'1', NULL, NULL, NULL, 46, 41),
	(23, NULL, NULL, 'FINANCIAL STATEMENT', NULL, NULL, NULL, b'1', NULL, NULL, NULL, 46, 41),
	(24, NULL, NULL, 'BUISNESS STATEMENT', NULL, NULL, NULL, b'1', NULL, NULL, NULL, 45, 40),
	(29, NULL, NULL, 'TITLE DEED', NULL, NULL, NULL, b'0', NULL, NULL, NULL, 49, 41),
	(30, NULL, NULL, 'FINANCIAL STATEMENT', NULL, NULL, NULL, b'1', NULL, NULL, NULL, 49, 41),
	(31, NULL, NULL, 'BUISNESS STATEMENT', NULL, NULL, NULL, b'1', NULL, NULL, NULL, 49, 41),
	(32, NULL, NULL, 'INCOME PROOF', NULL, NULL, NULL, b'1', NULL, NULL, NULL, 49, 41),
	(33, NULL, NULL, 'TITLE DEED', NULL, NULL, NULL, b'0', NULL, NULL, NULL, 50, 42),
	(34, NULL, NULL, 'FINANCIAL STATEMENT', NULL, NULL, NULL, b'1', NULL, NULL, NULL, 50, 42),
	(35, NULL, NULL, 'BUISNESS STATEMENT', NULL, NULL, NULL, b'1', NULL, NULL, NULL, 50, 42),
	(36, NULL, NULL, 'INCOME PROOF', NULL, NULL, NULL, b'1', NULL, NULL, NULL, 50, 42),
	(37, NULL, NULL, 'TITLE DEED', NULL, NULL, NULL, b'0', NULL, NULL, NULL, 51, 42),
	(38, NULL, NULL, 'FINANCIAL STATEMENT', NULL, NULL, NULL, b'1', NULL, NULL, NULL, 51, 42),
	(39, NULL, NULL, 'BUISNESS STATEMENT', NULL, NULL, NULL, b'1', NULL, NULL, NULL, 51, 42),
	(40, NULL, NULL, 'INCOME PROOF', NULL, NULL, NULL, b'1', NULL, NULL, NULL, 51, 42),
	(41, NULL, NULL, 'TITLE DEED', NULL, NULL, NULL, b'0', NULL, NULL, NULL, 47, 41),
	(42, NULL, NULL, 'FINANCIAL STATEMENT', NULL, NULL, NULL, b'1', NULL, NULL, NULL, 47, 41),
	(43, NULL, NULL, 'BUISNESS STATEMENT', NULL, NULL, NULL, b'1', NULL, NULL, NULL, 47, 41),
	(44, NULL, NULL, 'INCOME PROOF', NULL, NULL, NULL, b'1', NULL, NULL, NULL, 47, 41),
	(45, NULL, NULL, 'TITLE DEED', NULL, NULL, NULL, b'0', NULL, NULL, NULL, 52, 41),
	(46, NULL, NULL, 'FINANCIAL STATEMENT', NULL, NULL, NULL, b'1', NULL, NULL, NULL, 52, 41),
	(47, NULL, NULL, 'BUISNESS STATEMENT', NULL, NULL, NULL, b'1', NULL, NULL, NULL, 52, 41),
	(48, NULL, NULL, 'INCOME PROOF', NULL, NULL, NULL, b'1', NULL, NULL, NULL, 52, 41),
	(49, NULL, NULL, 'INCOME PROOF', NULL, NULL, NULL, b'1', NULL, NULL, NULL, 46, 41);
/*!40000 ALTER TABLE `loan_member_documents` ENABLE KEYS */;

-- Dumping structure for table los_db.loan_repayment_details
CREATE TABLE IF NOT EXISTS `loan_repayment_details` (
  `id` bigint(20) NOT NULL AUTO_INCREMENT,
  `balance_interest_amt` double DEFAULT NULL,
  `balance_principle_amt` double DEFAULT NULL,
  `fore_closure_charge_amt` double DEFAULT NULL,
  `free_field_1` varchar(255) DEFAULT NULL,
  `free_field_2` varchar(255) DEFAULT NULL,
  `free_field_3` varchar(255) DEFAULT NULL,
  `free_field_4` varchar(255) DEFAULT NULL,
  `free_field_5` varchar(255) DEFAULT NULL,
  `free_field_6` varchar(255) DEFAULT NULL,
  `installment_number` int(11) DEFAULT NULL,
  `interest_paid_amt` double DEFAULT NULL,
  `last_modified` datetime(6) DEFAULT NULL,
  `last_modified_by` varchar(255) DEFAULT NULL,
  `over_due_amt` double DEFAULT NULL,
  `payment_mode` varchar(255) DEFAULT NULL,
  `principle_paid_amt` double DEFAULT NULL,
  `repayment_date` datetime(6) DEFAULT NULL,
  `sur_charge_amt` double DEFAULT NULL,
  `total_repayment_amt` double DEFAULT NULL,
  `loan_account_id` bigint(20) DEFAULT NULL,
  PRIMARY KEY (`id`),
  KEY `FK9w8k10ko5uusi4n645yafow20` (`loan_account_id`),
  CONSTRAINT `FK9w8k10ko5uusi4n645yafow20` FOREIGN KEY (`loan_account_id`) REFERENCES `loan_account` (`id`)
) ENGINE=InnoDB DEFAULT CHARSET=latin1;

-- Dumping data for table los_db.loan_repayment_details: ~0 rows (approximately)
DELETE FROM `loan_repayment_details`;
/*!40000 ALTER TABLE `loan_repayment_details` DISABLE KEYS */;
/*!40000 ALTER TABLE `loan_repayment_details` ENABLE KEYS */;

-- Dumping structure for table los_db.master_agreement
CREATE TABLE IF NOT EXISTS `master_agreement` (
  `id` bigint(20) NOT NULL AUTO_INCREMENT,
  `cycle_day` bigint(20) DEFAULT NULL,
  `free_field_1` varchar(255) DEFAULT NULL,
  `free_field_2` varchar(255) DEFAULT NULL,
  `free_field_3` varchar(255) DEFAULT NULL,
  `free_field_4` varchar(255) DEFAULT NULL,
  `gst_exempted` varchar(255) DEFAULT NULL,
  `home_branch` varchar(255) DEFAULT NULL,
  `home_state` varchar(255) DEFAULT NULL,
  `interest_rate` double DEFAULT NULL,
  `is_deleted` bit(1) DEFAULT NULL,
  `last_modified` datetime(6) DEFAULT NULL,
  `last_modified_by` varchar(255) DEFAULT NULL,
  `member_id` varchar(255) DEFAULT NULL,
  `origination_appln_no` varchar(255) DEFAULT NULL,
  `portfolio_code` varchar(255) DEFAULT NULL,
  `pref_repay_mode` varchar(255) DEFAULT NULL,
  `product_code` varchar(255) DEFAULT NULL,
  `repay_freq` varchar(255) DEFAULT NULL,
  `sanctioned_amount` double DEFAULT NULL,
  `serv_branch` varchar(255) DEFAULT NULL,
  `serv_state` varchar(255) DEFAULT NULL,
  `tds_code` varchar(255) DEFAULT NULL,
  `tds_rate` varchar(255) DEFAULT NULL,
  `tenor` varchar(255) DEFAULT NULL,
  PRIMARY KEY (`id`)
) ENGINE=InnoDB DEFAULT CHARSET=latin1;

-- Dumping data for table los_db.master_agreement: ~0 rows (approximately)
DELETE FROM `master_agreement`;
/*!40000 ALTER TABLE `master_agreement` DISABLE KEYS */;
/*!40000 ALTER TABLE `master_agreement` ENABLE KEYS */;

-- Dumping structure for table los_db.member
CREATE TABLE IF NOT EXISTS `member` (
  `id` bigint(20) NOT NULL AUTO_INCREMENT,
  `aadhar_card_no` varchar(255) DEFAULT NULL,
  `alternate_mobile` varchar(255) DEFAULT NULL,
  `application_date` datetime(6) DEFAULT NULL,
  `cast` varchar(255) DEFAULT NULL,
  `contact_time_from` varchar(255) DEFAULT NULL,
  `contact_time_to` varchar(255) DEFAULT NULL,
  `created_by` varchar(255) DEFAULT NULL,
  `created_on` datetime(6) DEFAULT NULL,
  `cust_category` varchar(255) DEFAULT NULL,
  `customer_id` varchar(255) DEFAULT NULL,
  `dob` date DEFAULT NULL,
  `email` varchar(255) DEFAULT NULL,
  `enq_refrence_no` varchar(255) DEFAULT NULL,
  `family_member_count` bigint(20) DEFAULT NULL,
  `father_name` varchar(255) DEFAULT NULL,
  `fax` varchar(255) DEFAULT NULL,
  `first_name` varchar(255) DEFAULT NULL,
  `free_field_1` varchar(255) DEFAULT NULL,
  `free_field_2` varchar(255) DEFAULT NULL,
  `free_field_3` varchar(255) DEFAULT NULL,
  `free_field_5` varchar(255) DEFAULT NULL,
  `free_field_6` varchar(255) DEFAULT NULL,
  `gender` varchar(255) DEFAULT NULL,
  `has_adhar_card_verified` bit(1) DEFAULT NULL,
  `has_pan_card_verified` bit(1) DEFAULT NULL,
  `highest_qualification` varchar(255) DEFAULT NULL,
  `is_active` bit(1) DEFAULT NULL,
  `is_deleted` bit(1) DEFAULT NULL,
  `last_modified` datetime(6) DEFAULT NULL,
  `last_modified_by` varchar(255) DEFAULT NULL,
  `last_name` varchar(255) DEFAULT NULL,
  `loan_status` varchar(255) DEFAULT NULL,
  `marital_status` varchar(255) DEFAULT NULL,
  `membership_no` varchar(255) DEFAULT NULL,
  `middle_name` varchar(255) DEFAULT NULL,
  `mobile_no` varchar(255) DEFAULT NULL,
  `mother_name` varchar(255) DEFAULT NULL,
  `nationality` varchar(255) DEFAULT NULL,
  `no_of_dependents` bigint(20) DEFAULT NULL,
  `number_of_assets` int(11) DEFAULT NULL,
  `occupation` varchar(255) DEFAULT NULL,
  `pan_card` varchar(255) DEFAULT NULL,
  `passport_expiry` varchar(255) DEFAULT NULL,
  `passport_no` varchar(255) DEFAULT NULL,
  `profile_stepper` varchar(255) DEFAULT NULL,
  `ration_card` varchar(255) DEFAULT NULL,
  `religion` varchar(255) DEFAULT NULL,
  `residence_status` varchar(255) DEFAULT NULL,
  `status` varchar(255) DEFAULT NULL,
  `title` varchar(255) DEFAULT NULL,
  `member_id` bigint(20) DEFAULT NULL,
  `security_user_id` bigint(20) DEFAULT NULL,
  `organisation_id` bigint(20) DEFAULT NULL,
  `age` bigint(20) DEFAULT NULL,
  `branch_id` bigint(20) DEFAULT NULL,
  `highest_qualification_others` varchar(255) DEFAULT NULL,
  `residance` varchar(255) DEFAULT NULL,
  PRIMARY KEY (`id`),
  UNIQUE KEY `UK_15xlymwxt4lkm1c4vtjm8ap8p` (`aadhar_card_no`),
  UNIQUE KEY `UK_ig32r0nhmvoq1o14cemolphny` (`customer_id`),
  UNIQUE KEY `UK_j1fb6prs83xf019qn9q46n4c1` (`membership_no`),
  UNIQUE KEY `UK_lpv7um8e405q8g74w138nqise` (`pan_card`),
  UNIQUE KEY `UK_oealfx91qlq53nthgjmrf2qqo` (`passport_no`),
  KEY `FK8c3gu1k9ue88pqsa7hjml41q2` (`member_id`),
  KEY `FK8a6mdopxtcsmlx088ka2vupfp` (`security_user_id`),
  KEY `FKbbejylkfgi0pmh2hgknb9foeo` (`organisation_id`),
  KEY `FK1uj76dnpxoa9i8afaaslycb59` (`branch_id`),
  CONSTRAINT `FK1uj76dnpxoa9i8afaaslycb59` FOREIGN KEY (`branch_id`) REFERENCES `branch` (`id`),
  CONSTRAINT `FK8a6mdopxtcsmlx088ka2vupfp` FOREIGN KEY (`security_user_id`) REFERENCES `security_user` (`id`),
  CONSTRAINT `FK8c3gu1k9ue88pqsa7hjml41q2` FOREIGN KEY (`member_id`) REFERENCES `member` (`id`),
  CONSTRAINT `FKbbejylkfgi0pmh2hgknb9foeo` FOREIGN KEY (`organisation_id`) REFERENCES `organisation` (`id`)
) ENGINE=InnoDB AUTO_INCREMENT=45 DEFAULT CHARSET=latin1;

-- Dumping data for table los_db.member: ~19 rows (approximately)
DELETE FROM `member`;
/*!40000 ALTER TABLE `member` DISABLE KEYS */;
INSERT INTO `member` (`id`, `aadhar_card_no`, `alternate_mobile`, `application_date`, `cast`, `contact_time_from`, `contact_time_to`, `created_by`, `created_on`, `cust_category`, `customer_id`, `dob`, `email`, `enq_refrence_no`, `family_member_count`, `father_name`, `fax`, `first_name`, `free_field_1`, `free_field_2`, `free_field_3`, `free_field_5`, `free_field_6`, `gender`, `has_adhar_card_verified`, `has_pan_card_verified`, `highest_qualification`, `is_active`, `is_deleted`, `last_modified`, `last_modified_by`, `last_name`, `loan_status`, `marital_status`, `membership_no`, `middle_name`, `mobile_no`, `mother_name`, `nationality`, `no_of_dependents`, `number_of_assets`, `occupation`, `pan_card`, `passport_expiry`, `passport_no`, `profile_stepper`, `ration_card`, `religion`, `residence_status`, `status`, `title`, `member_id`, `security_user_id`, `organisation_id`, `age`, `branch_id`, `highest_qualification_others`, `residance`) VALUES
	(13, '897392389478', '9854545454', NULL, 'OPEN', '2022-11-08T18:30:00.000Z', '2022-11-15T18:30:00.000Z', 'DineshGaikwad', '2022-11-17 09:27:53.971000', 'SC', 'LOK2022/002', '1996-12-31', 'gsp@email.com', NULL, 6, 'Shridhar', NULL, 'Rushikesh', '18', NULL, NULL, NULL, '1', 'MALE', b'0', b'0', 'BE', b'0', b'0', '2023-01-23 07:26:28.636000', 'DineshGaikwad', 'Patil', NULL, 'MARRIED', '7824782378', 'Shridhar', '7676767676', 'Rajni', 'INDIAN', 5, NULL, 'PROFESSIONAL', 'AAAPZ1234R', NULL, NULL, NULL, '897498273489', 'HINDU', 'RESIDENT', 'DRAFT', 'MR', NULL, 3, NULL, 25, 1, NULL, NULL),
	(14, '872385728935', '9893814537', '2022-10-19 07:08:59.129000', 'OPEN', NULL, NULL, 'DeepakShinde', '2022-10-19 07:08:59.129000', 'SC', 'LOK2022/003', '1996-10-29', 'sanjay@gmail.com', 'string', 3, 'sagar', NULL, 'Girish', '33', NULL, NULL, NULL, '1', 'MALE', b'1', b'1', 'bca', b'1', b'1', '2022-12-30 10:03:23.812000', 'DeepakShinde', 'salgare', 'DRAFT', 'MARRIED', '9094946473', 'Sagar', '8765676333', 'Sanika', 'INDIAN', 0, 0, 'SALARIED', 'ASWER3334S', '2022-12-30T18:30:00.000Z', 'P2134444', 'STEP_1', NULL, 'HINDU', 'RESIDENT', 'VERIFIED', 'MR', 1, 5, NULL, 34, 1, NULL, NULL),
	(20, '********8888', '9545316491', NULL, 'Hindu-Mali', '2022-11-08T18:30:00.000Z', '2022-11-08T18:30:00.000Z', 'DineshGaikwad', '2022-11-16 06:03:44.490000', 'open', 'LOK2022/007', '2004-12-15', 'someshj@techvishwaguru.com', NULL, 4, 'pruthviraj', NULL, 'SOMESH', NULL, NULL, NULL, NULL, '1', 'MALE', b'0', b'0', 'Diploma', b'0', b'0', '2022-12-30 08:22:11.480000', 'DineshGaikwad', 'JAGTAP', NULL, 'MARRIED', '6456457657', 'PRUTHVIRAJ', '7276727051', 'shobha', 'INDIAN', 2, NULL, 'SALARIED', 'FGRTF5656V', '2023-01-30T18:30:00.000Z', 'P7654377', NULL, NULL, 'Buddhists', 'RESIDENT', 'CREATED', 'MR', NULL, 3, 1, 18, 1, NULL, NULL),
	(21, '234532214534', '7276727051', NULL, 'Maratha', '2022-11-01T18:30:00.000Z', '2022-11-08T18:30:00.000Z', 'DeepakShinde', '2022-11-16 06:06:03.378000', 'Open', 'LOK2022/008', '1996-06-11', 'mangeshg@gmail.com', NULL, 4, 'Vishnu', NULL, 'Mangesh', NULL, NULL, NULL, NULL, '0', 'MALE', b'0', b'0', 'BE', b'0', b'0', '2022-12-19 10:01:38.381000', 'DeepakShinde', 'Gorade', NULL, 'MARRIED', '7567645345', 'Vishnu', '9545316491', 'Bharati', 'INDIAN', 3, NULL, 'SALARIED', 'EREDE3434C', '2022-12-30T18:30:00.000Z', 'Y8965452', NULL, NULL, 'Hindu', 'RESIDENT', 'VERIFIED', 'MR', NULL, 5, 1, 26, 1, NULL, NULL),
	(22, '435345345345', '7667574567', NULL, 'Dhangar', '2022-11-08T18:30:00.000Z', '2022-11-15T18:30:00.000Z', 'DineshGaikwad', '2022-11-16 06:28:26.002000', 'Open', 'LOK2022/009', '2022-11-08', 'swapnil@gmail.com', NULL, 4, 'ABC', NULL, 'Swapnil', NULL, NULL, NULL, NULL, NULL, 'MALE', b'0', b'0', 'MSC', b'0', b'0', '2022-11-16 06:28:26.002000', 'DineshGaikwad', 'Suryawanshi', NULL, 'SINGLE', '786786657567456', 'ABC', '7865467575', 'KYC', 'NRI', 2, NULL, 'PROFESSIONAL', 'EREDE4444C', '2022-11-08T18:30:00.000Z', NULL, NULL, NULL, 'Hindu', 'RESIDENT', 'VERIFIED', 'MR', NULL, 3, 1, 27, NULL, NULL, NULL),
	(23, '993399339933', '8038979237', NULL, 'OPEN', '2022-11-14T18:30:00.000Z', '2022-11-24T18:30:00.000Z', 'DeepakShinde', '2022-11-22 04:51:35.206000', 'OBC', 'LOK2022/010', '1998-04-20', 'girish@gmail.com', NULL, 4, 'Dnyaneshwar', NULL, 'Girish ', '25', NULL, NULL, NULL, '1', 'MALE', b'0', b'0', 'BE', b'0', b'0', '2022-11-22 04:51:35.206000', 'DeepakShinde', 'Shelake', NULL, 'SINGLE', '990099009090999', 'Dnyaneshwar', '8229827721', 'Savita', 'INDIAN', 4, NULL, 'SALARIED', 'JBKPS2910l', NULL, '', NULL, NULL, 'HINDU', 'RESIDENT', 'REJECTED', 'MR', NULL, 5, 1, 24, 1, NULL, NULL),
	(24, '978784382748', '9988998877', NULL, 'OPEN', NULL, NULL, 'DeepakShinde', '2022-11-22 06:24:01.852000', 'open', 'LOK2022/011', '2004-12-10', 'gsp@email.com', NULL, 6, 'Daulatrao', NULL, 'Akash', NULL, NULL, NULL, NULL, '1', 'MALE', b'0', b'0', 'BE', b'0', b'0', '2022-12-21 07:05:51.504000', 'DeepakShinde', 'Deshmukh', NULL, 'SINGLE', '8787879878', 'Daulatrao', '9789872348', 'sarita', 'INDIAN', 5, NULL, 'SALARIED', 'JBKPS2910Q', '2017-01-03T18:30:00.000Z', NULL, NULL, NULL, 'HINDU', 'RESIDENT', 'VERIFIED', 'MR', NULL, 5, 1, 18, 1, NULL, NULL),
	(25, '873737373737', '8939393939', NULL, 'OPEN', NULL, NULL, 'DeepakShinde', '2022-11-29 06:58:09.661000', 'SC', 'LOK2022/012', '1997-06-05', 'rahul@gmail.com', NULL, 4, 'Dhananjay', NULL, 'rahul', '23', NULL, NULL, NULL, '1', 'MALE', b'0', b'0', 'Bsc', b'0', b'0', '2022-12-05 08:36:49.702000', 'DeepakShinde', 'shelke', NULL, 'MARRIED', '7858464554', 'Dhananjay', '9595824243', 'acascasc', 'INDIAN', 2, NULL, 'SALARIED', 'ASWER3444S', NULL, 'P2134572', NULL, NULL, 'HINDU', 'RESIDENT', 'VERIFIED', 'MR', NULL, 5, 1, 23, 1, NULL, NULL),
	(26, '846479397466', '7858994949', NULL, 'OPEN', NULL, NULL, 'DeepakShinde', '2022-11-30 04:37:31.386000', 'OBC', 'LOK2022/013', '1990-11-17', 'swapnil@gmail.com', NULL, 4, 'Raju', NULL, 'swapnil', '23', NULL, NULL, NULL, '1', 'MALE', b'0', b'0', 'Mtech', b'0', b'0', '2022-12-21 10:30:26.118000', 'DeepakShinde', 'chaudhari', NULL, 'MARRIED', '90303073353422', 'Raju', '9988868444', 'Sanjana', 'INDIAN', 4, NULL, 'SALARIED', 'TYYSE7393M', '2023-11-22T18:30:00.000Z', 'P5134574', NULL, NULL, 'HINDU', 'RESIDENT', 'VERIFIED', 'MR', NULL, 5, 1, 45, 1, NULL, NULL),
	(27, '374769103847', '5444444444', NULL, 'OPEN', NULL, NULL, 'DeepakShinde', NULL, 'SC', 'LOK2022/014', '1986-07-21', 'qwe@gmail.com', NULL, 4, 'akash', NULL, 'sameer', '23', NULL, NULL, NULL, '1', 'MALE', b'0', b'0', 'Bsc', b'0', b'0', '2022-12-05 07:09:06.952000', 'DeepakShinde', 'jare', NULL, 'MARRIED', '478333333333333', 'akash', '4666666666', 'dfghj', 'INDIAN', 2, NULL, 'SALARIED', 'ASDRT0123D', NULL, 'P2134573', NULL, NULL, 'Buddhists', 'RESIDENT', 'REJECTED', 'MR', NULL, 5, 1, 36, 1, NULL, NULL),
	(28, '836286363355', '9268269229', NULL, 'Hindu-Mali', NULL, NULL, 'DineshGaikwad', '2022-12-19 12:00:12.432000', 'SC', 'LOK2022/015', '1994-11-22', 'shamrao@gmail.com', NULL, 4, 'mohan', NULL, 'shmrao', '33', NULL, NULL, NULL, '1', 'MALE', b'0', b'0', 'Bba', b'0', b'0', '2022-12-30 09:54:04.419000', 'DineshGaikwad', 'jambhle', NULL, 'MARRIED', '9094945655', 'mohan', '8948944636', 'monika', 'INDIAN', 2, NULL, 'SALARIED', 'ASTER3434D', '2023-01-24T18:30:00.000Z', 'P2134555', NULL, NULL, 'HINDU', 'RESIDENT', 'REJECTED', 'MR', NULL, 3, 1, 28, 1, NULL, NULL),
	(29, '********6658', '7623767656', NULL, 'Hindu-Mali', NULL, NULL, 'DineshGaikwad', '2022-12-22 14:37:58.635000', NULL, 'LOK2022/016', '1998-01-07', 'krishna@gmail.com', NULL, 4, 'Vishnu', NULL, 'Krishna', NULL, NULL, NULL, NULL, '1', 'MALE', b'0', b'0', 'B.E.', b'0', b'0', '2022-12-22 15:19:35.214000', 'DineshGaikwad', 'Patil', NULL, 'SINGLE', '6777788888', 'Vishnu', '9876547544', 'Yashoda', 'INDIAN', 4, NULL, NULL, 'PFNST6769L', '2022-12-30T18:30:00.000Z', 'P4647172', NULL, NULL, 'HINDU', 'RESIDENT', 'VERIFIED', 'MR', NULL, 3, 1, 24, 1, NULL, NULL),
	(30, '564433373553', '6344455678', NULL, 'OTHER', NULL, NULL, 'DeepakShinde', '2022-12-29 09:48:26.587000', NULL, 'LOK2022/001', '1999-02-15', 'deepak@techvishwaguru.com', NULL, 4, 'Naresh', NULL, 'Dependra', 'Sudra', '', '', NULL, '1', 'MALE', b'0', b'0', 'BSC', b'0', b'0', '2023-01-06 12:37:42.130000', 'DeepakShinde', 'Gaikwad', NULL, 'MARRIED', '6438858585', 'Deepak', '9754342672', 'Naina', 'INDIAN', 4, NULL, 'SALARIED', 'QANST6769R', '2023-01-18T12:30:00.000Z', 'P4347572', NULL, NULL, 'Buddhists', 'RESIDENT', 'REJECTED', 'MR', NULL, 5, 1, 23, 2, NULL, NULL),
	(39, '645787693766', '6785475855', NULL, 'Hindu-Mali', NULL, NULL, 'DeepakShinde', '2022-12-30 11:59:15.627000', NULL, 'LOK2022/025', '1999-11-17', 'deptisingh@gmail.com', NULL, 3, 'Krishna', NULL, 'Depti', NULL, '', '', NULL, '1', 'FEMALE', b'0', b'0', 'BSC', b'0', b'0', '2022-12-30 13:19:36.911000', 'DeepakShinde', 'Singh', NULL, 'MARRIED', '7565657385', 'Gyanendra', '7456787770', 'Yashoda', 'INDIAN', 3, NULL, NULL, 'PAYST6769L', '2023-01-30T18:30:00.000Z', 'Y8969432', NULL, NULL, 'HINDU', 'NON_RESIDENT', 'VERIFIED', 'MISS', NULL, 5, 1, 23, 1, NULL, NULL),
	(40, '989878979878', NULL, NULL, 'Hindu-Mali', NULL, NULL, 'DeepakShinde', '2023-01-03 06:31:36.155000', NULL, 'LOK2023/026', '2005-01-03', 'aarohi.shitole@gmail.com', NULL, 2, 'hghjjh', NULL, 'Komal', NULL, '', '', NULL, '1', 'FEMALE', b'0', b'0', 'jhjhjhj', b'0', b'0', '2023-01-06 12:56:52.081000', 'DeepakShinde', 'Chorbele', NULL, 'MARRIED', '8787678687', 'Nitesh', '8888897847', 'hjgh', 'INDIAN', 2, NULL, 'SALARIED', 'EMEPS2133S', NULL, NULL, NULL, NULL, 'Buddhists', 'RESIDENT', 'VERIFIED', 'MR', NULL, 5, 1, 18, 1, NULL, NULL),
	(41, '675675765767', NULL, NULL, 'Hindu-Mali', NULL, NULL, 'DeepakShinde', '2023-01-03 07:07:07.368000', NULL, 'LOK2023/027', '2000-06-14', 'aarohi.shitole1@gmail.com', NULL, 2, 'hghjjh', NULL, 'Lalita', NULL, '', '', NULL, '1', 'FEMALE', b'0', b'0', 'jhjhjhj', b'0', b'0', '2023-01-03 11:47:40.547000', 'DeepakShinde', 'Jogdand', NULL, 'OTHERS', '9898989809', 'Kjkj', '8888897847', 'hjgh', 'INDIAN', 2, NULL, 'PROFESSIONAL', 'LJNSD2312E', NULL, NULL, NULL, NULL, 'Buddhists', 'RESIDENT', 'VERIFIED', 'MR', NULL, 5, 1, 22, 1, NULL, NULL),
	(42, '675675763333', NULL, NULL, 'Hindu-Mali', NULL, NULL, 'DeepakShinde', '2023-01-09 14:02:55.140000', NULL, 'LOK2023/028', '2005-01-02', 'aarohi.shitole@gmail.com', NULL, 2, 'hghjjh', NULL, 'Jiya', NULL, '', '', NULL, '1', 'MALE', b'0', b'0', 'jhjhjhj', b'0', b'0', '2023-01-24 09:17:28.536000', 'DeepakShinde', 'Kumar', NULL, 'MARRIED', '8784333333', 'Kishor', '8888897847', 'hjgh', 'INDIAN', 2, NULL, 'BUSINESS', 'EMEPS2000H', NULL, NULL, NULL, NULL, 'Buddhists', 'RESIDENT', 'VERIFIED', 'MR', NULL, 5, 1, 18, 1, NULL, NULL),
	(43, NULL, NULL, NULL, NULL, NULL, NULL, NULL, NULL, NULL, NULL, NULL, NULL, NULL, NULL, NULL, NULL, NULL, NULL, NULL, NULL, NULL, NULL, NULL, NULL, NULL, NULL, NULL, NULL, NULL, NULL, NULL, NULL, NULL, NULL, NULL, NULL, NULL, NULL, NULL, NULL, NULL, NULL, NULL, NULL, NULL, NULL, NULL, NULL, NULL, NULL, NULL, NULL, NULL, NULL, NULL, NULL, NULL),
	(44, '999995763333', NULL, NULL, 'Hindu-Mali', NULL, NULL, 'DineshGaikwad', '2023-01-09 14:02:55.140000', NULL, 'LOK2023/029', '2005-01-02', 'aarohi.shitole@gmail.com', NULL, 2, 'hghjjh', NULL, 'Kishori', NULL, '', '', NULL, '1', 'MALE', b'0', b'0', 'jhjhjhj', b'0', b'0', '2023-01-30 11:14:23.195000', 'DineshGaikwad', 'shahane', NULL, 'MARRIED', '8000333333', 'ramesh', '8888897847', 'hjgh', 'INDIAN', 2, NULL, 'SALARIED', 'EMEPS1212H', NULL, NULL, NULL, NULL, 'Buddhists', 'RESIDENT', 'CREATED', 'MR', NULL, 3, 1, 18, 1, NULL, 'rented');
/*!40000 ALTER TABLE `member` ENABLE KEYS */;

-- Dumping structure for table los_db.member_assets
CREATE TABLE IF NOT EXISTS `member_assets` (
  `id` bigint(20) NOT NULL AUTO_INCREMENT,
  `address` varchar(255) DEFAULT NULL,
  `area_in_sq_ft` double DEFAULT NULL,
  `asset_cost` double DEFAULT NULL,
  `asset_nature` varchar(255) DEFAULT NULL,
  `asset_owner` varchar(255) DEFAULT NULL,
  `asset_type` varchar(255) DEFAULT NULL,
  `completion_year` varchar(255) DEFAULT NULL,
  `created_by` varchar(255) DEFAULT NULL,
  `created_on` datetime(6) DEFAULT NULL,
  `free_field_1` varchar(255) DEFAULT NULL,
  `free_field_2` varchar(255) DEFAULT NULL,
  `free_field_3` varchar(255) DEFAULT NULL,
  `free_field_4` varchar(255) DEFAULT NULL,
  `free_field_5` varchar(255) DEFAULT NULL,
  `free_field_6` varchar(255) DEFAULT NULL,
  `is_deleted` bit(1) DEFAULT NULL,
  `is_insured` bit(1) DEFAULT NULL,
  `is_owned` bit(1) DEFAULT NULL,
  `is_under_used` bit(1) DEFAULT NULL,
  `jindagi_amount` double DEFAULT NULL,
  `jindagi_patrak_no` varchar(255) DEFAULT NULL,
  `land_area_in_hector` double DEFAULT NULL,
  `land_gat_no` varchar(255) DEFAULT NULL,
  `land_mark` varchar(255) DEFAULT NULL,
  `land_type` varchar(255) DEFAULT NULL,
  `last_modified` datetime(6) DEFAULT NULL,
  `last_modified_by` varchar(255) DEFAULT NULL,
  `market_value` double DEFAULT NULL,
  `mortgage_percentage` double DEFAULT NULL,
  `mortgage_Creation_date` datetime(6) DEFAULT NULL,
  `loan_applications_id` bigint(20) DEFAULT NULL,
  `member_id` bigint(20) DEFAULT NULL,
  `guarantor_id` bigint(20) DEFAULT NULL,
  `is_mortgage` bit(1) DEFAULT NULL,
  PRIMARY KEY (`id`),
  KEY `FK9myrna337637sy0tv6cyg4j00` (`loan_applications_id`),
  KEY `FKia4hachqnp97p3gmf7bhurod9` (`member_id`),
  KEY `guarantor_id` (`guarantor_id`),
  CONSTRAINT `FK9myrna337637sy0tv6cyg4j00` FOREIGN KEY (`loan_applications_id`) REFERENCES `loan_applications` (`id`),
  CONSTRAINT `FKia4hachqnp97p3gmf7bhurod9` FOREIGN KEY (`member_id`) REFERENCES `member` (`id`),
  CONSTRAINT `fk_member_assets_guarantor_id` FOREIGN KEY (`guarantor_id`) REFERENCES `guarantor` (`id`)
) ENGINE=InnoDB AUTO_INCREMENT=35 DEFAULT CHARSET=latin1;

-- Dumping data for table los_db.member_assets: ~25 rows (approximately)
DELETE FROM `member_assets`;
/*!40000 ALTER TABLE `member_assets` DISABLE KEYS */;
INSERT INTO `member_assets` (`id`, `address`, `area_in_sq_ft`, `asset_cost`, `asset_nature`, `asset_owner`, `asset_type`, `completion_year`, `created_by`, `created_on`, `free_field_1`, `free_field_2`, `free_field_3`, `free_field_4`, `free_field_5`, `free_field_6`, `is_deleted`, `is_insured`, `is_owned`, `is_under_used`, `jindagi_amount`, `jindagi_patrak_no`, `land_area_in_hector`, `land_gat_no`, `land_mark`, `land_type`, `last_modified`, `last_modified_by`, `market_value`, `mortgage_percentage`, `mortgage_Creation_date`, `loan_applications_id`, `member_id`, `guarantor_id`, `is_mortgage`) VALUES
	(6, 'string', 0, 0, 'RESIDENTIAL', 'skjlklkiuhiuyiuitring', 'FARM_HOUSE', 'string', 'string', '2022-11-10 10:37:36.765000', 'string', 'string', 'string', 'string', 'string', 'string', b'1', b'1', b'1', b'1', 0, 'stqqqscdcdvring', 0, 'strnghvhvhkjking', 'string', 'string', '2022-11-10 10:37:36.765000', 'string', 0, NULL, NULL, NULL, 1, 4, b'0'),
	(7, 'Pune', 1000, 34343, 'RESIDENTIAL', 'somesh', 'BUNGLOW', '2010', 'DineshGaikwad', '2022-11-16 06:44:03.372000', NULL, NULL, NULL, NULL, NULL, NULL, NULL, NULL, NULL, NULL, NULL, NULL, NULL, NULL, 'Pallod farm', NULL, '2022-11-16 06:44:03.372000', 'DineshGaikwad', NULL, NULL, NULL, NULL, 22, NULL, b'1'),
	(8, 'Karjat', 20000, 4000000, 'COMMERCIAL', 'Jagtap', 'FARM_HOUSE', '2021', 'DineshGaikwad', '2022-11-16 06:46:34.708000', NULL, NULL, NULL, NULL, NULL, NULL, NULL, NULL, NULL, NULL, NULL, NULL, NULL, NULL, 'bus stand', NULL, '2022-11-16 06:46:34.708000', 'DineshGaikwad', NULL, NULL, NULL, NULL, 20, NULL, b'0'),
	(9, 'Sillod', 433533, 555555555, 'OTHER', 'Gorade', 'LAND', '2013', 'DineshGaikwad', '2022-11-16 06:47:35.678000', NULL, NULL, NULL, NULL, NULL, NULL, NULL, NULL, NULL, NULL, NULL, NULL, 545, '567', 'Bus stand', 'DED', '2022-11-16 06:47:35.678000', 'DineshGaikwad', NULL, NULL, NULL, NULL, 13, NULL, b'1'),
	(10, 'Warje', 445555, 900000, 'COMMERCIAL', 'Swapnil suryawanshi', 'LAND', '2019', 'DineshGaikwad', '2022-11-16 06:48:41.502000', NULL, NULL, NULL, NULL, NULL, NULL, NULL, NULL, NULL, NULL, NULL, NULL, 43, '565', 'Near MacD', 'Cummersial', '2022-11-16 06:48:41.502000', 'DineshGaikwad', NULL, NULL, NULL, NULL, 20, NULL, b'1'),
	(11, 'Pandharpur', 2000, 2500000, 'RESIDENTIAL', 'Girish Dnyaneshwar Shelake', 'BUNGLOW', '2022', 'DeepakShinde', '2022-11-22 05:39:37.905000', NULL, NULL, NULL, NULL, NULL, NULL, NULL, NULL, NULL, NULL, NULL, NULL, NULL, NULL, 'Behind Shah Lawns', NULL, '2022-11-22 05:39:37.905000', 'DeepakShinde', NULL, NULL, '2023-01-02 12:46:27.000000', NULL, 23, NULL, b'0'),
	(13, 'pune', 11111, 30000, 'RESIDENTIAL', 'Somesh', 'BUNGLOW', '2023', 'DeepakShinde', '2022-11-23 07:19:06.269000', NULL, NULL, NULL, NULL, NULL, NULL, NULL, NULL, NULL, NULL, NULL, NULL, NULL, NULL, 'old Bridge', NULL, '2022-11-23 07:19:06.269000', 'DeepakShinde', NULL, NULL, NULL, 34, 25, NULL, b'1'),
	(16, 'satara', 34555, 20000, 'COMMERCIAL', 'Chandrakant', 'FARM_HOUSE', '2023', 'DeepakShinde', '2022-11-23 07:24:12.613000', NULL, NULL, NULL, NULL, NULL, NULL, NULL, NULL, NULL, NULL, NULL, NULL, NULL, NULL, 'Bapat road', NULL, '2022-11-23 07:24:12.613000', 'DeepakShinde', NULL, NULL, NULL, NULL, 25, NULL, NULL),
	(17, 'satara', 3455, 40000, 'RESIDENTIAL', 'swapnil', 'BUNGLOW', '2021', 'DeepakShinde', NULL, NULL, NULL, NULL, NULL, NULL, NULL, NULL, NULL, NULL, NULL, NULL, NULL, NULL, NULL, 'dcsd', NULL, '2022-11-30 06:07:56.451000', 'DeepakShinde', NULL, NULL, NULL, 37, 26, NULL, b'1'),
	(19, 'pune', 2000, 2000000, 'RESIDENTIAL', 'shamro', 'FLAT', '2022', 'DineshGaikwad', '2022-12-21 06:46:52.141000', NULL, NULL, NULL, NULL, NULL, NULL, NULL, NULL, NULL, NULL, NULL, NULL, NULL, NULL, 'CT hostpital', NULL, '2022-12-21 06:46:52.141000', 'DineshGaikwad', NULL, NULL, NULL, NULL, 26, NULL, b'0'),
	(20, 'Dhanori', 2000, 1500000, 'RESIDENTIAL', 'Akash', 'FLAT', '2022', 'DineshGaikwad', '2022-12-21 07:07:04.740000', NULL, NULL, NULL, NULL, NULL, NULL, NULL, NULL, NULL, NULL, NULL, NULL, NULL, NULL, 'CT hostpital', NULL, '2022-12-21 07:07:04.740000', 'DineshGaikwad', NULL, NULL, NULL, 39, 26, NULL, b'1'),
	(21, 'Baramati', 10000, 4000000, 'RESIDENTIAL', 'Krishna', 'FARM_HOUSE', '2021', 'DineshGaikwad', '2022-12-22 15:23:58.684000', NULL, NULL, NULL, NULL, NULL, NULL, NULL, NULL, NULL, NULL, NULL, NULL, NULL, NULL, 'Ganesh madir', NULL, '2022-12-22 15:23:58.684000', 'DineshGaikwad', NULL, NULL, NULL, 40, 24, NULL, b'1'),
	(22, 'Akalkot', 1500, 350000, 'RESIDENTIAL', 'yes', 'LAND', '2021', 'DineshGaikwad', '2022-12-30 10:15:56.323000', NULL, NULL, NULL, NULL, NULL, NULL, b'0', NULL, NULL, NULL, NULL, NULL, 1.4, '54655', 'near hospital', 'Jirayti', '2022-12-30 10:15:56.323000', 'DineshGaikwad', NULL, NULL, NULL, 41, 14, NULL, b'1'),
	(23, 'Dhanori', 10000, 650000, 'RESIDENTIAL', 'Depti', 'FLAT', '2021', 'DineshGaikwad', '2023-01-02 12:21:01.250000', NULL, NULL, NULL, NULL, NULL, NULL, b'0', NULL, NULL, NULL, NULL, NULL, NULL, NULL, 'near hospital', NULL, '2023-01-02 12:21:01.250000', 'DineshGaikwad', NULL, 100, '2023-01-02 12:37:34.691000', 42, 39, NULL, b'1'),
	(24, 'Baramati', 2000, 1100000, 'COMMERCIAL', 'Depti', 'LAND', '2019', 'DineshGaikwad', '2023-01-02 12:21:46.112000', NULL, NULL, NULL, NULL, NULL, NULL, b'0', NULL, NULL, NULL, NULL, NULL, NULL, NULL, 'near well', NULL, '2023-01-02 12:21:46.112000', 'DineshGaikwad', NULL, NULL, NULL, NULL, 39, NULL, b'0'),
	(25, 'Sangvi', 230, 1500000, 'RESIDENTIAL', 'Gyandra ', 'FARM_HOUSE', '2022', 'DineshGaikwad', '2023-01-02 12:22:48.242000', NULL, NULL, NULL, NULL, NULL, NULL, b'1', NULL, NULL, NULL, NULL, NULL, NULL, NULL, 'Ganesh madir', NULL, '2023-01-02 12:22:48.242000', 'DineshGaikwad', NULL, NULL, NULL, NULL, 39, NULL, b'0'),
	(26, 'dfs', 89556, 87877987, 'RESIDENTIAL', 'uygkjhkj', 'BUNGLOW', '2022', 'DineshGaikwad', '2023-01-03 06:47:11.749000', NULL, NULL, NULL, NULL, NULL, NULL, b'0', NULL, NULL, NULL, NULL, NULL, NULL, NULL, 'sdfd', NULL, '2023-01-03 06:47:11.749000', 'DineshGaikwad', NULL, 100, '2023-01-04 05:19:02.872000', 45, 40, NULL, b'1'),
	(27, 'pune', 8797, 989898, 'RESIDENTIAL', 'MOSHI', 'BUNGLOW', NULL, 'DeepakShinde', '2023-01-05 05:32:36.331000', NULL, NULL, NULL, NULL, NULL, NULL, b'0', NULL, NULL, NULL, NULL, NULL, NULL, NULL, 'hhkjhkj', NULL, '2023-01-05 05:32:36.331000', 'DeepakShinde', NULL, NULL, NULL, NULL, 22, NULL, b'0'),
	(28, 'pune', 89556, 87877987, 'RESIDENTIAL', 'uygkjhkj', 'BUNGLOW', '2017', 'DineshGaikwad', '2023-01-09 09:47:50.140000', NULL, NULL, NULL, NULL, NULL, NULL, b'0', NULL, NULL, NULL, NULL, NULL, NULL, NULL, 'hhkjhkj', NULL, '2023-01-09 09:47:50.140000', 'DineshGaikwad', NULL, 100, '2023-01-09 09:48:33.286000', 46, 41, NULL, b'1'),
	(29, 'pune', 89556, 500000, 'RESIDENTIAL', 'Lalita', 'BUNGLOW', '2021', 'DineshGaikwad', '2023-01-20 10:08:08.975000', NULL, NULL, NULL, NULL, NULL, NULL, b'0', NULL, NULL, NULL, NULL, NULL, NULL, NULL, 'hhkjhkj', NULL, '2023-01-20 10:08:08.975000', 'DineshGaikwad', NULL, 100, '2023-01-20 10:12:32.445000', 47, 41, NULL, b'1'),
	(30, 'pune', 5457, 500000, 'COMMERCIAL', 'Lalita', 'FARM_HOUSE', '2021', 'DineshGaikwad', '2023-01-20 10:11:41.581000', NULL, NULL, NULL, NULL, NULL, NULL, b'0', NULL, NULL, NULL, NULL, NULL, NULL, NULL, 'jhjkhjkh', NULL, '2023-01-20 10:11:41.581000', 'DineshGaikwad', NULL, 100, '2023-01-20 10:12:32.445000', 47, 41, NULL, b'1'),
	(31, 'pune', 89556, 87877987, 'RESIDENTIAL', 'iuoi', 'BUNGLOW', NULL, 'DineshGaikwad', '2023-01-23 07:28:34.315000', NULL, NULL, NULL, NULL, NULL, NULL, b'0', NULL, NULL, NULL, NULL, NULL, NULL, NULL, 'hhkjhkj', NULL, '2023-01-23 07:28:34.315000', 'DineshGaikwad', NULL, 100, '2023-01-27 08:14:01.949000', 49, 41, NULL, b'1'),
	(32, 'pune', 89556, 1100000, 'RESIDENTIAL', 'Jiya', 'FLAT', '2022', 'DeepakShinde', '2023-01-24 09:23:42.514000', NULL, NULL, NULL, NULL, NULL, NULL, b'0', NULL, NULL, NULL, NULL, NULL, NULL, NULL, 'Ganesh mandir', NULL, '2023-01-24 09:23:42.514000', 'DeepakShinde', NULL, 100, '2023-01-24 09:32:01.951000', 50, 42, NULL, b'1'),
	(33, 'jhjkhkjh', 89556, 64000, 'RESIDENTIAL', 'Jhkkjk', 'BUNGLOW', '2018', 'DineshGaikwad', '2023-01-27 09:24:01.630000', NULL, NULL, NULL, NULL, NULL, NULL, b'0', NULL, NULL, NULL, NULL, NULL, NULL, NULL, 'kjhkj', NULL, '2023-01-27 09:24:01.630000', 'DineshGaikwad', NULL, 100, '2023-01-27 09:24:12.454000', 51, 42, NULL, b'1'),
	(34, 'pune', 89556, 87877987, 'RESIDENTIAL', 'iuoi', 'BUNGLOW', NULL, 'DineshGaikwad', '2023-01-31 05:40:36.502000', NULL, NULL, NULL, NULL, NULL, NULL, b'0', NULL, NULL, NULL, NULL, NULL, NULL, NULL, 'hhkjhkj', NULL, '2023-01-31 05:40:36.502000', 'DineshGaikwad', NULL, 100, '2023-01-31 05:40:38.764000', 52, 41, NULL, b'1');
/*!40000 ALTER TABLE `member_assets` ENABLE KEYS */;

-- Dumping structure for table los_db.member_bank
CREATE TABLE IF NOT EXISTS `member_bank` (
  `id` bigint(20) NOT NULL AUTO_INCREMENT,
  `acc_holder_name` varchar(255) DEFAULT NULL,
  `account_number` bigint(20) DEFAULT NULL,
  `bank_name` varchar(255) DEFAULT NULL,
  `branch_name` varchar(255) DEFAULT NULL,
  `created_by` varchar(255) DEFAULT NULL,
  `created_on` datetime(6) DEFAULT NULL,
  `free_field_1` varchar(255) DEFAULT NULL,
  `free_field_2` varchar(255) DEFAULT NULL,
  `free_field_3` varchar(255) DEFAULT NULL,
  `free_field_4` varchar(255) DEFAULT NULL,
  `free_field_5` varchar(255) DEFAULT NULL,
  `free_field_6` varchar(255) DEFAULT NULL,
  `ifsccode` varchar(255) DEFAULT NULL,
  `is_active` bit(1) DEFAULT NULL,
  `is_deleted` bit(1) DEFAULT NULL,
  `last_modified` datetime(6) DEFAULT NULL,
  `last_modified_by` varchar(255) DEFAULT NULL,
  `micr_code` varchar(255) DEFAULT NULL,
  `swift_code` varchar(255) DEFAULT NULL,
  `member_id` bigint(20) DEFAULT NULL,
  PRIMARY KEY (`id`),
  UNIQUE KEY `UK_jn1wd2k7twbh9d5tdoeb3a0mu` (`account_number`),
  KEY `FKavt4w51n5yajxphd29b4ohpc8` (`member_id`),
  CONSTRAINT `FKavt4w51n5yajxphd29b4ohpc8` FOREIGN KEY (`member_id`) REFERENCES `member` (`id`)
) ENGINE=InnoDB AUTO_INCREMENT=12 DEFAULT CHARSET=latin1;

-- Dumping data for table los_db.member_bank: ~9 rows (approximately)
DELETE FROM `member_bank`;
/*!40000 ALTER TABLE `member_bank` DISABLE KEYS */;
INSERT INTO `member_bank` (`id`, `acc_holder_name`, `account_number`, `bank_name`, `branch_name`, `created_by`, `created_on`, `free_field_1`, `free_field_2`, `free_field_3`, `free_field_4`, `free_field_5`, `free_field_6`, `ifsccode`, `is_active`, `is_deleted`, `last_modified`, `last_modified_by`, `micr_code`, `swift_code`, `member_id`) VALUES
	(1, 'sanjay ramesh goma', 78383999902, 'Maharahstra bank', 'satara', 'DineshGaikwad', '2022-11-24 11:46:05.322000', NULL, NULL, NULL, NULL, NULL, NULL, 'ICIC0999738', b'1', b'0', '2022-11-24 11:46:05.322000', 'DineshGaikwad', NULL, NULL, 13),
	(2, 'swapnil raju chaudhari', 78383997383, 'Maharahstra bank', 'Punjab', 'DeepakShinde', NULL, NULL, NULL, NULL, NULL, NULL, NULL, 'ICIC0999333', b'1', b'0', '2022-11-30 06:07:23.949000', 'DeepakShinde', NULL, NULL, 26),
	(3, 'shmrao mohan jambhle', 21000011116, 'ICICI Banck', 'Aundh Branch', 'DineshGaikwad', '2022-12-21 06:45:47.342000', NULL, NULL, NULL, NULL, NULL, NULL, 'ICIC0000067', b'1', b'0', '2022-12-21 06:45:47.342000', 'DineshGaikwad', NULL, NULL, 28),
	(4, 'Akash', 21000011716, 'HDFC Bank', 'Baner branch', 'DineshGaikwad', '2022-12-21 07:07:30.367000', NULL, NULL, NULL, NULL, NULL, NULL, 'HDFC0000067', b'1', b'0', '2022-12-21 07:07:30.367000', 'DineshGaikwad', NULL, NULL, 24),
	(5, 'Krishna vishnu patil', 21003711116, 'ICICI Banck', 'Baner branch', 'DineshGaikwad', '2022-12-22 15:18:38.504000', NULL, NULL, NULL, NULL, NULL, NULL, 'ICIC0000067', b'1', b'0', '2022-12-22 15:18:38.504000', 'DineshGaikwad', NULL, NULL, 29),
	(6, 'Girish Sagar salgare', 21093711716, 'ICICI Banck', 'Baner branch', 'DineshGaikwad', '2022-12-30 10:16:29.063000', NULL, NULL, NULL, NULL, NULL, NULL, 'ICIC0000067', b'1', b'0', '2022-12-30 10:16:29.063000', 'DineshGaikwad', NULL, NULL, 14),
	(7, 'Depti Gyanendra Singh', 21000711712, 'HDFC Bank', 'Aundh Branch', 'DineshGaikwad', '2023-01-02 12:20:21.449000', NULL, NULL, NULL, NULL, NULL, NULL, 'HDFC0000067', b'1', b'0', '2023-01-02 12:20:21.449000', 'DineshGaikwad', NULL, NULL, 39),
	(8, 'Mangesh Vishnu Gorade', 81111222222, 'Axis bank', 'TestBranch', 'DineshGaikwad', '2023-01-02 13:34:18.698000', NULL, NULL, NULL, NULL, NULL, NULL, 'SBIN0005940', b'1', b'0', '2023-01-02 13:34:18.698000', 'DineshGaikwad', NULL, NULL, 21),
	(9, 'Komal Nitesh Chorbele', 89798788798, 'Axis bank', 'TestBranch', 'DineshGaikwad', '2023-01-03 06:39:47.513000', NULL, NULL, NULL, NULL, NULL, NULL, 'SBIN0005943', b'1', b'0', '2023-01-03 06:39:47.513000', 'DineshGaikwad', NULL, NULL, 40),
	(10, 'Lalita Kjkj Jogdand', 89798788711, 'Axis bank', 'TestBranch', 'DineshGaikwad', '2023-01-03 11:51:37.568000', NULL, NULL, NULL, NULL, NULL, NULL, 'FDSA0034333', b'1', b'0', '2023-01-03 11:51:37.568000', 'DineshGaikwad', NULL, NULL, 41),
	(11, 'Jiya Kishor Kumar', 88888798798, 'Axis bank', 'TestBranch', 'DineshGaikwad', '2023-01-24 09:29:26.179000', NULL, NULL, NULL, NULL, NULL, NULL, 'SBIN0005940', b'1', b'0', '2023-01-24 09:29:26.179000', 'DineshGaikwad', NULL, NULL, 42);
/*!40000 ALTER TABLE `member_bank` ENABLE KEYS */;

-- Dumping structure for table los_db.member_existingfacility
CREATE TABLE IF NOT EXISTS `member_existingfacility` (
  `id` bigint(20) NOT NULL AUTO_INCREMENT,
  `amt_in_lac` double DEFAULT NULL,
  `created_by` varchar(255) DEFAULT NULL,
  `created_on` datetime(6) DEFAULT NULL,
  `facilitated_from` varchar(255) DEFAULT NULL,
  `facility_name` varchar(255) DEFAULT NULL,
  `free_field_1` varchar(255) DEFAULT NULL,
  `free_field_2` varchar(255) DEFAULT NULL,
  `free_field_3` varchar(255) DEFAULT NULL,
  `free_field_4` varchar(255) DEFAULT NULL,
  `free_field_5` varchar(255) DEFAULT NULL,
  `remark` varchar(255) DEFAULT NULL,
  `is_deleted` bit(1) DEFAULT NULL,
  `last_modified` datetime(6) DEFAULT NULL,
  `last_modified_by` varchar(255) DEFAULT NULL,
  `nature` varchar(255) DEFAULT NULL,
  `outstanding_in_lac` double DEFAULT NULL,
  `purpose` varchar(255) DEFAULT NULL,
  `rating` varchar(255) DEFAULT NULL,
  `section_date` datetime(6) DEFAULT NULL,
  `status` varchar(255) DEFAULT NULL,
  `year` int(11) DEFAULT NULL,
  `member_id` bigint(20) DEFAULT NULL,
  `emi_amt` double(22,0) DEFAULT NULL,
  PRIMARY KEY (`id`),
  KEY `FKe4dtf41vsrmt9qpgfnilg4ywq` (`member_id`),
  CONSTRAINT `FKe4dtf41vsrmt9qpgfnilg4ywq` FOREIGN KEY (`member_id`) REFERENCES `member` (`id`)
) ENGINE=InnoDB AUTO_INCREMENT=19 DEFAULT CHARSET=latin1;

-- Dumping data for table los_db.member_existingfacility: ~12 rows (approximately)
DELETE FROM `member_existingfacility`;
/*!40000 ALTER TABLE `member_existingfacility` DISABLE KEYS */;
INSERT INTO `member_existingfacility` (`id`, `amt_in_lac`, `created_by`, `created_on`, `facilitated_from`, `facility_name`, `free_field_1`, `free_field_2`, `free_field_3`, `free_field_4`, `free_field_5`, `remark`, `is_deleted`, `last_modified`, `last_modified_by`, `nature`, `outstanding_in_lac`, `purpose`, `rating`, `section_date`, `status`, `year`, `member_id`, `emi_amt`) VALUES
	(6, 500000, 'DineshGaikwad', '2022-11-14 06:37:32.753000', 'A1', 'A1', NULL, NULL, NULL, NULL, NULL, 'dsfdgfdgf', NULL, '2022-11-14 06:37:32.753000', 'DineshGaikwad', NULL, 20000, 'home', 'GOOD', '2022-10-29 18:30:00.000000', 'REGULAR', NULL, 22, NULL),
	(7, NULL, 'DineshGaikwad', '2022-10-31 12:41:37.602000', NULL, NULL, NULL, NULL, NULL, NULL, NULL, NULL, b'0', '2022-10-31 12:41:37.602000', 'DineshGaikwad', NULL, NULL, NULL, NULL, NULL, NULL, NULL, 22, NULL),
	(8, NULL, 'DineshGaikwad', '2022-10-31 12:41:36.155000', NULL, NULL, NULL, NULL, NULL, NULL, NULL, NULL, b'0', '2022-10-31 12:41:36.155000', 'DineshGaikwad', NULL, NULL, NULL, NULL, NULL, NULL, NULL, 29, NULL),
	(9, NULL, 'DineshGaikwad', '2022-10-31 12:41:41.315000', NULL, NULL, NULL, NULL, NULL, NULL, NULL, NULL, b'0', '2022-10-31 12:41:41.315000', 'DineshGaikwad', NULL, NULL, NULL, NULL, NULL, NULL, NULL, 39, NULL),
	(10, 343434343, 'DineshGaikwad', '2022-11-18 07:03:16.073000', 'ssssss', 'SSSSSS', NULL, NULL, NULL, NULL, NULL, NULL, NULL, '2022-11-18 07:03:16.073000', 'DineshGaikwad', 'sddddd', 666666, 'Temp', 'GOOD', '2022-11-09 18:30:00.000000', 'REGULAR', NULL, 20, NULL),
	(11, 43534534, 'DineshGaikwad', '2022-11-28 17:03:06.455000', 'dfdss', 'AKAKA', NULL, NULL, NULL, NULL, NULL, NULL, b'0', '2022-12-22 04:47:42.480000', 'DineshGaikwad', 'dsfsdfdsf', 555555555555555, 'tttttt', 'GOOD', '2022-10-31 18:30:00.000000', 'REGULAR', NULL, 13, NULL),
	(13, 88888888, 'DineshGaikwad', '2022-11-18 07:03:16.082000', 'KKKKKKKKK', 'RRRRRRRRRRR', NULL, NULL, NULL, NULL, NULL, NULL, b'0', '2022-11-18 07:03:16.082000', 'DineshGaikwad', 'YYYYY', 2222222222222, 'BBBBBBBB', 'POOR', '2022-11-28 18:30:00.000000', 'NPA', NULL, 22, NULL),
	(14, 200000, 'DeepakShinde', NULL, '2021-2024', 'shelke', NULL, 'New from Applicant', 'true', NULL, NULL, NULL, b'0', '2022-12-01 13:21:54.014000', 'DeepakShinde', 'fifsjkl', 221412, 'home', 'GOOD', '2022-07-06 18:30:00.000000', 'REGULAR', NULL, 25, NULL),
	(15, 200000, 'DineshGaikwad', '2022-12-20 08:45:19.998000', '2021-2024', 'dsdfsg', NULL, 'new remark from cooooofrfrfrfr', 'true', NULL, NULL, NULL, b'0', '2023-01-27 09:23:29.169000', 'DineshGaikwad', 'fifsjkl', 8988493, 'home', 'GOOD', '2023-02-27 18:30:00.000000', 'REGULAR', NULL, 42, 0),
	(16, NULL, 'DeepakShinde', '2022-12-21 06:37:24.761000', NULL, NULL, NULL, NULL, NULL, NULL, NULL, NULL, b'0', '2022-12-21 10:31:08.314000', 'DeepakShinde', NULL, NULL, NULL, NULL, NULL, NULL, NULL, 24, NULL),
	(17, NULL, 'DineshGaikwad', '2022-12-21 11:58:46.921000', NULL, NULL, NULL, NULL, NULL, NULL, NULL, NULL, b'0', '2023-01-02 11:29:12.096000', 'DineshGaikwad', NULL, NULL, NULL, NULL, NULL, NULL, NULL, 21, NULL),
	(18, 1000000, 'DineshGaikwad', '2022-12-22 15:23:15.653000', 'ICICI bank', 'Home Loan', NULL, NULL, NULL, NULL, NULL, NULL, b'0', '2023-01-02 12:24:36.706000', 'DineshGaikwad', 'OTHERS', 50000, 'for home', 'GOOD', '2022-12-21 18:30:00.000000', 'REGULAR', NULL, 40, NULL);
/*!40000 ALTER TABLE `member_existingfacility` ENABLE KEYS */;

-- Dumping structure for table los_db.member_limit
CREATE TABLE IF NOT EXISTS `member_limit` (
  `id` bigint(20) NOT NULL AUTO_INCREMENT,
  `dt_limit_expired` date DEFAULT NULL,
  `dt_limit_sanctioned` date DEFAULT NULL,
  `free_field_1` varchar(255) DEFAULT NULL,
  `free_field_2` varchar(255) DEFAULT NULL,
  `free_field_3` varchar(255) DEFAULT NULL,
  `free_field_4` varchar(255) DEFAULT NULL,
  `is_active` bit(1) DEFAULT NULL,
  `is_deleted` bit(1) DEFAULT NULL,
  `last_modified` datetime(6) DEFAULT NULL,
  `last_modified_by` varchar(255) DEFAULT NULL,
  `limit_sanction_amount` double DEFAULT NULL,
  `purpose` varchar(255) DEFAULT NULL,
  PRIMARY KEY (`id`)
) ENGINE=InnoDB DEFAULT CHARSET=latin1;

-- Dumping data for table los_db.member_limit: ~0 rows (approximately)
DELETE FROM `member_limit`;
/*!40000 ALTER TABLE `member_limit` DISABLE KEYS */;
/*!40000 ALTER TABLE `member_limit` ENABLE KEYS */;

-- Dumping structure for table los_db.mortgaged_assets
CREATE TABLE IF NOT EXISTS `mortgaged_assets` (
  `id` bigint(20) NOT NULL AUTO_INCREMENT,
  `mortgage_create_date` datetime(6) DEFAULT NULL,
  `mortg_percentage` double DEFAULT NULL,
  `loan_applications_id` bigint(20) DEFAULT NULL,
  `member_id` bigint(20) DEFAULT NULL,
  `member_assets_id` bigint(20) DEFAULT NULL,
  PRIMARY KEY (`id`),
  KEY `FKbakw1kplyjbxh7vn2ys0nf920` (`loan_applications_id`),
  KEY `FKtqmrbkkoc8unfhfbkmxj43meu` (`member_id`),
  KEY `FK33rsopat523xeg8b5ii2pj1uv` (`member_assets_id`),
  CONSTRAINT `FK33rsopat523xeg8b5ii2pj1uv` FOREIGN KEY (`member_assets_id`) REFERENCES `member_assets` (`id`),
  CONSTRAINT `FKbakw1kplyjbxh7vn2ys0nf920` FOREIGN KEY (`loan_applications_id`) REFERENCES `loan_applications` (`id`),
  CONSTRAINT `FKtqmrbkkoc8unfhfbkmxj43meu` FOREIGN KEY (`member_id`) REFERENCES `member` (`id`)
) ENGINE=InnoDB AUTO_INCREMENT=5 DEFAULT CHARSET=latin1;

-- Dumping data for table los_db.mortgaged_assets: ~2 rows (approximately)
DELETE FROM `mortgaged_assets`;
/*!40000 ALTER TABLE `mortgaged_assets` DISABLE KEYS */;
INSERT INTO `mortgaged_assets` (`id`, `mortgage_create_date`, `mortg_percentage`, `loan_applications_id`, `member_id`, `member_assets_id`) VALUES
	(2, NULL, NULL, 40, 29, 21),
	(4, NULL, NULL, 41, 14, 22);
/*!40000 ALTER TABLE `mortgaged_assets` ENABLE KEYS */;

-- Dumping structure for table los_db.nominee
CREATE TABLE IF NOT EXISTS `nominee` (
  `id` bigint(20) NOT NULL AUTO_INCREMENT,
  `aadhar_card` varchar(255) DEFAULT NULL,
  `created_by` varchar(255) DEFAULT NULL,
  `created_on` datetime(6) DEFAULT NULL,
  `dob` date DEFAULT NULL,
  `father_name` varchar(255) DEFAULT NULL,
  `first_name` varchar(255) DEFAULT NULL,
  `free_field_1` varchar(255) DEFAULT NULL,
  `free_field_2` varchar(255) DEFAULT NULL,
  `free_field_3` varchar(255) DEFAULT NULL,
  `free_field_4` varchar(255) DEFAULT NULL,
  `gender` varchar(255) DEFAULT NULL,
  `guardian_name` varchar(255) DEFAULT NULL,
  `is_active` bit(1) DEFAULT NULL,
  `is_deleted` bit(1) DEFAULT NULL,
  `last_modified` datetime(6) DEFAULT NULL,
  `last_modified_by` varchar(255) DEFAULT NULL,
  `last_name` varchar(255) DEFAULT NULL,
  `mother_name` varchar(255) DEFAULT NULL,
  `nominee_declare_date` datetime(6) DEFAULT NULL,
  `nominee_percentage` double DEFAULT NULL,
  `permanent_addr` varchar(255) DEFAULT NULL,
  `relation` varchar(255) DEFAULT NULL,
  `member_id` bigint(20) DEFAULT NULL,
  PRIMARY KEY (`id`),
  UNIQUE KEY `UK_bs5dhtslfmqmsilppshmxtc53` (`aadhar_card`),
  KEY `FKes5yls5st0h2oq4hy1x1gsc0j` (`member_id`),
  CONSTRAINT `FKes5yls5st0h2oq4hy1x1gsc0j` FOREIGN KEY (`member_id`) REFERENCES `member` (`id`)
) ENGINE=InnoDB DEFAULT CHARSET=latin1;

-- Dumping data for table los_db.nominee: ~0 rows (approximately)
DELETE FROM `nominee`;
/*!40000 ALTER TABLE `nominee` DISABLE KEYS */;
/*!40000 ALTER TABLE `nominee` ENABLE KEYS */;

-- Dumping structure for table los_db.notification
CREATE TABLE IF NOT EXISTS `notification` (
  `id` bigint(20) NOT NULL AUTO_INCREMENT,
  `free_field_1` varchar(255) DEFAULT NULL,
  `free_field_2` varchar(255) DEFAULT NULL,
  `is_action_required` bit(1) DEFAULT NULL,
  `last_modified` datetime(6) DEFAULT NULL,
  `last_modified_by` varchar(255) NOT NULL,
  `massage` varchar(255) DEFAULT NULL,
  `notification_type` varchar(255) DEFAULT NULL,
  `send_From` bigint(20) DEFAULT NULL,
  `send_To` bigint(20) DEFAULT NULL,
  `security_user_id` bigint(20) DEFAULT NULL,
  `message` varchar(255) NOT NULL,
  `loan_applications_id` bigint(20) DEFAULT NULL,
  PRIMARY KEY (`id`),
  KEY `FKe8mls2ye0gg90a98uq7tcsuin` (`security_user_id`),
  KEY `fk1_notification_security_user_id` (`send_From`),
  KEY `fk_notification_security_user_id` (`send_To`),
  KEY `FK2pqcpm3uaesi603qblg1cs83t` (`loan_applications_id`),
  CONSTRAINT `FK2pqcpm3uaesi603qblg1cs83t` FOREIGN KEY (`loan_applications_id`) REFERENCES `loan_applications` (`id`),
  CONSTRAINT `FKe8mls2ye0gg90a98uq7tcsuin` FOREIGN KEY (`security_user_id`) REFERENCES `security_user` (`id`),
  CONSTRAINT `fk1_notification_security_user_id` FOREIGN KEY (`send_From`) REFERENCES `security_user` (`id`),
  CONSTRAINT `fk_notification_security_user_id` FOREIGN KEY (`send_To`) REFERENCES `security_user` (`id`)
) ENGINE=InnoDB AUTO_INCREMENT=7 DEFAULT CHARSET=latin1;

-- Dumping data for table los_db.notification: ~6 rows (approximately)
DELETE FROM `notification`;
/*!40000 ALTER TABLE `notification` DISABLE KEYS */;
INSERT INTO `notification` (`id`, `free_field_1`, `free_field_2`, `is_action_required`, `last_modified`, `last_modified_by`, `massage`, `notification_type`, `send_From`, `send_To`, `security_user_id`, `message`, `loan_applications_id`) VALUES
	(1, NULL, NULL, NULL, '2022-11-22 05:24:50.027000', 'DineshGaikwad', NULL, NULL, 3, 5, NULL, 'forwarded to checker', 29),
	(2, 'AWAITED_COMM_REM', NULL, NULL, '2022-11-24 12:47:42.581000', 'DeepakShinde', NULL, NULL, 5, NULL, NULL, 'Loan Application forward to Scrunity Committee..!!', 28),
	(3, NULL, NULL, NULL, '2022-11-30 04:49:08.633000', 'DineshGaikwad', NULL, NULL, 3, 5, NULL, 'check it 32', 36),
	(4, NULL, NULL, NULL, '2022-12-07 09:29:34.759000', 'DineshGaikwad', NULL, NULL, 3, 5, NULL, 'trrtrtrtr', 33),
	(5, NULL, NULL, NULL, '2022-12-08 05:51:18.445000', 'DineshGaikwad', NULL, NULL, 3, 5, NULL, 'demo check', 38),
	(6, NULL, NULL, NULL, '2022-12-21 10:11:35.633000', 'DineshGaikwad', NULL, NULL, 3, 5, NULL, 'Please check this application', 39);
/*!40000 ALTER TABLE `notification` ENABLE KEYS */;

-- Dumping structure for table los_db.npa_setting
CREATE TABLE IF NOT EXISTS `npa_setting` (
  `id` bigint(20) NOT NULL AUTO_INCREMENT,
  `created_by` varchar(255) DEFAULT NULL,
  `created_on` datetime(6) DEFAULT NULL,
  `duration_end` int(11) DEFAULT NULL,
  `duration_start` int(11) DEFAULT NULL,
  `free_field_1` varchar(255) DEFAULT NULL,
  `free_field_2` varchar(255) DEFAULT NULL,
  `free_field_3` varchar(255) DEFAULT NULL,
  `free_field_4` varchar(255) DEFAULT NULL,
  `free_field_5` varchar(255) DEFAULT NULL,
  `interest_rate` int(11) DEFAULT NULL,
  `is_deleted` bit(1) DEFAULT NULL,
  `last_modified` datetime(6) DEFAULT NULL,
  `last_modified_by` varchar(255) DEFAULT NULL,
  `npa_classification` varchar(255) DEFAULT NULL,
  `provision` varchar(255) DEFAULT NULL,
  `year` int(11) DEFAULT NULL,
  `organisation_id` bigint(20) DEFAULT NULL,
  PRIMARY KEY (`id`),
  KEY `FK5wdgrxfy56wuwwneemqdonygo` (`organisation_id`),
  CONSTRAINT `FK5wdgrxfy56wuwwneemqdonygo` FOREIGN KEY (`organisation_id`) REFERENCES `organisation` (`id`)
) ENGINE=InnoDB DEFAULT CHARSET=latin1;

-- Dumping data for table los_db.npa_setting: ~0 rows (approximately)
DELETE FROM `npa_setting`;
/*!40000 ALTER TABLE `npa_setting` DISABLE KEYS */;
/*!40000 ALTER TABLE `npa_setting` ENABLE KEYS */;

-- Dumping structure for table los_db.organisation
CREATE TABLE IF NOT EXISTS `organisation` (
  `id` bigint(20) NOT NULL AUTO_INCREMENT,
  `org_name` varchar(255) NOT NULL,
  `description` varchar(255) DEFAULT NULL,
  `reg_number` varchar(255) NOT NULL,
  `gstin` varchar(255) NOT NULL,
  `pan` varchar(255) DEFAULT NULL,
  `tan` varchar(255) DEFAULT NULL,
  `phone` varchar(255) DEFAULT NULL,
  `email` varchar(255) DEFAULT NULL,
  `web_site` varchar(255) DEFAULT NULL,
  `fax` varchar(255) DEFAULT NULL,
  `is_activate` bit(1) DEFAULT NULL,
  `org_type` varchar(255) DEFAULT NULL,
  `created_on` datetime(6) DEFAULT NULL,
  `created_by` varchar(255) DEFAULT NULL,
  `is_deleted` varchar(255) DEFAULT NULL,
  `last_modified` datetime(6) DEFAULT NULL,
  `last_modified_by` varchar(255) DEFAULT NULL,
  `free_field_1` varchar(255) DEFAULT NULL,
  `free_field_2` varchar(255) DEFAULT NULL,
  `free_field_3` varchar(255) DEFAULT NULL,
  `free_field_4` varchar(255) DEFAULT NULL,
  `free_field_5` varchar(255) DEFAULT NULL,
  `address_id` bigint(20) DEFAULT NULL,
  PRIMARY KEY (`id`),
  UNIQUE KEY `ux_organisation__org_name` (`org_name`),
  UNIQUE KEY `ux_organisation__reg_number` (`reg_number`),
  UNIQUE KEY `ux_organisation__gstin` (`gstin`),
  UNIQUE KEY `ux_organisation__pan` (`pan`),
  UNIQUE KEY `ux_organisation__tan` (`tan`),
  UNIQUE KEY `ux_organisation__address_id` (`address_id`),
  CONSTRAINT `FKkuaiw4504xw0nyrly6ldjlcjp` FOREIGN KEY (`address_id`) REFERENCES `address` (`id`)
) ENGINE=InnoDB AUTO_INCREMENT=4 DEFAULT CHARSET=latin1;

-- Dumping data for table los_db.organisation: ~3 rows (approximately)
DELETE FROM `organisation`;
/*!40000 ALTER TABLE `organisation` DISABLE KEYS */;
INSERT INTO `organisation` (`id`, `org_name`, `description`, `reg_number`, `gstin`, `pan`, `tan`, `phone`, `email`, `web_site`, `fax`, `is_activate`, `org_type`, `created_on`, `created_by`, `is_deleted`, `last_modified`, `last_modified_by`, `free_field_1`, `free_field_2`, `free_field_3`, `free_field_4`, `free_field_5`, `address_id`) VALUES
	(1, 'Lokmanya Multipurpose Co-op Society Ltd.', 'multi purpose bank', '878988923A', '22AAAAA0000A1Z5', 'AFZPK7190K', 'NGPO02911G', '7867564534', 'society@lokmanya.com', 'http:\\\\https://www.lokmanyasociety.org/', NULL, b'1', 'SOCIETY', '2022-10-12 10:26:00.000000', 'Admin', '0', '2022-10-12 10:26:00.000000', 'Admin', NULL, NULL, NULL, NULL, NULL, 37),
	(2, 'Mumbai Co-Operative Society/Org', 'Mumbai Co-Operative Society/Org', '1284578655', '22ADFRA0450A1Z9', 'AFZPK7560Q', 'NGPU72911A', '7857565608', 'punep@gmail.com', NULL, NULL, NULL, 'SOCIETY', NULL, NULL, NULL, NULL, NULL, NULL, NULL, NULL, NULL, NULL, 34),
	(3, 'LokmanyaTesting', 'pune society', '7868768780', '11AAAAA0000A1Z5', 'FMEPS3148T', 'NGPO02910P', '9867452390', 'aarohi.shitole@gmail.com', NULL, NULL, NULL, 'SOCIETY', '2022-12-22 09:33:03.268000', 'SuperAdmin', NULL, '2022-12-22 09:33:03.268000', 'SuperAdmin', '83470837408', NULL, NULL, NULL, NULL, 36);
/*!40000 ALTER TABLE `organisation` ENABLE KEYS */;

-- Dumping structure for table los_db.org_prerequisite_doc
CREATE TABLE IF NOT EXISTS `org_prerequisite_doc` (
  `id` bigint(20) NOT NULL AUTO_INCREMENT,
  `doc_desc` varchar(255) DEFAULT NULL,
  `doc_name` varchar(255) DEFAULT NULL,
  `doc_catagory` varchar(255) DEFAULT NULL,
  `ismandatory` bit(1) DEFAULT NULL,
  `last_modified` datetime(6) DEFAULT NULL,
  `last_modified_by` varchar(255) DEFAULT NULL,
  `created_by` varchar(255) DEFAULT NULL,
  `created_on` datetime(6) DEFAULT NULL,
  `is_deleted` bit(1) DEFAULT NULL,
  `free_field_1` varchar(255) DEFAULT NULL,
  `free_field_2` varchar(255) DEFAULT NULL,
  `free_field_3` varchar(255) DEFAULT NULL,
  `free_field_4` varchar(255) DEFAULT NULL,
  `free_field_5` varchar(255) DEFAULT NULL,
  `product_id` bigint(20) DEFAULT NULL,
  `organisation_id` bigint(20) DEFAULT NULL,
  PRIMARY KEY (`id`),
  KEY `FKl6c0ryxpuwrsittwb7qdeg6jr` (`organisation_id`),
  KEY `FKcthf1tqx8u7jg1unwy3msks06` (`product_id`),
  CONSTRAINT `FKcthf1tqx8u7jg1unwy3msks06` FOREIGN KEY (`product_id`) REFERENCES `product` (`id`),
  CONSTRAINT `FKl6c0ryxpuwrsittwb7qdeg6jr` FOREIGN KEY (`organisation_id`) REFERENCES `organisation` (`id`)
) ENGINE=InnoDB AUTO_INCREMENT=24 DEFAULT CHARSET=latin1;

-- Dumping data for table los_db.org_prerequisite_doc: ~20 rows (approximately)
DELETE FROM `org_prerequisite_doc`;
/*!40000 ALTER TABLE `org_prerequisite_doc` DISABLE KEYS */;
INSERT INTO `org_prerequisite_doc` (`id`, `doc_desc`, `doc_name`, `doc_catagory`, `ismandatory`, `last_modified`, `last_modified_by`, `created_by`, `created_on`, `is_deleted`, `free_field_1`, `free_field_2`, `free_field_3`, `free_field_4`, `free_field_5`, `product_id`, `organisation_id`) VALUES
	(1, 'photo', 'Photo', 'PERSONAL', b'1', NULL, NULL, NULL, NULL, NULL, NULL, NULL, NULL, NULL, NULL, NULL, NULL),
	(3, 'Signature', 'Signature', 'PERSONAL', b'0', NULL, NULL, NULL, NULL, NULL, NULL, NULL, NULL, NULL, NULL, NULL, NULL),
	(4, 'Thumb Impression', 'Thumb Impression', 'PERSONAL', b'0', NULL, NULL, NULL, NULL, NULL, NULL, NULL, NULL, NULL, NULL, NULL, NULL),
	(5, 'Aadhaar card', 'Aadhaar card', 'IDENTIFICATION', b'1', NULL, NULL, NULL, NULL, NULL, NULL, NULL, NULL, NULL, NULL, NULL, NULL),
	(6, 'PAN card', 'PAN', 'IDENTIFICATION', b'1', NULL, NULL, NULL, NULL, NULL, NULL, NULL, NULL, NULL, NULL, NULL, NULL),
	(7, 'Passport ', 'Passport ', 'IDENTIFICATION', b'0', NULL, NULL, NULL, NULL, NULL, NULL, NULL, NULL, NULL, NULL, NULL, NULL),
	(8, 'Electricity bill', 'Electricity bill', 'ADDRESS PROOF', b'1', NULL, NULL, NULL, NULL, NULL, NULL, NULL, NULL, NULL, NULL, NULL, NULL),
	(9, 'Property Document ', 'Property Document', 'ADDRESS PROOF', b'1', NULL, NULL, NULL, NULL, NULL, NULL, NULL, NULL, NULL, NULL, NULL, NULL),
	(10, 'Registered lease agreement', 'Lease agreement', 'ADDRESS PROOF', b'0', NULL, NULL, NULL, NULL, NULL, NULL, NULL, NULL, NULL, NULL, NULL, NULL),
	(11, 'Credit card statement', 'Credit card statement', 'ADDRESS PROOF', b'0', NULL, NULL, NULL, NULL, NULL, NULL, NULL, NULL, NULL, NULL, NULL, NULL),
	(13, 'Form 16', 'Form 16', 'FINANCIAL STATEMENT', b'1', NULL, NULL, NULL, NULL, NULL, NULL, NULL, NULL, NULL, NULL, NULL, NULL),
	(15, 'Balance Sheet', 'Balance Sheet', 'FINANCIAL STATEMENT', b'0', NULL, NULL, NULL, NULL, NULL, NULL, NULL, NULL, NULL, NULL, NULL, NULL),
	(16, 'Profit & Loss Sheet', 'Profit & Loss Sheet', 'FINANCIAL STATEMENT', b'0', NULL, NULL, NULL, NULL, NULL, NULL, NULL, NULL, NULL, NULL, NULL, NULL),
	(17, 'Net worth statement', 'Net worth statement', 'FINANCIAL STATEMENT', b'0', NULL, NULL, NULL, NULL, NULL, NULL, NULL, NULL, NULL, NULL, NULL, NULL),
	(18, 'Bank Statement', 'Bank Statement', 'BUISNESS STATEMENT', b'0', NULL, NULL, NULL, NULL, NULL, NULL, NULL, NULL, NULL, NULL, NULL, NULL),
	(19, 'Registration certificate', 'Registration certificate', 'BUISNESS STATEMENT', b'0', NULL, NULL, NULL, NULL, NULL, NULL, NULL, NULL, NULL, NULL, NULL, NULL),
	(20, 'GSTIN Certificate', 'GSTIN Certificate', 'BUISNESS STATEMENT', b'0', NULL, NULL, NULL, NULL, NULL, NULL, NULL, NULL, NULL, NULL, NULL, NULL),
	(21, 'Income tax document', 'ITR', 'FINANCIAL STATEMENT', b'0', NULL, NULL, NULL, NULL, NULL, NULL, NULL, NULL, NULL, NULL, NULL, NULL),
	(22, 'Salary Slip', 'Salary Slip', 'INCOME PROOF', b'0', NULL, NULL, NULL, NULL, NULL, NULL, NULL, NULL, NULL, NULL, NULL, NULL),
	(23, 'TITLE DEED', 'TITLE DEED', 'TITLE DEED', b'1', NULL, NULL, NULL, NULL, NULL, NULL, NULL, NULL, NULL, NULL, NULL, NULL);
/*!40000 ALTER TABLE `org_prerequisite_doc` ENABLE KEYS */;

-- Dumping structure for table los_db.parameter_lookup
CREATE TABLE IF NOT EXISTS `parameter_lookup` (
  `id` bigint(20) NOT NULL AUTO_INCREMENT,
  `type` varchar(255) DEFAULT NULL,
  `name` varchar(255) DEFAULT NULL,
  `description` varchar(255) DEFAULT NULL,
  `value` varchar(255) DEFAULT NULL,
  `last_modified` datetime(6) DEFAULT NULL,
  `last_modified_by` varchar(255) DEFAULT NULL,
  `created_by` varchar(255) DEFAULT NULL,
  `created_on` datetime(6) DEFAULT NULL,
  `is_deleted` bit(1) DEFAULT NULL,
  `free_field_1` varchar(255) DEFAULT NULL,
  `free_field_2` varchar(255) DEFAULT NULL,
  `free_field_3` varchar(255) DEFAULT NULL,
  `free_field_4` varchar(255) DEFAULT NULL,
  `organisation_id` bigint(20) DEFAULT NULL,
  PRIMARY KEY (`id`),
  KEY `FK4q0f3o8v6ljb5agm9pg3w40` (`organisation_id`),
  CONSTRAINT `FK4q0f3o8v6ljb5agm9pg3w40` FOREIGN KEY (`organisation_id`) REFERENCES `organisation` (`id`)
) ENGINE=InnoDB AUTO_INCREMENT=27 DEFAULT CHARSET=latin1;

-- Dumping data for table los_db.parameter_lookup: ~21 rows (approximately)
DELETE FROM `parameter_lookup`;
/*!40000 ALTER TABLE `parameter_lookup` DISABLE KEYS */;
INSERT INTO `parameter_lookup` (`id`, `type`, `name`, `description`, `value`, `last_modified`, `last_modified_by`, `created_by`, `created_on`, `is_deleted`, `free_field_1`, `free_field_2`, `free_field_3`, `free_field_4`, `organisation_id`) VALUES
	(1, 'CASTE', NULL, 'HINDU-MARATHA', 'OPEN', '2022-10-31 06:50:33.243000', 'SuperAdmin', 'SuperAdmin', '2022-10-31 06:50:33.243000', NULL, NULL, NULL, NULL, NULL, NULL),
	(2, 'CASTE_CATEGORY', NULL, 'OPEN', NULL, '2022-10-31 06:51:21.032000', 'SuperAdmin', 'SuperAdmin', '2022-10-31 06:51:21.032000', NULL, NULL, NULL, NULL, NULL, NULL),
	(3, 'RELIGION', NULL, 'Buddhists', 'Buddhists', '2022-11-11 08:52:21.338000', 'SuperAdmin', 'SuperAdmin', '2022-11-11 08:52:21.338000', NULL, NULL, NULL, NULL, NULL, NULL),
	(9, 'RELIGION', NULL, 'Hindu', 'HINDU', '2022-10-31 07:07:19.371000', 'SuperAdmin', 'SuperAdmin', '2022-10-31 07:07:19.371000', NULL, NULL, NULL, NULL, NULL, NULL),
	(10, 'RELIGION', NULL, 'Muslims', 'MUSLIMS', '2022-10-31 07:09:57.337000', 'SuperAdmin', 'SuperAdmin', '2022-10-31 07:09:57.337000', NULL, NULL, NULL, NULL, NULL, NULL),
	(11, 'RELIGION', NULL, 'Christians', NULL, '2022-10-31 07:10:30.921000', 'SuperAdmin', 'SuperAdmin', '2022-10-31 07:10:30.921000', NULL, NULL, NULL, NULL, NULL, NULL),
	(12, 'CASTE', NULL, 'HINDU-MALI', 'Hindu-Mali', '2022-11-11 08:53:19.613000', 'SuperAdmin', 'SuperAdmin', '2022-11-11 08:53:19.613000', b'0', NULL, NULL, NULL, NULL, NULL),
	(13, 'CASTE_CATEGORY', NULL, 'SC', 'SC', '2022-11-11 08:56:16.432000', 'SuperAdmin', 'SuperAdmin', '2022-11-11 08:56:16.432000', b'0', NULL, NULL, NULL, NULL, NULL),
	(14, 'CASTE_CATEGORY', NULL, 'ST', 'ST', '2022-11-11 08:56:33.480000', 'SuperAdmin', 'SuperAdmin', '2022-11-11 08:56:33.480000', b'0', NULL, NULL, NULL, NULL, NULL),
	(15, 'CASTE_CATEGORY', NULL, 'OBC', 'OBC', '2022-11-11 08:56:56.347000', 'SuperAdmin', 'SuperAdmin', '2022-11-11 08:56:56.347000', b'0', NULL, NULL, NULL, NULL, NULL),
	(16, 'DOC_CATEGORY', NULL, 'Adhaar', 'Adhaar', '2022-11-11 09:09:24.827000', 'SuperAdmin', 'SuperAdmin', '2022-11-11 09:09:24.827000', b'0', NULL, NULL, NULL, NULL, NULL),
	(17, 'DOC_CATEGORY', NULL, 'Title deed documents', 'TITLE DEED', '2022-11-11 06:28:14.929000', 'SuperAdmin', 'SuperAdmin', '2022-11-11 06:28:14.929000', b'0', NULL, NULL, NULL, NULL, NULL),
	(18, 'DOC_CATEGORY', NULL, 'Financial statement', 'FINANCIAL STATEMENT', '2022-11-11 06:30:36.272000', 'SuperAdmin', 'SuperAdmin', '2022-11-11 06:30:36.272000', b'0', NULL, NULL, NULL, NULL, NULL),
	(19, 'DOC_CATEGORY', NULL, 'Valuation of building / flat / land', 'VALUATION', '2022-11-11 07:01:01.562000', 'SuperAdmin', 'SuperAdmin', '2022-11-11 07:01:01.562000', b'0', NULL, NULL, NULL, NULL, NULL),
	(20, 'DOC_CATEGORY', NULL, 'Statement of business account', 'BUISNESS STATEMENT', '2022-11-11 06:41:54.705000', 'SuperAdmin', 'SuperAdmin', '2022-11-11 06:41:54.705000', b'0', NULL, NULL, NULL, NULL, NULL),
	(21, 'DOC_CATEGORY', NULL, 'Income proof / salary certificate', 'INCOME PROOF', '2022-11-11 07:01:12.806000', 'SuperAdmin', 'SuperAdmin', '2022-11-11 07:01:12.806000', b'0', NULL, NULL, NULL, NULL, NULL),
	(22, 'DOC_CATEGORY', NULL, 'Loan appraisal', 'LOAN APPRAISAL', '2022-11-11 06:49:21.524000', 'SuperAdmin', 'SuperAdmin', '2022-11-11 06:49:21.524000', b'0', NULL, NULL, NULL, NULL, NULL),
	(23, 'DOC_CATEGORY', NULL, 'Loan application', 'LOAN APPLICATION', '2022-11-11 06:50:41.035000', 'SuperAdmin', 'SuperAdmin', '2022-11-11 06:50:41.035000', b'0', NULL, NULL, NULL, NULL, NULL),
	(24, 'DOC_CATEGORY', NULL, 'Identification', 'IDENTIFICATION', '2022-11-11 06:19:43.748000', 'SuperAdmin', 'SuperAdmin', '2022-11-11 06:19:43.748000', b'0', NULL, NULL, NULL, NULL, NULL),
	(25, 'DOC_CATEGORY', NULL, 'Photo and signature', 'PERSONAL', '2022-11-11 07:01:22.713000', 'SuperAdmin', 'SuperAdmin', '2022-11-11 07:01:22.713000', b'0', NULL, NULL, NULL, NULL, NULL),
	(26, 'DOC_CATEGORY', NULL, 'Address proof', 'ADDRESS PROOF', '2022-11-11 06:27:41.209000', 'SuperAdmin', 'SuperAdmin', '2022-11-11 06:27:41.209000', b'0', NULL, NULL, NULL, NULL, NULL);
/*!40000 ALTER TABLE `parameter_lookup` ENABLE KEYS */;

-- Dumping structure for table los_db.product
CREATE TABLE IF NOT EXISTS `product` (
  `id` bigint(20) NOT NULL AUTO_INCREMENT,
  `prod_code` varchar(255) DEFAULT NULL,
  `prod_name` varchar(255) DEFAULT NULL,
  `bpi_treatment_flag` varchar(255) DEFAULT NULL,
  `amortization_method` varchar(255) DEFAULT NULL,
  `amortization_type` varchar(255) DEFAULT NULL,
  `compounding_freq` varchar(255) DEFAULT NULL,
  `emi_rounding` varchar(255) DEFAULT NULL,
  `last_row_emi_threshold` double DEFAULT NULL,
  `grace_days` bigint(20) DEFAULT NULL,
  `resch_lockin_period` bigint(20) DEFAULT NULL,
  `prepay_after_inst_no` bigint(20) DEFAULT NULL,
  `prepay_before_inst_no` bigint(20) DEFAULT NULL,
  `min_installment_gap_bet_prepay` bigint(20) DEFAULT NULL,
  `min_prepay_amount` double DEFAULT NULL,
  `foreclose_after_inst_no` double DEFAULT NULL,
  `foreclose_before_insta_no` double DEFAULT NULL,
  `min_tenor` double DEFAULT NULL,
  `max_tenor` double DEFAULT NULL,
  `min_installment_amount` double DEFAULT NULL,
  `max_installment_amount` double DEFAULT NULL,
  `drop_line_amount` double DEFAULT NULL,
  `drop_line_odyn` varchar(255) DEFAULT NULL,
  `drop_line_perc` bigint(20) DEFAULT NULL,
  `drop_mode` varchar(255) DEFAULT NULL,
  `drop_l_ine_freq` varchar(255) DEFAULT NULL,
  `drop_line_cycle_day` bigint(20) DEFAULT NULL,
  `roi` double DEFAULT NULL,
  `is_deleted` bit(1) DEFAULT NULL,
  `last_modified` datetime(6) DEFAULT NULL,
  `last_modified_by` varchar(255) DEFAULT NULL,
  `free_field_1` varchar(255) DEFAULT NULL,
  `free_field_2` varchar(255) DEFAULT NULL,
  `free_field_3` varchar(255) DEFAULT NULL,
  `free_field_4` varchar(255) DEFAULT NULL,
  `free_field_5` varchar(255) DEFAULT NULL,
  `free_field_6` varchar(255) DEFAULT NULL,
  `loan_catagory_id` bigint(20) DEFAULT NULL,
  `organisation_id` bigint(20) DEFAULT NULL,
  `ledger_accounts_id` bigint(20) DEFAULT NULL,
  `prod_colour` varchar(255) DEFAULT NULL,
  `prod_icon_url` varchar(255) DEFAULT NULL,
  PRIMARY KEY (`id`),
  KEY `FKlnnmf690i0fgibikc1s6fqnoa` (`ledger_accounts_id`),
  KEY `FKbyb0onj5ypx0oqudx4vik0397` (`loan_catagory_id`),
  KEY `FK1q8t88hkcnu8nu65qq7fbqti5` (`organisation_id`),
  CONSTRAINT `FK1q8t88hkcnu8nu65qq7fbqti5` FOREIGN KEY (`organisation_id`) REFERENCES `organisation` (`id`),
  CONSTRAINT `FKbyb0onj5ypx0oqudx4vik0397` FOREIGN KEY (`loan_catagory_id`) REFERENCES `loan_catagory` (`id`),
  CONSTRAINT `FKlnnmf690i0fgibikc1s6fqnoa` FOREIGN KEY (`ledger_accounts_id`) REFERENCES `ledger_accounts` (`id`)
) ENGINE=InnoDB AUTO_INCREMENT=5 DEFAULT CHARSET=latin1;

-- Dumping data for table los_db.product: ~4 rows (approximately)
DELETE FROM `product`;
/*!40000 ALTER TABLE `product` DISABLE KEYS */;
INSERT INTO `product` (`id`, `prod_code`, `prod_name`, `bpi_treatment_flag`, `amortization_method`, `amortization_type`, `compounding_freq`, `emi_rounding`, `last_row_emi_threshold`, `grace_days`, `resch_lockin_period`, `prepay_after_inst_no`, `prepay_before_inst_no`, `min_installment_gap_bet_prepay`, `min_prepay_amount`, `foreclose_after_inst_no`, `foreclose_before_insta_no`, `min_tenor`, `max_tenor`, `min_installment_amount`, `max_installment_amount`, `drop_line_amount`, `drop_line_odyn`, `drop_line_perc`, `drop_mode`, `drop_l_ine_freq`, `drop_line_cycle_day`, `roi`, `is_deleted`, `last_modified`, `last_modified_by`, `free_field_1`, `free_field_2`, `free_field_3`, `free_field_4`, `free_field_5`, `free_field_6`, `loan_catagory_id`, `organisation_id`, `ledger_accounts_id`, `prod_colour`, `prod_icon_url`) VALUES
	(1, 'LOK_LAP', 'Loan against property', 'null', 'null', 'null', 'null', 'null', 65, 442, 94491, 26504, 83903, 40432, 68037, 89881, 86467, 6, 5, 2000, 12355, 90242, 'null', 77000, 'null', 'null', 1971, 12, b'0', '2022-09-28 11:57:27.000000', 'red', NULL, 'Sports ADP policy', 'Fresh redundant', 'Producer parse solution', 'hard Future Planner', 'pink program', NULL, 1, NULL, 'linear-gradient(118deg, rgb(112 192 149 / 70%), rgb(130 214 204 / 73%),rgb(76 214 231))', 'https://img.icons8.com/color/512/property.png'),
	(2, 'LOK_VL', 'Loan against vehicle', 'null', 'null', 'null', 'null', 'null', 65, 442, 94491, 26504, 83903, 40432, 68037, 89881, 86467, 6, 17, 2000, 12355, 90242, 'null', 77000, 'null', 'null', 1971, 12, b'0', '2022-09-28 11:57:27.000000', 'red', NULL, 'Sports ADP policy', 'Fresh redundant', 'Producer parse solution', 'hard Future Planner', 'pink program', NULL, 1, NULL, 'linear-gradient(118deg, rgb(241 223 143 / 78%), rgb(68 201 189), rgb(73 165 120 / 47%))', 'http://localhost:8080/api/uploads/files/TG9nb19Qcm9kdWN0XzEwXzE2NjkzNjg2NjQwMzYucG5n'),
	(3, 'LOK_PL', 'Personal Loan', 'null', 'null', 'null', 'null', 'null', 65, 442, 94491, 26504, 83903, 40432, 68037, 89881, 86467, 6, 17, 2000, 12355, 90242, 'null', 77000, 'null', 'null', 1971, 12, b'0', '2022-09-28 11:57:27.000000', 'red', NULL, 'Sports ADP policy', 'Fresh redundant', 'Producer parse solution', 'hard Future Planner', 'pink program', NULL, 1, NULL, 'linear-gradient(118deg, rgb(129 170 234 / 79%), rgb(63 110 239),rgb(95 142 245 / 48%))', 'https://img.icons8.com/color/512/personal-trainer.png'),
	(4, 'LOK_HL', 'Home Loan', 'null', 'null', 'null', 'null', 'null', 65, 442, 94491, 26504, 83903, 40432, 68037, 89881, 86467, 6, 5, 2000, 12355, 90242, 'null', 77000, 'null', 'null', 1971, 12, b'0', '2022-09-28 11:57:27.000000', 'red', NULL, 'Sports ADP policy', 'Fresh redundant', 'Producer parse solution', 'hard Future Planner', 'pink program', NULL, 1, NULL, 'linear-gradient(118deg, rgb(164 157 241 / 70%),rgb(141,121,244),rgb(125 137 203 / 27%) )', 'http://localhost:8080/api/uploads/files/TG9nb19Qcm9kdWN0XzEyXzE2NjkzNjkyMTE4NjgucG5n');
/*!40000 ALTER TABLE `product` ENABLE KEYS */;

-- Dumping structure for table los_db.region
CREATE TABLE IF NOT EXISTS `region` (
  `id` bigint(20) NOT NULL AUTO_INCREMENT,
  `region_name` varchar(255) NOT NULL,
  `is_deleted` bit(1) DEFAULT NULL,
  `last_modified` datetime(6) DEFAULT NULL,
  `last_modified_by` varchar(255) DEFAULT NULL,
  `free_field_1` varchar(255) DEFAULT NULL,
  `free_field_2` varchar(255) DEFAULT NULL,
  `free_field_3` varchar(255) DEFAULT NULL,
  `free_field_4` varchar(255) DEFAULT NULL,
  `free_field_5` varchar(255) DEFAULT NULL,
  `organisation_id` bigint(20) DEFAULT NULL,
  `description` varchar(500) DEFAULT NULL,
  PRIMARY KEY (`id`),
  UNIQUE KEY `ux_region__region_name` (`region_name`),
  KEY `FKfusp2b4e94huqlp1549wmkr3r` (`organisation_id`),
  CONSTRAINT `FKfusp2b4e94huqlp1549wmkr3r` FOREIGN KEY (`organisation_id`) REFERENCES `organisation` (`id`)
) ENGINE=InnoDB AUTO_INCREMENT=5 DEFAULT CHARSET=latin1;

-- Dumping data for table los_db.region: ~2 rows (approximately)
DELETE FROM `region`;
/*!40000 ALTER TABLE `region` DISABLE KEYS */;
INSERT INTO `region` (`id`, `region_name`, `is_deleted`, `last_modified`, `last_modified_by`, `free_field_1`, `free_field_2`, `free_field_3`, `free_field_4`, `free_field_5`, `organisation_id`, `description`) VALUES
	(1, 'Pune', b'0', '2022-10-27 06:46:38.577000', 'SuperAdmin', NULL, NULL, NULL, NULL, NULL, 1, NULL),
	(4, 'Mumbai', b'0', '2022-11-11 06:02:17.168000', 'SuperAdmin', NULL, NULL, NULL, NULL, NULL, 1, 'region');
/*!40000 ALTER TABLE `region` ENABLE KEYS */;

-- Dumping structure for table los_db.rel_security_role__security_permission
CREATE TABLE IF NOT EXISTS `rel_security_role__security_permission` (
  `security_permission_id` bigint(20) NOT NULL,
  `security_role_id` bigint(20) NOT NULL,
  PRIMARY KEY (`security_role_id`,`security_permission_id`),
  KEY `FKt1a5uyto724p7s1lq79nddk5h` (`security_permission_id`),
  CONSTRAINT `FKbsj7pmwgeu5w2v1dhwrcxu0m9` FOREIGN KEY (`security_role_id`) REFERENCES `security_role` (`id`),
  CONSTRAINT `FKt1a5uyto724p7s1lq79nddk5h` FOREIGN KEY (`security_permission_id`) REFERENCES `security_permission` (`id`)
) ENGINE=InnoDB DEFAULT CHARSET=latin1;

-- Dumping data for table los_db.rel_security_role__security_permission: ~113 rows (approximately)
DELETE FROM `rel_security_role__security_permission`;
/*!40000 ALTER TABLE `rel_security_role__security_permission` DISABLE KEYS */;
INSERT INTO `rel_security_role__security_permission` (`security_permission_id`, `security_role_id`) VALUES
	(1, 1),
	(2, 1),
	(2, 2),
	(2, 3),
	(2, 6),
	(2, 7),
	(2, 8),
	(2, 11),
	(3, 6),
	(3, 11),
	(4, 1),
	(4, 2),
	(5, 1),
	(5, 2),
	(5, 3),
	(5, 7),
	(6, 1),
	(7, 1),
	(7, 2),
	(8, 7),
	(8, 8),
	(9, 3),
	(9, 7),
	(9, 8),
	(9, 9),
	(9, 11),
	(10, 7),
	(11, 7),
	(11, 8),
	(12, 7),
	(13, 7),
	(14, 1),
	(14, 2),
	(15, 1),
	(15, 2),
	(15, 3),
	(16, 2),
	(16, 7),
	(16, 8),
	(17, 2),
	(17, 7),
	(17, 8),
	(17, 9),
	(17, 11),
	(18, 7),
	(19, 7),
	(20, 2),
	(21, 2),
	(21, 7),
	(21, 8),
	(22, 1),
	(23, 1),
	(23, 2),
	(24, 2),
	(25, 2),
	(25, 3),
	(26, 2),
	(27, 2),
	(28, 2),
	(29, 2),
	(30, 2),
	(31, 2),
	(32, 2),
	(33, 2),
	(34, 2),
	(34, 6),
	(35, 2),
	(35, 3),
	(35, 7),
	(36, 7),
	(37, 7),
	(38, 8),
	(38, 9),
	(38, 11),
	(39, 8),
	(39, 11),
	(41, 3),
	(41, 11),
	(42, 7),
	(42, 8),
	(43, 3),
	(43, 6),
	(43, 7),
	(43, 8),
	(43, 9),
	(43, 11),
	(46, 1),
	(46, 2),
	(47, 1),
	(47, 2),
	(47, 7),
	(48, 8),
	(48, 9),
	(55, 11),
	(56, 11),
	(57, 6),
	(57, 8),
	(57, 11),
	(58, 6),
	(59, 3),
	(59, 5),
	(59, 6),
	(59, 7),
	(59, 8),
	(59, 9),
	(59, 11),
	(60, 6),
	(60, 7),
	(60, 8),
	(60, 11),
	(61, 8),
	(62, 7),
	(63, 8),
	(64, 3);
/*!40000 ALTER TABLE `rel_security_role__security_permission` ENABLE KEYS */;

-- Dumping structure for table los_db.rel_security_user__security_permission
CREATE TABLE IF NOT EXISTS `rel_security_user__security_permission` (
  `security_permission_id` bigint(20) NOT NULL,
  `security_user_id` bigint(20) NOT NULL,
  PRIMARY KEY (`security_user_id`,`security_permission_id`),
  KEY `FK5614tgddeoptyp9gvkltfrq2s` (`security_permission_id`),
  CONSTRAINT `FK5614tgddeoptyp9gvkltfrq2s` FOREIGN KEY (`security_permission_id`) REFERENCES `security_permission` (`id`),
  CONSTRAINT `FKl58c5ut5hpeiwvptjjpmp3nku` FOREIGN KEY (`security_user_id`) REFERENCES `security_user` (`id`)
) ENGINE=InnoDB DEFAULT CHARSET=latin1;

-- Dumping data for table los_db.rel_security_user__security_permission: ~2 rows (approximately)
DELETE FROM `rel_security_user__security_permission`;
/*!40000 ALTER TABLE `rel_security_user__security_permission` DISABLE KEYS */;
INSERT INTO `rel_security_user__security_permission` (`security_permission_id`, `security_user_id`) VALUES
	(1, 1),
	(2, 1);
/*!40000 ALTER TABLE `rel_security_user__security_permission` ENABLE KEYS */;

-- Dumping structure for table los_db.rel_security_user__security_role
CREATE TABLE IF NOT EXISTS `rel_security_user__security_role` (
  `security_role_id` bigint(20) NOT NULL,
  `security_user_id` bigint(20) NOT NULL,
  PRIMARY KEY (`security_user_id`,`security_role_id`),
  KEY `FKg17ipmms5umqqvjt5ftp74uol` (`security_role_id`),
  CONSTRAINT `FKg17ipmms5umqqvjt5ftp74uol` FOREIGN KEY (`security_role_id`) REFERENCES `security_role` (`id`),
  CONSTRAINT `FKkaiqyj300yfvsdl0126ukom3f` FOREIGN KEY (`security_user_id`) REFERENCES `security_user` (`id`)
) ENGINE=InnoDB DEFAULT CHARSET=latin1;

-- Dumping data for table los_db.rel_security_user__security_role: ~10 rows (approximately)
DELETE FROM `rel_security_user__security_role`;
/*!40000 ALTER TABLE `rel_security_user__security_role` DISABLE KEYS */;
INSERT INTO `rel_security_user__security_role` (`security_role_id`, `security_user_id`) VALUES
	(1, 1),
	(2, 2),
	(3, 4),
	(6, 8),
	(6, 9),
	(7, 3),
	(8, 5),
	(9, 6),
	(10, 7),
	(11, 13);
/*!40000 ALTER TABLE `rel_security_user__security_role` ENABLE KEYS */;

-- Dumping structure for table los_db.remark_history
CREATE TABLE IF NOT EXISTS `remark_history` (
  `id` bigint(20) NOT NULL AUTO_INCREMENT,
  `application_no` varchar(255) DEFAULT NULL,
  `branch` varchar(255) DEFAULT NULL,
  `created_by` varchar(255) DEFAULT NULL,
  `created_on` datetime(6) DEFAULT NULL,
  `free_field_1` varchar(255) DEFAULT NULL,
  `free_field_2` varchar(255) DEFAULT NULL,
  `free_field_3` varchar(255) DEFAULT NULL,
  `free_field_4` varchar(255) DEFAULT NULL,
  `free_field_5` varchar(255) DEFAULT NULL,
  `free_field_6` varchar(255) DEFAULT NULL,
  `last_modified` datetime(6) DEFAULT NULL,
  `last_modified_by` varchar(255) DEFAULT NULL,
  `loan_amt` double DEFAULT NULL,
  `loan_interest` double DEFAULT NULL,
  `modified_amt` double DEFAULT NULL,
  `modified_interest` double DEFAULT NULL,
  `remark` varchar(255) DEFAULT NULL,
  `loan_applications_id` bigint(20) DEFAULT NULL,
  `security_user_id` bigint(20) DEFAULT NULL,
  `flag` bit(1) DEFAULT NULL,
  `reference_id` bigint(20) DEFAULT NULL,
  `remark_code` varchar(255) DEFAULT NULL,
  `remark_sub_type` varchar(255) DEFAULT NULL,
  `remark_type` varchar(255) DEFAULT NULL,
  `verified` bit(1) DEFAULT NULL,
  `tag` varchar(255) DEFAULT NULL,
  `valutaion_amt` double DEFAULT NULL,
  `is_deleted` bit(1) DEFAULT NULL,
  PRIMARY KEY (`id`),
  KEY `FK2upasmf4x55u7rua2rjbthf02` (`loan_applications_id`),
  KEY `FKdfxmublpbhpitd08028lp586k` (`security_user_id`),
  CONSTRAINT `FK2upasmf4x55u7rua2rjbthf02` FOREIGN KEY (`loan_applications_id`) REFERENCES `loan_applications` (`id`),
  CONSTRAINT `FKdfxmublpbhpitd08028lp586k` FOREIGN KEY (`security_user_id`) REFERENCES `security_user` (`id`)
) ENGINE=InnoDB AUTO_INCREMENT=566 DEFAULT CHARSET=latin1;

-- Dumping data for table los_db.remark_history: ~255 rows (approximately)
DELETE FROM `remark_history`;
/*!40000 ALTER TABLE `remark_history` DISABLE KEYS */;
INSERT INTO `remark_history` (`id`, `application_no`, `branch`, `created_by`, `created_on`, `free_field_1`, `free_field_2`, `free_field_3`, `free_field_4`, `free_field_5`, `free_field_6`, `last_modified`, `last_modified_by`, `loan_amt`, `loan_interest`, `modified_amt`, `modified_interest`, `remark`, `loan_applications_id`, `security_user_id`, `flag`, `reference_id`, `remark_code`, `remark_sub_type`, `remark_type`, `verified`, `tag`, `valutaion_amt`, `is_deleted`) VALUES
	(1, 'string', 'string', 'string', '2022-11-14 10:19:10.718000', 'string', 'string', 'string', 'string', 'string', 'string', '2022-11-14 10:19:10.718000', 'string', 0, 0, 0, 0, 'string', 28, 3, b'1', 0, 'string', 'string', 'string', b'1', 'MEMBER_ONBOARD', NULL, NULL),
	(2, 'string', 'string', 'string', '2022-11-14 10:43:42.405000', 'string', 'string', 'string', 'string', 'string', 'string', '2022-11-14 10:43:42.405000', 'string', 0, 0, 0, 0, 'string', 28, 3, b'1', 0, 'string', 'string', 'string', b'1', 'MEMBER_ONBOARD', NULL, NULL),
	(3, 'LOKLAP2022-00024', NULL, 'DeepakShinde', '2022-11-24 12:47:42.583000', NULL, NULL, NULL, NULL, NULL, NULL, '2022-11-24 12:47:42.583000', 'DeepakShinde', 6009090, NULL, 6009090, NULL, NULL, 28, 5, NULL, NULL, NULL, NULL, 'LOAN_LEGAL', NULL, 'LOAN_APPROVAL', NULL, NULL),
	(4, 'LOKLAP2022-00024', NULL, 'DeepakShinde', '2022-11-24 12:47:42.582000', NULL, NULL, NULL, NULL, NULL, NULL, '2022-11-24 12:47:42.582000', 'DeepakShinde', 6009090, NULL, 6009090, NULL, NULL, 36, 5, NULL, NULL, NULL, NULL, 'LOAN_VALUATION', NULL, 'LOAN_APPROVAL', 150000, NULL),
	(6, NULL, NULL, 'DeepakShinde', NULL, NULL, NULL, NULL, NULL, NULL, NULL, '2022-12-01 09:31:16.949000', 'DeepakShinde', NULL, NULL, NULL, NULL, 'Basic information incorrect.!!', NULL, 5, NULL, NULL, NULL, NULL, 'REJECTED', NULL, 'LOAN_ONBOARD', NULL, NULL),
	(7, NULL, NULL, 'DeepakShinde', NULL, NULL, NULL, NULL, NULL, NULL, NULL, '2022-12-01 09:53:24.461000', 'DeepakShinde', NULL, NULL, NULL, NULL, 'Basic information incorrect.!!', 34, 5, NULL, NULL, NULL, NULL, 'REJECTED', NULL, 'LOAN_ONBOARD', NULL, NULL),
	(13, NULL, NULL, 'DeepakShinde', NULL, NULL, NULL, NULL, NULL, NULL, NULL, '2022-12-01 12:02:59.558000', 'DeepakShinde', NULL, NULL, NULL, NULL, '1st Remark from Member', 34, 5, NULL, NULL, NULL, NULL, 'REJECTED', NULL, 'LOAN_ONBOARD', NULL, NULL),
	(34, NULL, NULL, 'DeepakShinde', NULL, NULL, NULL, NULL, NULL, NULL, NULL, '2022-12-01 13:12:14.735000', 'DeepakShinde', NULL, NULL, NULL, NULL, '-----------------------------', 34, 5, NULL, NULL, NULL, NULL, 'REJECTED', NULL, 'LOAN_ONBOARD', NULL, NULL),
	(35, NULL, NULL, 'DeepakShinde', NULL, NULL, NULL, NULL, NULL, NULL, NULL, '2022-12-01 13:14:21.412000', 'DeepakShinde', NULL, NULL, NULL, NULL, '-----------------------------', 34, 5, NULL, NULL, NULL, NULL, 'REJECTED', NULL, 'LOAN_ONBOARD', NULL, NULL),
	(39, NULL, NULL, 'DeepakShinde', NULL, NULL, NULL, NULL, NULL, NULL, NULL, '2022-12-05 06:43:34.830000', 'DeepakShinde', NULL, NULL, NULL, NULL, 'Basic information incorrect.!!!!!!!!!!', 8, 5, NULL, NULL, NULL, 'BASIC_LOAN_INFO', 'REJECTED', NULL, 'LOAN_ONBOARD', NULL, NULL),
	(48, NULL, NULL, NULL, '2022-12-30 07:44:23.865000', NULL, NULL, 'Accepted', NULL, NULL, NULL, '2022-12-30 07:47:21.731000', 'DineshGaikwad', NULL, NULL, NULL, NULL, 'ADDRESS_INFO information incorrect!!', NULL, 3, b'0', 28, NULL, 'ADDRESS_INFO', 'REJECTED', b'0', 'MEMBER_ONBOARD', NULL, NULL),
	(49, NULL, NULL, NULL, '2022-12-30 09:51:45.949000', NULL, NULL, 'Accepted', NULL, NULL, NULL, '2022-12-30 09:52:06.805000', 'DineshGaikwad', NULL, NULL, NULL, NULL, 'INCOME_INFO information incorrect!!', NULL, 3, b'0', 28, NULL, 'INCOME_INFO', 'REJECTED', b'0', 'MEMBER_ONBOARD', NULL, NULL),
	(50, NULL, NULL, NULL, '2022-12-30 09:53:49.825000', NULL, NULL, 'Accepted', NULL, NULL, NULL, '2022-12-30 09:54:04.419000', 'DineshGaikwad', NULL, NULL, NULL, NULL, 'BASIC_INFO information incorrect!!', NULL, 3, b'0', 28, NULL, 'BASIC_INFO', 'REJECTED', b'0', 'MEMBER_ONBOARD', NULL, NULL),
	(63, NULL, NULL, NULL, '2023-01-23 07:25:58.386000', NULL, NULL, 'Accepted', NULL, NULL, NULL, '2023-01-23 07:26:28.636000', 'DineshGaikwad', NULL, NULL, NULL, NULL, NULL, NULL, 3, b'0', 13, NULL, 'BASIC_INFO', 'REJECTED', b'0', 'MEMBER_ONBOARD', NULL, b'0'),
	(64, NULL, NULL, NULL, '2023-01-23 07:26:02.047000', NULL, NULL, 'Accepted', NULL, NULL, NULL, '2023-01-23 07:26:28.636000', 'DineshGaikwad', NULL, NULL, NULL, NULL, NULL, NULL, 3, b'0', 13, NULL, 'CONTACT_INFO', 'REJECTED', b'0', 'MEMBER_ONBOARD', NULL, b'0'),
	(65, NULL, NULL, NULL, '2023-01-23 07:26:03.147000', NULL, NULL, 'Accepted', NULL, NULL, NULL, '2023-01-23 07:26:28.636000', 'DineshGaikwad', NULL, NULL, NULL, NULL, NULL, NULL, 3, b'0', 13, NULL, 'ADDRESS_INFO', 'REJECTED', b'0', 'MEMBER_ONBOARD', NULL, b'0'),
	(66, NULL, NULL, 'DeepakShinde', NULL, NULL, NULL, NULL, NULL, NULL, NULL, NULL, 'DeepakShinde', NULL, NULL, NULL, NULL, 'BASIC_INFO information incorrect!!', NULL, 5, NULL, 27, NULL, 'BASIC_INFO', 'REJECTED', NULL, 'MEMBER_ONBOARD', NULL, NULL),
	(67, NULL, NULL, 'DeepakShinde', NULL, NULL, NULL, NULL, NULL, NULL, NULL, NULL, 'DeepakShinde', NULL, NULL, NULL, NULL, 'BASIC_INFO information incorrect!!', NULL, 5, NULL, 23, NULL, 'BASIC_INFO', 'REJECTED', NULL, 'MEMBER_ONBOARD', NULL, NULL),
	(68, NULL, NULL, NULL, '2022-12-30 10:02:48.515000', NULL, NULL, 'Accepted', NULL, NULL, NULL, '2022-12-30 10:03:23.812000', 'DeepakShinde', NULL, NULL, NULL, NULL, NULL, NULL, 5, b'0', 14, NULL, 'BASIC_INFO', 'REJECTED', b'0', 'MEMBER_ONBOARD', NULL, NULL),
	(69, NULL, NULL, NULL, '2022-12-30 10:00:15.446000', NULL, NULL, 'Accepted', NULL, NULL, NULL, '2022-12-30 10:01:04.954000', 'DeepakShinde', NULL, NULL, NULL, NULL, NULL, NULL, 5, b'0', 14, NULL, 'INCOME_INFO', 'REJECTED', b'0', 'MEMBER_ONBOARD', NULL, NULL),
	(70, NULL, NULL, NULL, '2022-12-30 10:00:04.827000', NULL, NULL, 'Accepted', NULL, NULL, NULL, '2022-12-30 10:01:04.954000', 'DeepakShinde', NULL, NULL, NULL, NULL, NULL, NULL, 5, b'0', 14, NULL, 'CONTACT_INFO', 'REJECTED', b'0', 'MEMBER_ONBOARD', NULL, NULL),
	(71, NULL, NULL, NULL, NULL, NULL, NULL, 'Accepted', NULL, NULL, NULL, '2022-12-19 10:01:38.381000', 'DeepakShinde', NULL, NULL, NULL, NULL, NULL, NULL, 5, b'0', 21, NULL, 'BASIC_INFO', 'REJECTED', b'0', 'MEMBER_ONBOARD', NULL, NULL),
	(72, NULL, NULL, NULL, NULL, NULL, NULL, 'Accepted', NULL, NULL, NULL, '2022-12-19 10:01:38.381000', 'DeepakShinde', NULL, NULL, NULL, NULL, NULL, NULL, 5, b'0', 21, NULL, 'ADDRESS_INFO', 'REJECTED', b'0', 'MEMBER_ONBOARD', NULL, NULL),
	(73, NULL, NULL, NULL, NULL, NULL, NULL, 'Accepted', NULL, NULL, NULL, '2022-12-19 10:01:38.381000', 'DeepakShinde', NULL, NULL, NULL, NULL, NULL, NULL, 5, b'0', 21, NULL, 'CONTACT_INFO', 'REJECTED', b'0', 'MEMBER_ONBOARD', NULL, NULL),
	(74, NULL, NULL, NULL, NULL, NULL, NULL, 'Accepted', NULL, NULL, NULL, '2022-12-19 10:01:38.381000', 'DeepakShinde', NULL, NULL, NULL, NULL, NULL, NULL, 5, b'0', 21, NULL, 'EMPLOYMENT_INFO', 'REJECTED', b'0', 'MEMBER_ONBOARD', NULL, NULL),
	(75, NULL, NULL, NULL, NULL, NULL, NULL, 'Accepted', NULL, NULL, NULL, '2022-12-19 10:01:38.381000', 'DeepakShinde', NULL, NULL, NULL, NULL, NULL, NULL, 5, b'0', 21, NULL, 'INCOME_INFO', 'REJECTED', b'0', 'MEMBER_ONBOARD', NULL, NULL),
	(76, NULL, NULL, NULL, NULL, NULL, NULL, 'Accepted', NULL, NULL, NULL, '2022-12-19 10:06:45.236000', 'DeepakShinde', NULL, NULL, NULL, NULL, NULL, 36, 5, b'0', 36, NULL, 'GUARANTOR_INFO', 'REJECTED', b'0', 'LOAN_ONBOARD', NULL, NULL),
	(77, NULL, NULL, NULL, NULL, NULL, NULL, 'Rejected', NULL, NULL, NULL, '2022-12-19 10:06:45.236000', 'DeepakShinde', NULL, NULL, NULL, NULL, 'information is incorrect', 36, 5, b'0', 36, NULL, 'BASIC_LOAN_INFO', 'REJECTED', b'0', 'LOAN_ONBOARD', NULL, NULL),
	(78, NULL, NULL, NULL, NULL, NULL, NULL, 'Rejected', NULL, NULL, NULL, '2022-12-19 10:06:45.236000', 'DeepakShinde', NULL, NULL, NULL, NULL, NULL, 36, 5, b'0', 36, NULL, 'EXISITING_FACILITY', 'REJECTED', b'0', 'LOAN_ONBOARD', NULL, NULL),
	(79, NULL, NULL, NULL, NULL, NULL, NULL, 'Accepted', NULL, NULL, NULL, '2022-12-19 10:06:45.236000', 'DeepakShinde', NULL, NULL, NULL, NULL, NULL, 36, 5, b'0', 36, NULL, 'ASSET_INFO', 'REJECTED', b'0', 'LOAN_ONBOARD', NULL, NULL),
	(80, 'LOKLOK_LAP2022-00031', NULL, 'DeepakShinde', '2022-12-19 10:13:59.712000', NULL, 'Agriculture', NULL, NULL, NULL, NULL, '2022-12-19 10:13:59.712000', 'DeepakShinde', 8000000, 12, 8000000, 12, 'Submitted for legalization and valuation', 35, 5, NULL, NULL, NULL, 'AWAITED_LEG_VAL', NULL, NULL, 'LOAN_APPRAIZAL', NULL, NULL),
	(81, 'LOKLOK_LAP2022-00031', NULL, 'DeepakShinde', '2022-12-18 18:30:00.000000', NULL, NULL, '2000000', NULL, NULL, NULL, '2022-12-19 10:16:44.607000', 'DeepakShinde', 8000000, 12, 8000000, 12, 'As per market value of property', 35, 5, NULL, NULL, NULL, NULL, 'LOAN_VALUATION', NULL, 'LOAN_APPRAIZAL', NULL, NULL),
	(82, 'LOKLOK_LAP2022-00031', NULL, 'DeepakShinde', '2022-12-18 18:30:00.000000', NULL, NULL, NULL, NULL, NULL, NULL, '2022-12-19 10:16:44.609000', 'DeepakShinde', 8000000, 12, 8000000, 12, 'property is clear no any legal issues with the given property', 35, 5, NULL, NULL, NULL, NULL, 'LOAN_LEGAL', NULL, 'LOAN_APPRAIZAL', NULL, NULL),
	(83, 'LOKLOK_LAP2022-00031', NULL, 'DeepakShinde', '2022-12-19 10:17:20.610000', NULL, NULL, NULL, NULL, NULL, NULL, '2022-12-19 10:17:20.610000', 'DeepakShinde', 8000000, 12, 8000000, 12, 'this loan could not be approved by director', 35, 5, NULL, NULL, NULL, NULL, NULL, NULL, 'LOAN_COMMITTEE', NULL, NULL),
	(84, NULL, NULL, 'DeepakShinde', '2022-12-19 10:27:19.256000', 'Inprogress', NULL, NULL, NULL, NULL, NULL, '2022-12-19 10:27:19.256000', 'DeepakShinde', NULL, NULL, NULL, NULL, 'Basic information incorrect.!!', 37, 5, NULL, NULL, NULL, NULL, NULL, NULL, NULL, NULL, NULL),
	(85, NULL, NULL, NULL, '2022-12-30 07:44:16.647000', NULL, NULL, 'Accepted', NULL, NULL, NULL, '2022-12-30 07:47:21.731000', 'DineshGaikwad', NULL, NULL, NULL, NULL, NULL, NULL, 3, b'0', 28, NULL, 'CONTACT_INFO', 'REJECTED', b'0', 'MEMBER_ONBOARD', NULL, NULL),
	(86, NULL, NULL, NULL, '2022-12-30 09:53:56.376000', NULL, NULL, 'Accepted', NULL, NULL, NULL, '2022-12-30 09:54:04.419000', 'DineshGaikwad', NULL, NULL, NULL, NULL, NULL, NULL, 3, b'0', 28, NULL, 'EMPLOYMENT_INFO', 'REJECTED', b'0', 'MEMBER_ONBOARD', NULL, NULL),
	(87, NULL, NULL, NULL, NULL, NULL, NULL, 'Accepted', NULL, NULL, NULL, '2022-12-21 07:05:51.504000', 'DeepakShinde', NULL, NULL, NULL, NULL, NULL, NULL, 5, b'0', 24, NULL, 'BASIC_INFO', 'REJECTED', b'0', 'MEMBER_ONBOARD', NULL, NULL),
	(88, NULL, NULL, NULL, NULL, NULL, NULL, 'Accepted', NULL, NULL, NULL, '2022-12-21 06:54:04.638000', 'DeepakShinde', NULL, NULL, NULL, NULL, NULL, NULL, 5, b'0', 24, NULL, 'CONTACT_INFO', 'REJECTED', b'0', 'MEMBER_ONBOARD', NULL, NULL),
	(89, NULL, NULL, NULL, NULL, NULL, NULL, 'Accepted', NULL, NULL, NULL, '2022-12-21 06:54:04.638000', 'DeepakShinde', NULL, NULL, NULL, NULL, 'ADDRESS information seems to incorrect!!', NULL, 5, b'0', 24, NULL, 'ADDRESS_INFO', 'REJECTED', b'0', 'MEMBER_ONBOARD', NULL, NULL),
	(90, NULL, NULL, NULL, NULL, NULL, NULL, 'Accepted', NULL, NULL, NULL, '2022-12-21 07:05:51.504000', 'DeepakShinde', NULL, NULL, NULL, NULL, NULL, NULL, 5, b'0', 24, NULL, 'EMPLOYMENT_INFO', 'REJECTED', b'0', 'MEMBER_ONBOARD', NULL, NULL),
	(91, NULL, NULL, NULL, NULL, NULL, NULL, 'Accepted', NULL, NULL, NULL, '2022-12-21 07:05:51.504000', 'DeepakShinde', NULL, NULL, NULL, NULL, 'INCOME_INFO information incorrect!!', NULL, 5, b'0', 24, NULL, 'INCOME_INFO', 'REJECTED', b'0', 'MEMBER_ONBOARD', NULL, NULL),
	(92, NULL, NULL, NULL, NULL, NULL, NULL, 'Accepted', NULL, NULL, NULL, '2022-12-21 10:49:50.500000', 'DeepakShinde', NULL, NULL, NULL, NULL, NULL, 39, 5, b'0', 39, NULL, 'DOCUMENT_INFO', 'REJECTED', b'0', 'LOAN_ONBOARD', NULL, NULL),
	(93, NULL, NULL, NULL, NULL, NULL, NULL, 'Accepted', NULL, NULL, NULL, '2022-12-21 10:49:50.500000', 'DeepakShinde', NULL, NULL, NULL, NULL, NULL, 39, 5, b'0', 39, NULL, 'BASIC_LOAN_INFO', 'REJECTED', b'0', 'LOAN_ONBOARD', NULL, NULL),
	(94, NULL, NULL, NULL, NULL, NULL, NULL, 'Accepted', NULL, NULL, NULL, '2022-12-21 10:49:50.500000', 'DeepakShinde', NULL, NULL, NULL, NULL, NULL, 39, 5, b'0', 39, NULL, 'EXISITING_FACILITY', 'REJECTED', b'0', 'LOAN_ONBOARD', NULL, NULL),
	(95, NULL, NULL, NULL, NULL, NULL, NULL, 'Accepted', NULL, NULL, NULL, '2022-12-21 10:49:50.500000', 'DeepakShinde', NULL, NULL, NULL, NULL, NULL, 39, 5, b'0', 39, NULL, 'ASSET_INFO', 'REJECTED', b'0', 'LOAN_ONBOARD', NULL, NULL),
	(96, NULL, NULL, NULL, NULL, NULL, NULL, 'Accepted', NULL, NULL, NULL, '2022-12-21 10:49:50.500000', 'DeepakShinde', NULL, NULL, NULL, NULL, NULL, 39, 5, b'0', 39, NULL, 'GUARANTOR_INFO', 'REJECTED', b'0', 'LOAN_ONBOARD', NULL, NULL),
	(97, NULL, NULL, 'DeepakShinde', '2022-12-21 10:42:28.782000', 'Done', NULL, NULL, NULL, NULL, NULL, '2022-12-21 10:42:28.782000', 'DeepakShinde', NULL, NULL, NULL, NULL, 'ok', 39, 5, NULL, NULL, NULL, NULL, NULL, NULL, NULL, NULL, NULL),
	(98, 'LOK_LAP2022-00035T', NULL, 'DeepakShinde', '2022-12-21 10:46:37.542000', NULL, 'Build house', NULL, NULL, NULL, NULL, '2022-12-21 10:46:37.542000', 'DeepakShinde', 1800000, 12, 1800000, 12, 'Submitted for valuation of property and legal audit', 39, 5, NULL, NULL, NULL, 'AWAITED_LEG_VAL', NULL, NULL, 'LOAN_APPRAIZAL', NULL, NULL),
	(99, 'LOK_LAP2022-00035T', NULL, 'DeepakShinde', '2022-12-20 18:30:00.000000', NULL, NULL, '2500000', NULL, NULL, NULL, '2022-12-21 10:49:10.952000', 'DeepakShinde', 1800000, 12, 1800000, 12, 'As per market value', 39, 5, NULL, NULL, NULL, NULL, 'LOAN_VALUATION', NULL, 'LOAN_APPRAIZAL', NULL, NULL),
	(100, 'LOK_LAP2022-00035T', NULL, 'DeepakShinde', '2022-12-20 18:30:00.000000', NULL, NULL, NULL, NULL, NULL, NULL, '2022-12-21 10:49:10.958000', 'DeepakShinde', 1800000, 12, 1800000, 12, 'legal formalities are clear', 39, 5, NULL, NULL, NULL, NULL, 'LOAN_LEGAL', NULL, 'LOAN_APPRAIZAL', NULL, NULL),
	(101, 'LOK_LAP2022-00035T', NULL, 'DeepakShinde', '2022-12-21 10:49:50.798000', NULL, NULL, NULL, NULL, NULL, NULL, '2022-12-21 10:49:50.798000', 'DeepakShinde', 1800000, 12, 1800000, 12, NULL, 39, 5, NULL, NULL, NULL, NULL, NULL, NULL, 'LOAN_COMMITTEE', NULL, NULL),
	(102, NULL, NULL, NULL, NULL, NULL, NULL, 'Accepted', NULL, NULL, NULL, '2022-12-22 05:27:56.581000', 'DeepakShinde', NULL, NULL, NULL, NULL, NULL, 31, 5, b'0', 31, NULL, 'DOCUMENT_INFO', 'REJECTED', b'0', 'LOAN_ONBOARD', NULL, NULL),
	(103, NULL, NULL, NULL, NULL, NULL, NULL, 'Accepted', NULL, NULL, NULL, '2022-12-22 05:27:56.581000', 'DeepakShinde', NULL, NULL, NULL, NULL, NULL, 31, 5, b'0', 31, NULL, 'BASIC_LOAN_INFO', 'REJECTED', b'0', 'LOAN_ONBOARD', NULL, NULL),
	(104, NULL, NULL, NULL, NULL, NULL, NULL, 'Accepted', NULL, NULL, NULL, '2022-12-22 05:27:56.581000', 'DeepakShinde', NULL, NULL, NULL, NULL, NULL, 31, 5, b'0', 31, NULL, 'EXISITING_FACILITY', 'REJECTED', b'0', 'LOAN_ONBOARD', NULL, NULL),
	(105, NULL, NULL, NULL, NULL, NULL, NULL, 'Accepted', NULL, NULL, NULL, '2022-12-22 15:11:48.033000', 'DeepakShinde', NULL, NULL, NULL, NULL, NULL, NULL, 5, b'0', 29, NULL, 'BASIC_INFO', 'REJECTED', b'0', 'MEMBER_ONBOARD', NULL, NULL),
	(106, NULL, NULL, NULL, NULL, NULL, NULL, 'Accepted', NULL, NULL, NULL, '2022-12-22 15:11:48.033000', 'DeepakShinde', NULL, NULL, NULL, NULL, NULL, NULL, 5, b'0', 29, NULL, 'CONTACT_INFO', 'REJECTED', b'0', 'MEMBER_ONBOARD', NULL, NULL),
	(107, NULL, NULL, NULL, NULL, NULL, NULL, 'Accepted', NULL, NULL, NULL, '2022-12-22 15:11:48.033000', 'DeepakShinde', NULL, NULL, NULL, NULL, NULL, NULL, 5, b'0', 29, NULL, 'ADDRESS_INFO', 'REJECTED', b'0', 'MEMBER_ONBOARD', NULL, NULL),
	(108, NULL, NULL, NULL, NULL, NULL, NULL, 'Accepted', NULL, NULL, NULL, '2022-12-22 15:11:48.033000', 'DeepakShinde', NULL, NULL, NULL, NULL, NULL, NULL, 5, b'0', 29, NULL, 'EMPLOYMENT_INFO', 'REJECTED', b'0', 'MEMBER_ONBOARD', NULL, NULL),
	(109, NULL, NULL, NULL, NULL, NULL, NULL, 'Accepted', NULL, NULL, NULL, '2022-12-22 15:11:48.033000', 'DeepakShinde', NULL, NULL, NULL, NULL, NULL, NULL, 5, b'0', 29, NULL, 'INCOME_INFO', 'REJECTED', b'0', 'MEMBER_ONBOARD', NULL, NULL),
	(110, NULL, NULL, NULL, '2023-01-06 12:36:23.802000', NULL, NULL, 'Accepted', NULL, NULL, NULL, '2023-01-06 12:37:42.130000', 'DeepakShinde', NULL, NULL, NULL, NULL, 'BASIC_INFO information incorrect!!', NULL, 5, b'0', 30, NULL, 'BASIC_INFO', 'REJECTED', b'0', 'MEMBER_ONBOARD', NULL, NULL),
	(111, NULL, NULL, NULL, '2023-01-06 12:36:33.266000', NULL, NULL, 'Accepted', NULL, NULL, NULL, '2023-01-06 12:37:42.130000', 'DeepakShinde', NULL, NULL, NULL, NULL, 'CONTACT_INFO information incorrect!!', NULL, 5, b'0', 30, NULL, 'CONTACT_INFO', 'REJECTED', b'0', 'MEMBER_ONBOARD', NULL, NULL),
	(112, NULL, NULL, NULL, '2023-01-06 12:36:35.183000', NULL, NULL, 'Accepted', NULL, NULL, NULL, '2023-01-06 12:37:42.130000', 'DeepakShinde', NULL, NULL, NULL, NULL, 'ADDRESS_INFO2 information incorrect!!', NULL, 5, b'0', 30, NULL, 'ADDRESS_INFO', 'REJECTED', b'0', 'MEMBER_ONBOARD', NULL, NULL),
	(113, NULL, NULL, NULL, '2023-01-06 12:36:38.554000', NULL, NULL, 'Accepted', NULL, NULL, NULL, '2023-01-06 12:37:42.130000', 'DeepakShinde', NULL, NULL, NULL, NULL, 'EMPLOYMENT_INFO information incorrect!!', NULL, 5, b'0', 30, NULL, 'EMPLOYMENT_INFO', 'REJECTED', b'0', 'MEMBER_ONBOARD', NULL, NULL),
	(114, NULL, NULL, NULL, '2023-01-06 12:36:41.767000', NULL, NULL, 'Accepted', NULL, NULL, NULL, '2023-01-06 12:37:42.130000', 'DeepakShinde', NULL, NULL, NULL, NULL, NULL, NULL, 5, b'0', 30, NULL, 'INCOME_INFO', 'REJECTED', b'0', 'MEMBER_ONBOARD', NULL, NULL),
	(116, NULL, NULL, NULL, NULL, NULL, NULL, NULL, NULL, NULL, NULL, '2022-12-30 09:49:01.524471', NULL, NULL, NULL, NULL, NULL, NULL, NULL, 5, NULL, 28, NULL, 'Photo', 'REJECTED', NULL, 'MEMBER_ONBOARD', NULL, NULL),
	(117, NULL, NULL, NULL, NULL, NULL, NULL, NULL, NULL, NULL, NULL, '2022-12-30 07:46:31.155333', NULL, NULL, NULL, NULL, NULL, NULL, NULL, 3, NULL, 28, NULL, 'Photo', 'REJECTED', NULL, 'MEMBER_ONBOARD', NULL, NULL),
	(118, NULL, NULL, NULL, NULL, NULL, NULL, NULL, NULL, NULL, NULL, '2022-12-30 09:49:01.540429', NULL, NULL, NULL, NULL, NULL, NULL, NULL, 5, NULL, 28, NULL, 'Tumb Impression', 'REJECTED', NULL, 'MEMBER_ONBOARD', NULL, NULL),
	(119, NULL, NULL, NULL, NULL, NULL, NULL, NULL, NULL, NULL, NULL, '2022-12-30 09:49:01.564285', NULL, NULL, NULL, NULL, NULL, NULL, NULL, 5, NULL, 28, NULL, 'Aadhaar card', 'REJECTED', NULL, 'MEMBER_ONBOARD', NULL, NULL),
	(120, NULL, NULL, NULL, '2022-12-30 08:18:24.327000', NULL, NULL, 'Accepted', NULL, NULL, NULL, '2022-12-30 08:22:11.480000', 'DineshGaikwad', NULL, NULL, NULL, NULL, NULL, NULL, 3, b'0', 20, NULL, 'BASIC_INFO', 'REJECTED', b'0', 'MEMBER_ONBOARD', NULL, NULL),
	(121, NULL, NULL, NULL, '2022-12-30 07:51:01.272000', NULL, NULL, 'Accepted', NULL, NULL, NULL, '2022-12-30 07:51:06.179000', 'DineshGaikwad', NULL, NULL, NULL, NULL, NULL, NULL, 3, b'0', 20, NULL, 'CONTACT_INFO', 'REJECTED', b'0', 'MEMBER_ONBOARD', NULL, NULL),
	(122, NULL, NULL, NULL, '2022-12-30 08:18:26.281000', NULL, NULL, 'Accepted', NULL, NULL, NULL, '2022-12-30 08:22:11.480000', 'DineshGaikwad', NULL, NULL, NULL, NULL, NULL, NULL, 3, b'0', 20, NULL, 'ADDRESS_INFO', 'REJECTED', b'0', 'MEMBER_ONBOARD', NULL, NULL),
	(123, NULL, NULL, NULL, '2022-12-30 08:18:50.475000', NULL, NULL, 'Accepted', NULL, NULL, NULL, '2022-12-30 08:22:11.480000', 'DineshGaikwad', NULL, NULL, NULL, NULL, NULL, NULL, 3, b'0', 20, NULL, 'EMPLOYMENT_INFO', 'REJECTED', b'0', 'MEMBER_ONBOARD', NULL, NULL),
	(124, NULL, NULL, NULL, NULL, NULL, NULL, NULL, NULL, NULL, NULL, '2022-12-30 08:21:04.775300', NULL, NULL, NULL, NULL, NULL, NULL, NULL, 3, NULL, 20, NULL, 'Photo', 'REJECTED', NULL, 'MEMBER_ONBOARD', NULL, NULL),
	(125, NULL, NULL, NULL, NULL, NULL, NULL, NULL, NULL, NULL, NULL, '2022-12-30 08:21:35.707613', NULL, NULL, NULL, NULL, NULL, NULL, NULL, 3, NULL, 20, NULL, 'Aadhaar card', 'REJECTED', NULL, 'MEMBER_ONBOARD', NULL, NULL),
	(126, NULL, NULL, NULL, NULL, NULL, NULL, NULL, NULL, NULL, NULL, '2022-12-30 08:22:01.195479', NULL, NULL, NULL, NULL, NULL, NULL, NULL, 3, NULL, 20, NULL, 'Aadhaar card', 'REJECTED', NULL, 'MEMBER_ONBOARD', NULL, NULL),
	(127, NULL, NULL, NULL, NULL, NULL, NULL, NULL, NULL, NULL, NULL, '2022-12-30 08:22:01.221409', NULL, NULL, NULL, NULL, NULL, NULL, NULL, 3, NULL, 20, NULL, 'PAN', 'REJECTED', NULL, 'MEMBER_ONBOARD', NULL, NULL),
	(128, NULL, NULL, NULL, '2022-12-30 08:19:31.823000', NULL, NULL, 'Accepted', NULL, NULL, NULL, '2022-12-30 08:22:11.480000', 'DineshGaikwad', NULL, NULL, NULL, NULL, NULL, NULL, 3, b'0', 20, NULL, 'INCOME_INFO', 'REJECTED', b'0', 'MEMBER_ONBOARD', NULL, NULL),
	(129, NULL, NULL, NULL, NULL, NULL, NULL, 'Accepted', NULL, NULL, NULL, '2023-01-06 12:37:30.646935', NULL, NULL, NULL, NULL, NULL, NULL, NULL, 5, NULL, 30, NULL, 'Signature', 'REJECTED', NULL, 'MEMBER_ONBOARD', NULL, NULL),
	(130, NULL, NULL, NULL, NULL, NULL, NULL, 'Accepted', NULL, NULL, NULL, '2023-01-06 12:37:30.744165', NULL, NULL, NULL, NULL, NULL, 'now looks ok', NULL, 5, NULL, 30, NULL, 'Aadhaar card', 'REJECTED', NULL, 'MEMBER_ONBOARD', NULL, NULL),
	(131, NULL, NULL, NULL, NULL, NULL, NULL, 'Rejected', NULL, NULL, NULL, '2023-01-06 12:37:30.685273', NULL, NULL, NULL, NULL, NULL, 'not ok', NULL, 5, NULL, 30, NULL, 'PAN', 'REJECTED', NULL, 'MEMBER_ONBOARD', NULL, NULL),
	(132, NULL, NULL, NULL, NULL, NULL, NULL, NULL, NULL, NULL, NULL, '2022-12-30 08:53:28.209866', NULL, NULL, NULL, NULL, NULL, NULL, NULL, 3, NULL, 30, NULL, 'Aadhaar card', 'REJECTED', NULL, 'MEMBER_ONBOARD', NULL, NULL),
	(133, NULL, NULL, NULL, NULL, NULL, NULL, NULL, NULL, NULL, NULL, '2022-12-30 08:58:33.803402', NULL, NULL, NULL, NULL, NULL, NULL, NULL, 3, NULL, 30, NULL, 'Aadhaar card', 'REJECTED', NULL, 'MEMBER_ONBOARD', NULL, NULL),
	(134, NULL, NULL, NULL, NULL, NULL, NULL, 'Accepted', NULL, NULL, NULL, '2023-01-06 12:37:30.778329', NULL, NULL, NULL, NULL, NULL, NULL, NULL, 5, NULL, 30, NULL, 'Photo', 'REJECTED', NULL, 'MEMBER_ONBOARD', NULL, NULL),
	(135, NULL, NULL, NULL, NULL, NULL, NULL, NULL, NULL, NULL, NULL, '2022-12-30 09:49:55.676183', NULL, NULL, NULL, NULL, NULL, NULL, NULL, 3, NULL, 28, NULL, 'PAN', 'REJECTED', NULL, 'MEMBER_ONBOARD', NULL, NULL),
	(136, NULL, NULL, NULL, '2022-12-30 10:02:53.411000', NULL, NULL, 'Accepted', NULL, NULL, NULL, '2022-12-30 10:03:23.812000', 'DeepakShinde', NULL, NULL, NULL, NULL, NULL, NULL, 5, b'0', 14, NULL, 'ADDRESS_INFO', 'REJECTED', b'0', 'MEMBER_ONBOARD', NULL, NULL),
	(137, NULL, NULL, NULL, NULL, NULL, NULL, 'Accepted', NULL, NULL, NULL, '2022-12-30 10:03:17.124301', NULL, NULL, NULL, NULL, NULL, NULL, NULL, 5, NULL, 14, NULL, 'Signature', 'REJECTED', NULL, 'MEMBER_ONBOARD', NULL, NULL),
	(138, NULL, NULL, NULL, NULL, NULL, NULL, 'Accepted', NULL, NULL, NULL, '2022-12-30 10:03:17.153104', NULL, NULL, NULL, NULL, NULL, NULL, NULL, 5, NULL, 14, NULL, 'Photo', 'REJECTED', NULL, 'MEMBER_ONBOARD', NULL, NULL),
	(139, NULL, NULL, NULL, NULL, NULL, NULL, 'Accepted', NULL, NULL, NULL, '2022-12-30 10:03:17.168125', NULL, NULL, NULL, NULL, NULL, NULL, NULL, 5, NULL, 14, NULL, 'PAN', 'REJECTED', NULL, 'MEMBER_ONBOARD', NULL, NULL),
	(140, NULL, NULL, NULL, NULL, NULL, NULL, 'Accepted', NULL, NULL, NULL, '2022-12-30 10:03:17.187442', NULL, NULL, NULL, NULL, NULL, 'Aadhaar card needs to be upload again', NULL, 5, NULL, 14, NULL, 'Aadhaar card', 'REJECTED', NULL, 'MEMBER_ONBOARD', NULL, NULL),
	(141, NULL, NULL, NULL, '2022-12-30 10:00:12.789000', NULL, NULL, 'Accepted', NULL, NULL, NULL, '2022-12-30 10:01:04.954000', 'DeepakShinde', NULL, NULL, NULL, NULL, NULL, NULL, 5, b'0', 14, NULL, 'EMPLOYMENT_INFO', 'REJECTED', b'0', 'MEMBER_ONBOARD', NULL, NULL),
	(142, NULL, NULL, NULL, NULL, NULL, NULL, NULL, NULL, NULL, NULL, '2022-12-30 10:02:12.422929', NULL, NULL, NULL, NULL, NULL, NULL, NULL, 3, NULL, 14, NULL, 'Aadhaar card', 'REJECTED', NULL, 'MEMBER_ONBOARD', NULL, NULL),
	(143, NULL, NULL, NULL, '2022-12-30 13:18:12.896000', NULL, NULL, 'Accepted', NULL, NULL, NULL, '2022-12-30 13:19:36.911000', 'DeepakShinde', NULL, NULL, NULL, NULL, NULL, NULL, 5, b'0', 39, NULL, 'BASIC_INFO', 'REJECTED', b'0', 'MEMBER_ONBOARD', NULL, NULL),
	(144, NULL, NULL, NULL, '2022-12-30 13:18:20.333000', NULL, NULL, 'Accepted', NULL, NULL, NULL, '2022-12-30 13:19:36.911000', 'DeepakShinde', NULL, NULL, NULL, NULL, 'CONTACT_INFO information incorrect!!', NULL, 5, b'0', 39, NULL, 'CONTACT_INFO', 'REJECTED', b'0', 'MEMBER_ONBOARD', NULL, NULL),
	(145, NULL, NULL, NULL, '2022-12-30 13:18:22.001000', NULL, NULL, 'Accepted', NULL, NULL, NULL, '2022-12-30 13:19:36.911000', 'DeepakShinde', NULL, NULL, NULL, NULL, NULL, NULL, 5, b'0', 39, NULL, 'ADDRESS_INFO', 'REJECTED', b'0', 'MEMBER_ONBOARD', NULL, NULL),
	(146, NULL, NULL, NULL, NULL, NULL, NULL, 'Accepted', NULL, NULL, NULL, '2022-12-30 13:19:34.670682', NULL, NULL, NULL, NULL, NULL, 'fine', NULL, 5, NULL, 39, NULL, 'Photo', 'REJECTED', NULL, 'MEMBER_ONBOARD', NULL, NULL),
	(147, NULL, NULL, NULL, NULL, NULL, NULL, 'Accepted', NULL, NULL, NULL, '2022-12-30 13:19:34.698816', NULL, NULL, NULL, NULL, NULL, 'fine', NULL, 5, NULL, 39, NULL, 'Signature', 'REJECTED', NULL, 'MEMBER_ONBOARD', NULL, NULL),
	(148, NULL, NULL, NULL, NULL, NULL, NULL, 'Accepted', NULL, NULL, NULL, '2022-12-30 13:19:34.794877', NULL, NULL, NULL, NULL, NULL, 'Please upload pan again', NULL, 5, NULL, 39, NULL, 'PAN', 'REJECTED', NULL, 'MEMBER_ONBOARD', NULL, NULL),
	(149, NULL, NULL, NULL, NULL, NULL, NULL, 'Rejected', NULL, NULL, NULL, '2022-12-30 13:19:34.720757', NULL, NULL, NULL, NULL, NULL, 'Please upload aadhaar again', NULL, 5, NULL, 39, NULL, 'Aadhaar card', 'REJECTED', NULL, 'MEMBER_ONBOARD', NULL, NULL),
	(150, NULL, NULL, NULL, '2022-12-30 13:18:32.490000', NULL, NULL, 'Accepted', NULL, NULL, NULL, '2022-12-30 13:19:36.911000', 'DeepakShinde', NULL, NULL, NULL, NULL, 'EMPLOYMENT_INFO information incorrect!!', NULL, 5, b'0', 39, NULL, 'EMPLOYMENT_INFO', 'REJECTED', b'0', 'MEMBER_ONBOARD', NULL, NULL),
	(151, NULL, NULL, NULL, '2022-12-30 13:19:10.034000', NULL, NULL, 'Accepted', NULL, NULL, NULL, '2022-12-30 13:19:36.911000', 'DeepakShinde', NULL, NULL, NULL, NULL, NULL, NULL, 5, b'0', 39, NULL, 'INCOME_INFO', 'REJECTED', b'0', 'MEMBER_ONBOARD', NULL, NULL),
	(152, NULL, NULL, NULL, NULL, NULL, NULL, NULL, NULL, NULL, NULL, '2022-12-30 13:12:43.249247', NULL, NULL, NULL, NULL, NULL, NULL, NULL, 3, NULL, 39, NULL, 'Aadhaar card', 'REJECTED', NULL, 'MEMBER_ONBOARD', NULL, NULL),
	(153, NULL, NULL, NULL, NULL, NULL, NULL, NULL, NULL, NULL, NULL, '2022-12-30 13:17:14.688889', NULL, NULL, NULL, NULL, NULL, NULL, NULL, 3, NULL, 39, NULL, 'PAN', 'REJECTED', NULL, 'MEMBER_ONBOARD', NULL, NULL),
	(154, NULL, NULL, NULL, NULL, NULL, NULL, NULL, NULL, NULL, NULL, '2022-12-30 13:17:18.658665', NULL, NULL, NULL, NULL, NULL, NULL, NULL, 3, NULL, 39, NULL, 'PAN', 'REJECTED', NULL, 'MEMBER_ONBOARD', NULL, NULL),
	(155, 'LOK_LAP2022-00033', NULL, NULL, NULL, NULL, NULL, 'Accepted', NULL, NULL, NULL, '2022-12-31 06:16:42.183000', 'DeepakShinde', 800000, 12, 800000, 12, 'submitted f or valuation', 37, 5, b'0', 37, NULL, 'LOAN_APPRAIZAL', 'LOAN_LEGAL_SUBMITION', b'0', 'LOAN_APPRAIZAL', NULL, NULL),
	(156, NULL, NULL, NULL, '2022-12-31 06:42:13.533000', NULL, NULL, 'Accepted', NULL, NULL, NULL, '2022-12-31 06:44:38.174000', 'DeepakShinde', NULL, NULL, NULL, NULL, NULL, 37, 5, b'0', 37, NULL, 'LOAN_SANCATION', 'REJECTED', b'0', 'LOAN_APPRAIZAL', NULL, NULL),
	(157, NULL, NULL, NULL, NULL, NULL, NULL, NULL, NULL, NULL, NULL, '2023-01-09 05:58:10.168945', NULL, NULL, NULL, NULL, NULL, NULL, NULL, 5, NULL, 37, NULL, 'Legal Advovate Details', 'REJECTED', NULL, 'LOAN_ONBOARD', NULL, NULL),
	(158, 'LOK_LAP2022-00033', NULL, NULL, NULL, NULL, 'fish', NULL, NULL, NULL, NULL, '2022-12-31 06:16:42.183000', 'DeepakShinde', 800000, 12, 800000, 12, NULL, 37, 5, NULL, 37, NULL, 'AWAITED_LEG_VAL', NULL, NULL, 'LOAN_APPRAIZAL', NULL, NULL),
	(159, 'LOK_LAP2022-00033', NULL, NULL, '2022-12-31 12:30:00.000000', NULL, NULL, '2000000', NULL, NULL, NULL, '2022-12-31 06:16:42.183000', 'DeepakShinde', 800000, 12, 800000, 12, 'as per market', 37, 5, NULL, 37, NULL, NULL, 'LOAN_VALUATION', NULL, 'LOAN_APPRAIZAL', NULL, NULL),
	(160, 'LOK_LAP2022-00033', NULL, NULL, '2022-12-31 12:30:00.000000', NULL, NULL, NULL, '2022-12-31T12:30:00.000Z', NULL, NULL, '2022-12-31 06:16:42.183000', 'DeepakShinde', 800000, 12, 800000, 12, 'ok', 37, 5, NULL, 37, NULL, NULL, 'LOAN_LEGAL', NULL, 'LOAN_APPRAIZAL', NULL, NULL),
	(161, NULL, NULL, NULL, '2022-12-31 06:13:15.964000', NULL, NULL, 'Accepted', NULL, NULL, NULL, '2022-12-31 06:16:42.183000', 'DeepakShinde', NULL, NULL, NULL, NULL, NULL, 37, 5, b'0', 37, NULL, 'LOAN_LEGAL', 'REJECTED', b'0', 'LOAN_APPRAIZAL', NULL, NULL),
	(162, 'LOK_LAP2022-0003', NULL, NULL, NULL, NULL, 'FIsh', NULL, NULL, NULL, NULL, '2022-12-31 06:44:38.174000', 'DeepakShinde', 800000, 12, 800000, 12, NULL, 37, 5, NULL, 37, NULL, NULL, NULL, NULL, 'LOAN_COMMITTEE', NULL, NULL),
	(163, NULL, NULL, NULL, '2022-12-31 06:43:39.251000', NULL, NULL, 'Accepted', NULL, NULL, NULL, '2022-12-31 06:44:38.174000', 'DeepakShinde', NULL, NULL, NULL, NULL, NULL, 37, 5, b'0', 37, NULL, 'LOAN_COMMITTEE', 'REJECTED', b'0', 'LOAN_APPRAIZAL', NULL, NULL),
	(164, NULL, NULL, NULL, '2022-12-31 06:43:41.976000', NULL, NULL, 'Accepted', NULL, NULL, NULL, '2022-12-31 06:44:38.174000', 'DeepakShinde', NULL, NULL, NULL, NULL, NULL, 37, 5, b'0', 37, NULL, 'LOAN_RECO_DIRECTOR', 'REJECTED', b'0', 'LOAN_APPRAIZAL', NULL, NULL),
	(165, 'LOK_LAP2022-0003', NULL, NULL, '2022-12-31 12:30:00.000000', NULL, NULL, NULL, NULL, NULL, NULL, '2022-12-31 06:44:03.105000', 'DeepakShinde', 800000, 12, 800000, 12, NULL, 37, 5, NULL, 37, NULL, NULL, NULL, NULL, 'LOAN_RECO_DIRECTOR', NULL, NULL),
	(166, 'LOK_LAP2022-0003', NULL, NULL, '2022-12-31 12:30:00.000000', NULL, NULL, NULL, NULL, NULL, NULL, '2022-12-31 06:44:38.174000', 'DeepakShinde', 800000, 12, 700000, 15, NULL, 37, 5, NULL, 37, NULL, NULL, NULL, NULL, 'LOAN_SANCATION', NULL, NULL),
	(167, 'LOK_LAP2022-00033', NULL, NULL, '2023-01-01 06:30:00.000000', NULL, NULL, NULL, NULL, NULL, NULL, '2022-12-31 06:31:26.400000', 'DeepakShinde', 800000, 12, 800000, 12, NULL, 37, 5, NULL, 37, NULL, NULL, NULL, NULL, 'LOAN_OFFICE_USE', NULL, NULL),
	(168, 'LOK_LAP2022-00035T', NULL, NULL, NULL, NULL, NULL, 'Accepted', NULL, NULL, NULL, '2022-12-31 07:02:57.365000', 'DeepakShinde', 1800000, 12, 1800000, 12, 'information is incorrect', 39, 5, b'0', 39, NULL, 'LOAN_APPRAIZAL', 'LOAN_LEGAL_SUBMITION', b'0', 'LOAN_APPRAIZAL', NULL, NULL),
	(169, NULL, NULL, NULL, '2023-01-02 10:29:58.195000', NULL, NULL, 'Accepted', NULL, NULL, NULL, '2023-01-02 10:30:40.332000', 'DeepakShinde', NULL, NULL, NULL, NULL, NULL, 39, 5, b'0', 39, NULL, 'LOAN_SANCATION', 'REJECTED', b'0', 'LOAN_APPRAIZAL', NULL, NULL),
	(170, NULL, NULL, NULL, NULL, NULL, NULL, NULL, NULL, NULL, NULL, '2023-01-09 05:58:10.188944', NULL, NULL, NULL, NULL, NULL, NULL, NULL, 5, NULL, 39, NULL, 'Legal Advovate Details', 'REJECTED', NULL, 'LOAN_ONBOARD', NULL, NULL),
	(171, 'LOK_LAP2022-00035T', NULL, NULL, NULL, NULL, 'Build house', NULL, NULL, NULL, NULL, '2022-12-31 07:02:57.365000', 'DeepakShinde', 1800000, 12, 1800000, 12, NULL, 39, 5, NULL, 39, NULL, 'AWAITED_LEG_VAL', NULL, NULL, 'LOAN_APPRAIZAL', NULL, NULL),
	(172, 'LOK_LAP2022-00035T', NULL, NULL, '2022-12-29 12:30:00.000000', NULL, NULL, '1500000', NULL, NULL, NULL, '2022-12-31 07:02:57.365000', 'DeepakShinde', 1800000, 12, 1800000, 12, 'ok', 39, 5, NULL, 39, NULL, NULL, 'LOAN_VALUATION', NULL, 'LOAN_APPRAIZAL', NULL, NULL),
	(173, 'LOK_LAP2022-00035T', NULL, NULL, '2022-12-29 12:30:00.000000', NULL, NULL, NULL, '2022-12-30T12:30:00.000Z', NULL, NULL, '2022-12-31 07:02:57.365000', 'DeepakShinde', 1800000, 12, 1800000, 12, 'ok', 39, 5, NULL, 39, NULL, NULL, 'LOAN_LEGAL', NULL, 'LOAN_APPRAIZAL', NULL, NULL),
	(174, NULL, NULL, NULL, '2022-12-31 07:01:15.407000', NULL, NULL, 'Accepted', NULL, NULL, NULL, '2022-12-31 07:02:57.365000', 'DeepakShinde', NULL, NULL, NULL, NULL, NULL, 39, 5, b'0', 39, NULL, 'LOAN_LEGAL', 'REJECTED', b'0', 'LOAN_APPRAIZAL', NULL, NULL),
	(175, 'LOK_LAP2022-00035T', NULL, NULL, NULL, NULL, NULL, NULL, NULL, NULL, NULL, '2022-12-31 07:02:57.365000', 'DeepakShinde', 1800000, 12, 1700000, 12, NULL, 39, 5, NULL, 39, NULL, NULL, NULL, NULL, 'LOAN_COMMITTEE', NULL, NULL),
	(176, NULL, NULL, NULL, '2023-01-02 10:22:32.140000', NULL, NULL, 'Accepted', NULL, NULL, NULL, '2023-01-02 10:23:10.086000', 'DeepakShinde', NULL, NULL, NULL, NULL, NULL, 39, 5, b'0', 39, NULL, 'LOAN_COMMITTEE', 'REJECTED', b'0', 'LOAN_APPRAIZAL', NULL, NULL),
	(177, NULL, NULL, NULL, '2023-01-02 10:29:58.200000', NULL, NULL, 'Accepted', NULL, NULL, NULL, '2023-01-02 10:30:40.332000', 'DeepakShinde', NULL, NULL, NULL, NULL, NULL, 39, 5, b'0', 39, NULL, 'LOAN_RECO_DIRECTOR', 'REJECTED', b'0', 'LOAN_APPRAIZAL', NULL, NULL),
	(178, 'LOK_LAP2022-00035T', NULL, NULL, NULL, NULL, NULL, NULL, NULL, NULL, NULL, '2023-01-02 10:22:42.467000', 'DeepakShinde', 1800000, 12, 1800000, 12, NULL, 39, 5, NULL, 39, NULL, NULL, NULL, NULL, 'LOAN_RECO_DIRECTOR', NULL, NULL),
	(179, 'LOK_LAP2022-00035T', NULL, NULL, NULL, NULL, NULL, NULL, NULL, NULL, NULL, '2023-01-02 10:23:10.086000', 'DeepakShinde', 1800000, 12, 1800000, 12, NULL, 39, 5, NULL, 39, NULL, NULL, NULL, NULL, 'LOAN_SANCATION', NULL, NULL),
	(180, 'LOK_LAP2022-00035', NULL, NULL, NULL, NULL, NULL, NULL, NULL, NULL, NULL, '2023-01-02 10:30:40.332000', 'DeepakShinde', 1800000, 12, 1800000, 12, NULL, 39, 5, NULL, 39, NULL, NULL, NULL, NULL, 'LOAN_OFFICE_USE', NULL, NULL),
	(181, NULL, NULL, NULL, '2023-01-02 11:02:56.714000', NULL, NULL, 'Accepted', NULL, NULL, NULL, '2023-01-02 11:04:29.463000', 'DeepakShinde', NULL, NULL, NULL, NULL, 'BASIC_LOAN_INFO information incorrect!!', 41, 5, b'0', 41, NULL, 'BASIC_LOAN_INFO', 'REJECTED', b'0', 'LOAN_ONBOARD', NULL, NULL),
	(182, NULL, NULL, NULL, '2023-01-02 11:03:52.469000', NULL, NULL, 'Rejected', NULL, NULL, NULL, '2023-01-02 11:04:29.463000', 'DeepakShinde', NULL, NULL, NULL, NULL, 'co borrower EXISITING_FACILITY information incorrect!!', 41, 5, b'0', 41, NULL, 'EXISITING_FACILITY', 'REJECTED', b'0', 'LOAN_ONBOARD', NULL, NULL),
	(183, NULL, NULL, NULL, '2023-01-02 11:04:03.134000', NULL, NULL, 'Accepted', NULL, NULL, NULL, '2023-01-02 11:04:29.463000', 'DeepakShinde', NULL, NULL, NULL, NULL, NULL, 41, 5, b'0', 41, NULL, 'ASSET_INFO', 'REJECTED', b'0', 'LOAN_ONBOARD', NULL, NULL),
	(184, NULL, NULL, NULL, '2023-01-02 12:44:18.976000', NULL, NULL, 'Accepted', NULL, NULL, NULL, '2023-01-16 10:14:18.229000', 'DeepakShinde', NULL, NULL, NULL, NULL, NULL, 42, 5, b'0', 42, NULL, 'BASIC_LOAN_INFO', 'REJECTED', b'0', 'LOAN_ONBOARD', NULL, NULL),
	(185, NULL, NULL, NULL, '2023-01-02 12:45:03.788000', NULL, NULL, 'Accepted', NULL, NULL, NULL, '2023-01-16 10:14:18.229000', 'DeepakShinde', NULL, NULL, NULL, NULL, NULL, 42, 5, b'0', 42, NULL, 'EXISITING_FACILITY', 'REJECTED', b'0', 'LOAN_ONBOARD', NULL, NULL),
	(186, NULL, NULL, NULL, '2023-01-02 12:44:53.942000', NULL, NULL, 'Accepted', NULL, NULL, NULL, '2023-01-16 10:14:18.229000', 'DeepakShinde', NULL, NULL, NULL, NULL, NULL, 42, 5, b'0', 42, NULL, 'ASSET_INFO', 'REJECTED', b'0', 'LOAN_ONBOARD', NULL, NULL),
	(187, NULL, NULL, NULL, '2023-01-02 12:45:03.969000', NULL, NULL, 'Accepted', NULL, NULL, NULL, '2023-01-16 10:14:18.229000', 'DeepakShinde', NULL, NULL, NULL, NULL, NULL, 42, 5, b'0', 42, NULL, 'GUARANTOR_INFO', 'REJECTED', b'0', 'LOAN_ONBOARD', NULL, NULL),
	(188, NULL, NULL, NULL, '2023-01-06 12:56:18.500000', NULL, NULL, 'Accepted', NULL, NULL, NULL, '2023-01-06 12:56:52.081000', 'DeepakShinde', NULL, NULL, NULL, NULL, NULL, NULL, 5, b'0', 40, NULL, 'BASIC_INFO', 'REJECTED', b'0', 'MEMBER_ONBOARD', NULL, NULL),
	(189, NULL, NULL, NULL, '2023-01-06 12:56:21.879000', NULL, NULL, 'Accepted', NULL, NULL, NULL, '2023-01-06 12:56:52.081000', 'DeepakShinde', NULL, NULL, NULL, NULL, NULL, NULL, 5, b'0', 40, NULL, 'CONTACT_INFO', 'REJECTED', b'0', 'MEMBER_ONBOARD', NULL, NULL),
	(190, NULL, NULL, NULL, '2023-01-06 12:56:22.870000', NULL, NULL, 'Accepted', NULL, NULL, NULL, '2023-01-06 12:56:52.081000', 'DeepakShinde', NULL, NULL, NULL, NULL, NULL, NULL, 5, b'0', 40, NULL, 'ADDRESS_INFO', 'REJECTED', b'0', 'MEMBER_ONBOARD', NULL, NULL),
	(191, NULL, NULL, NULL, NULL, NULL, NULL, 'Accepted', NULL, NULL, NULL, '2023-01-09 05:58:10.046817', NULL, NULL, NULL, NULL, NULL, NULL, NULL, 5, NULL, 40, NULL, 'Aadhaar card', 'REJECTED', NULL, 'MEMBER_ONBOARD', NULL, NULL),
	(192, NULL, NULL, NULL, NULL, NULL, NULL, 'Accepted', NULL, NULL, NULL, '2023-01-09 05:58:10.092340', NULL, NULL, NULL, NULL, NULL, NULL, NULL, 5, NULL, 40, NULL, 'PAN', 'REJECTED', NULL, 'MEMBER_ONBOARD', NULL, NULL),
	(193, NULL, NULL, NULL, NULL, NULL, NULL, 'Accepted', NULL, NULL, NULL, '2023-01-09 05:58:10.124980', NULL, NULL, NULL, NULL, NULL, 'ok', NULL, 5, NULL, 40, NULL, 'Photo', 'REJECTED', NULL, 'MEMBER_ONBOARD', NULL, NULL),
	(194, NULL, NULL, NULL, '2023-01-06 12:56:23.536000', NULL, NULL, 'Accepted', NULL, NULL, NULL, '2023-01-06 12:56:52.081000', 'DeepakShinde', NULL, NULL, NULL, NULL, NULL, NULL, 5, b'0', 40, NULL, 'EMPLOYMENT_INFO', 'REJECTED', b'0', 'MEMBER_ONBOARD', NULL, NULL),
	(195, NULL, NULL, NULL, '2023-01-06 12:56:25.238000', NULL, NULL, 'Accepted', NULL, NULL, NULL, '2023-01-06 12:56:52.081000', 'DeepakShinde', NULL, NULL, NULL, NULL, NULL, NULL, 5, b'0', 40, NULL, 'INCOME_INFO', 'REJECTED', b'0', 'MEMBER_ONBOARD', NULL, NULL),
	(196, NULL, NULL, NULL, '2023-01-03 11:47:17.041000', NULL, NULL, 'Accepted', NULL, NULL, NULL, '2023-01-03 11:47:40.547000', 'DeepakShinde', NULL, NULL, NULL, NULL, NULL, NULL, 5, b'0', 41, NULL, 'BASIC_INFO', 'REJECTED', b'0', 'MEMBER_ONBOARD', NULL, NULL),
	(197, NULL, NULL, NULL, '2023-01-03 11:47:19.609000', NULL, NULL, 'Accepted', NULL, NULL, NULL, '2023-01-03 11:47:40.547000', 'DeepakShinde', NULL, NULL, NULL, NULL, NULL, NULL, 5, b'0', 41, NULL, 'CONTACT_INFO', 'REJECTED', b'0', 'MEMBER_ONBOARD', NULL, NULL),
	(198, NULL, NULL, NULL, '2023-01-03 11:47:20.308000', NULL, NULL, 'Accepted', NULL, NULL, NULL, '2023-01-03 11:47:40.547000', 'DeepakShinde', NULL, NULL, NULL, NULL, NULL, NULL, 5, b'0', 41, NULL, 'ADDRESS_INFO', 'REJECTED', b'0', 'MEMBER_ONBOARD', NULL, NULL),
	(199, NULL, NULL, NULL, '2023-01-03 11:47:21.212000', NULL, NULL, 'Accepted', NULL, NULL, NULL, '2023-01-03 11:47:40.547000', 'DeepakShinde', NULL, NULL, NULL, NULL, NULL, NULL, 5, b'0', 41, NULL, 'EMPLOYMENT_INFO', 'REJECTED', b'0', 'MEMBER_ONBOARD', NULL, NULL),
	(200, NULL, NULL, NULL, '2023-01-03 11:47:21.856000', NULL, NULL, 'Accepted', NULL, NULL, NULL, '2023-01-03 11:47:40.547000', 'DeepakShinde', NULL, NULL, NULL, NULL, NULL, NULL, 5, b'0', 41, NULL, 'INCOME_INFO', 'REJECTED', b'0', 'MEMBER_ONBOARD', NULL, NULL),
	(201, NULL, NULL, NULL, NULL, NULL, NULL, NULL, NULL, NULL, NULL, '2023-02-02 12:36:57.165706', 'DineshGaikwad', NULL, NULL, NULL, NULL, 'accept', NULL, 3, NULL, 41, NULL, 'Photo', 'REJECTED', NULL, 'MEMBER_ONBOARD', NULL, b'0'),
	(202, NULL, NULL, NULL, NULL, NULL, NULL, 'Accepted', NULL, NULL, NULL, '2023-02-02 12:36:57.090232', 'DineshGaikwad', NULL, NULL, NULL, NULL, NULL, NULL, 3, NULL, 41, NULL, 'Aadhaar card', 'REJECTED', NULL, 'MEMBER_ONBOARD', NULL, b'0'),
	(203, NULL, NULL, NULL, NULL, NULL, NULL, 'Accepted', NULL, NULL, NULL, '2023-02-02 12:36:57.114391', 'DineshGaikwad', NULL, NULL, NULL, NULL, NULL, NULL, 3, NULL, 41, NULL, 'PAN', 'REJECTED', NULL, 'MEMBER_ONBOARD', NULL, b'0'),
	(204, NULL, NULL, NULL, NULL, NULL, NULL, 'Accepted', NULL, NULL, NULL, '2023-02-02 12:36:57.213703', 'DineshGaikwad', NULL, NULL, NULL, NULL, NULL, NULL, 3, NULL, 46, NULL, 'Form 16', 'REJECTED', NULL, 'LOAN_ONBOARD', NULL, b'0'),
	(210, NULL, NULL, NULL, NULL, NULL, NULL, NULL, NULL, NULL, NULL, '2023-01-04 05:59:35.030250', 'DineshGaikwad', NULL, NULL, NULL, NULL, NULL, NULL, 3, NULL, 46, NULL, 'Form 16', 'REJECTED', NULL, 'LOAN_ONBOARD', NULL, NULL),
	(339, NULL, NULL, NULL, NULL, NULL, NULL, 'Rejected', NULL, NULL, NULL, '2023-02-02 11:39:51.929483', 'DeepakShinde', NULL, NULL, NULL, NULL, NULL, NULL, 5, NULL, 46, NULL, 'TITLE DEED', 'REJECTED', NULL, 'LOAN_ONBOARD', NULL, b'1'),
	(340, NULL, NULL, NULL, NULL, NULL, NULL, NULL, NULL, NULL, NULL, '2023-01-05 05:14:47.447054', NULL, NULL, NULL, NULL, NULL, NULL, NULL, 5, NULL, 46, NULL, 'Form 16', 'REJECTED', NULL, 'LOAN_ONBOARD', NULL, NULL),
	(341, NULL, NULL, NULL, NULL, NULL, NULL, NULL, NULL, NULL, NULL, '2023-01-05 05:14:47.521304', NULL, NULL, NULL, NULL, NULL, NULL, NULL, 5, NULL, 46, NULL, 'TITLE DEED', 'REJECTED', NULL, 'LOAN_ONBOARD', NULL, NULL),
	(342, NULL, NULL, NULL, NULL, NULL, NULL, NULL, NULL, NULL, NULL, '2023-01-05 05:15:11.156250', NULL, NULL, NULL, NULL, NULL, NULL, NULL, 5, NULL, 46, NULL, 'TITLE DEED', 'REJECTED', NULL, 'LOAN_ONBOARD', NULL, NULL),
	(343, NULL, NULL, NULL, NULL, NULL, NULL, NULL, NULL, NULL, NULL, '2023-01-05 05:15:11.180496', NULL, NULL, NULL, NULL, NULL, NULL, NULL, 5, NULL, 46, NULL, 'Form 16', 'REJECTED', NULL, 'LOAN_ONBOARD', NULL, NULL),
	(344, NULL, NULL, NULL, NULL, NULL, NULL, 'Rejected', NULL, NULL, NULL, '2023-02-02 12:36:57.229704', 'DineshGaikwad', NULL, NULL, NULL, NULL, NULL, NULL, 3, NULL, 46, NULL, 'Bank Statement', 'REJECTED', NULL, 'LOAN_ONBOARD', NULL, b'0'),
	(345, NULL, NULL, NULL, NULL, NULL, NULL, NULL, NULL, NULL, NULL, '2023-01-05 05:21:13.480808', NULL, NULL, NULL, NULL, NULL, NULL, NULL, 5, NULL, 46, NULL, 'TITLE DEED', 'REJECTED', NULL, 'LOAN_ONBOARD', NULL, NULL),
	(346, NULL, NULL, NULL, NULL, NULL, NULL, NULL, NULL, NULL, NULL, '2023-01-05 05:21:13.506065', NULL, NULL, NULL, NULL, NULL, NULL, NULL, 5, NULL, 46, NULL, 'Form 16', 'REJECTED', NULL, 'LOAN_ONBOARD', NULL, NULL),
	(347, NULL, NULL, NULL, NULL, NULL, NULL, 'Accepted', NULL, NULL, NULL, '2023-01-05 05:59:29.055416', NULL, NULL, NULL, NULL, NULL, 'accept', NULL, 5, NULL, 46, NULL, 'TITLE DEED', 'REJECTED', NULL, 'LOAN_ONBOARD', NULL, NULL),
	(348, NULL, NULL, NULL, NULL, NULL, NULL, NULL, NULL, NULL, NULL, '2023-01-05 05:59:29.098370', NULL, NULL, NULL, NULL, NULL, NULL, NULL, 5, NULL, 46, NULL, 'Form 16', 'REJECTED', NULL, 'LOAN_ONBOARD', NULL, NULL),
	(349, NULL, NULL, NULL, NULL, NULL, NULL, NULL, NULL, NULL, NULL, '2023-01-05 05:59:29.117320', NULL, NULL, NULL, NULL, NULL, NULL, NULL, 5, NULL, 46, NULL, 'Bank Statement', 'REJECTED', NULL, 'LOAN_ONBOARD', NULL, NULL),
	(350, NULL, NULL, NULL, NULL, NULL, NULL, 'Accepted', NULL, NULL, NULL, '2023-01-05 06:00:20.493932', NULL, NULL, NULL, NULL, NULL, NULL, NULL, 5, NULL, 46, NULL, 'TITLE DEED', 'REJECTED', NULL, 'LOAN_ONBOARD', NULL, NULL),
	(351, NULL, NULL, NULL, NULL, NULL, NULL, 'Accepted', NULL, NULL, NULL, '2023-01-05 06:00:20.520719', NULL, NULL, NULL, NULL, NULL, 'accept', NULL, 5, NULL, 46, NULL, 'Form 16', 'REJECTED', NULL, 'LOAN_ONBOARD', NULL, NULL),
	(352, NULL, NULL, NULL, NULL, NULL, NULL, NULL, NULL, NULL, NULL, '2023-01-05 06:00:20.544465', NULL, NULL, NULL, NULL, NULL, NULL, NULL, 5, NULL, 46, NULL, 'Bank Statement', 'REJECTED', NULL, 'LOAN_ONBOARD', NULL, NULL),
	(353, NULL, NULL, NULL, NULL, NULL, NULL, 'Accepted', NULL, NULL, NULL, '2023-01-05 06:00:54.306808', NULL, NULL, NULL, NULL, NULL, NULL, NULL, 5, NULL, 46, NULL, 'TITLE DEED', 'REJECTED', NULL, 'LOAN_ONBOARD', NULL, NULL),
	(354, NULL, NULL, NULL, NULL, NULL, NULL, 'Accepted', NULL, NULL, NULL, '2023-01-05 06:00:54.331762', NULL, NULL, NULL, NULL, NULL, NULL, NULL, 5, NULL, 46, NULL, 'Form 16', 'REJECTED', NULL, 'LOAN_ONBOARD', NULL, NULL),
	(355, NULL, NULL, NULL, NULL, NULL, NULL, 'Rejected', NULL, NULL, NULL, '2023-01-05 06:00:54.357616', NULL, NULL, NULL, NULL, NULL, NULL, NULL, 5, NULL, 46, NULL, 'Bank Statement', 'REJECTED', NULL, 'LOAN_ONBOARD', NULL, NULL),
	(356, NULL, NULL, NULL, NULL, NULL, NULL, 'Accepted', NULL, NULL, NULL, '2023-01-05 06:01:09.023175', NULL, NULL, NULL, NULL, NULL, NULL, NULL, 5, NULL, 46, NULL, 'TITLE DEED', 'REJECTED', NULL, 'LOAN_ONBOARD', NULL, NULL),
	(357, NULL, NULL, NULL, NULL, NULL, NULL, 'Accepted', NULL, NULL, NULL, '2023-01-05 06:01:09.050745', NULL, NULL, NULL, NULL, NULL, NULL, NULL, 5, NULL, 46, NULL, 'Form 16', 'REJECTED', NULL, 'LOAN_ONBOARD', NULL, NULL),
	(358, NULL, NULL, NULL, NULL, NULL, NULL, 'Rejected', NULL, NULL, NULL, '2023-01-05 06:01:09.074276', NULL, NULL, NULL, NULL, NULL, NULL, NULL, 5, NULL, 46, NULL, 'Bank Statement', 'REJECTED', NULL, 'LOAN_ONBOARD', NULL, NULL),
	(359, NULL, NULL, NULL, NULL, NULL, NULL, 'Accepted', NULL, NULL, NULL, '2023-01-05 06:20:26.317448', NULL, NULL, NULL, NULL, NULL, NULL, NULL, 5, NULL, 46, NULL, 'TITLE DEED', 'REJECTED', NULL, 'LOAN_ONBOARD', NULL, NULL),
	(360, NULL, NULL, NULL, NULL, NULL, NULL, 'Accepted', NULL, NULL, NULL, '2023-01-05 06:20:26.341989', NULL, NULL, NULL, NULL, NULL, NULL, NULL, 5, NULL, 46, NULL, 'Form 16', 'REJECTED', NULL, 'LOAN_ONBOARD', NULL, NULL),
	(361, NULL, NULL, NULL, NULL, NULL, NULL, 'Rejected', NULL, NULL, NULL, '2023-01-05 06:20:26.371991', NULL, NULL, NULL, NULL, NULL, NULL, NULL, 5, NULL, 46, NULL, 'Bank Statement', 'REJECTED', NULL, 'LOAN_ONBOARD', NULL, NULL),
	(362, NULL, NULL, NULL, NULL, NULL, NULL, 'Accepted', NULL, NULL, NULL, '2023-01-05 06:20:36.589968', NULL, NULL, NULL, NULL, NULL, NULL, NULL, 5, NULL, 46, NULL, 'TITLE DEED', 'REJECTED', NULL, 'LOAN_ONBOARD', NULL, NULL),
	(363, NULL, NULL, NULL, NULL, NULL, NULL, 'Accepted', NULL, NULL, NULL, '2023-01-05 06:20:36.610901', NULL, NULL, NULL, NULL, NULL, NULL, NULL, 5, NULL, 46, NULL, 'Form 16', 'REJECTED', NULL, 'LOAN_ONBOARD', NULL, NULL),
	(364, NULL, NULL, NULL, NULL, NULL, NULL, 'Rejected', NULL, NULL, NULL, '2023-01-05 06:20:36.634962', NULL, NULL, NULL, NULL, NULL, NULL, NULL, 5, NULL, 46, NULL, 'Bank Statement', 'REJECTED', NULL, 'LOAN_ONBOARD', NULL, NULL),
	(483, NULL, NULL, NULL, '2023-01-06 11:51:29.808229', NULL, NULL, 'Accepted', NULL, NULL, NULL, '2023-01-06 11:51:29.691000', 'DeepakShinde', NULL, NULL, NULL, NULL, NULL, 44, 5, b'0', 44, NULL, 'BASIC_LOAN_INFO', 'REJECTED', b'0', 'LOAN_ONBOARD', NULL, NULL),
	(484, NULL, NULL, NULL, NULL, NULL, NULL, NULL, NULL, NULL, NULL, '2023-01-09 05:58:10.145167', 'DeepakShinde', NULL, NULL, NULL, NULL, NULL, NULL, 5, NULL, 34, NULL, 'Form 16', 'REJECTED', NULL, 'LOAN_ONBOARD', NULL, NULL),
	(485, NULL, NULL, NULL, NULL, NULL, NULL, 'Accepted', NULL, NULL, NULL, '2023-01-09 05:58:10.376873', NULL, NULL, NULL, NULL, NULL, NULL, NULL, 5, NULL, 45, NULL, 'TITLE DEED', 'REJECTED', NULL, 'LOAN_ONBOARD', NULL, NULL),
	(486, NULL, NULL, NULL, NULL, NULL, NULL, NULL, NULL, NULL, NULL, '2023-01-09 05:58:10.229237', NULL, NULL, NULL, NULL, NULL, NULL, NULL, 5, NULL, 45, NULL, 'Form 16', 'REJECTED', NULL, 'LOAN_ONBOARD', NULL, NULL),
	(487, NULL, NULL, NULL, NULL, NULL, NULL, NULL, NULL, NULL, NULL, '2023-01-09 05:58:10.268579', NULL, NULL, NULL, NULL, NULL, NULL, NULL, 5, NULL, 45, NULL, 'Bank Statement', 'REJECTED', NULL, 'LOAN_ONBOARD', NULL, NULL),
	(488, NULL, NULL, NULL, '2023-01-09 05:51:58.197361', NULL, NULL, 'Accepted', NULL, NULL, NULL, '2023-01-16 09:56:50.628000', 'DeepakShinde', NULL, NULL, NULL, NULL, NULL, 45, 5, b'0', 45, NULL, 'BASIC_LOAN_INFO', 'REJECTED', b'0', 'LOAN_ONBOARD', NULL, NULL),
	(489, NULL, NULL, NULL, '2023-01-24 09:16:53.050000', NULL, NULL, 'Accepted', NULL, NULL, NULL, '2023-01-24 09:17:28.536000', 'DeepakShinde', NULL, NULL, NULL, NULL, NULL, NULL, 5, b'0', 42, NULL, 'BASIC_INFO', 'REJECTED', b'0', 'MEMBER_ONBOARD', NULL, b'0'),
	(490, NULL, NULL, NULL, '2023-01-24 09:16:56.700000', NULL, NULL, 'Accepted', NULL, NULL, NULL, '2023-01-24 09:17:28.536000', 'DeepakShinde', NULL, NULL, NULL, NULL, NULL, NULL, 5, b'0', 42, NULL, 'CONTACT_INFO', 'REJECTED', b'0', 'MEMBER_ONBOARD', NULL, b'0'),
	(491, NULL, NULL, NULL, '2023-01-24 09:16:57.653000', NULL, NULL, 'Accepted', NULL, NULL, NULL, '2023-01-24 09:17:28.536000', 'DeepakShinde', NULL, NULL, NULL, NULL, NULL, NULL, 5, b'0', 42, NULL, 'ADDRESS_INFO', 'REJECTED', b'0', 'MEMBER_ONBOARD', NULL, b'0'),
	(492, NULL, NULL, NULL, '2023-01-24 09:16:58.657000', NULL, NULL, 'Accepted', NULL, NULL, NULL, '2023-01-24 09:17:28.536000', 'DeepakShinde', NULL, NULL, NULL, NULL, NULL, NULL, 5, b'0', 42, NULL, 'EMPLOYMENT_INFO', 'REJECTED', b'0', 'MEMBER_ONBOARD', NULL, b'0'),
	(493, 'LOK_LAP2023-00005T', NULL, NULL, '2023-01-16 09:35:33.741612', NULL, NULL, 'Accepted', NULL, NULL, NULL, '2023-01-16 09:35:33.533000', 'DeepakShinde', 576567, 12, 576567, 12, NULL, 45, 5, b'0', 45, NULL, 'LOAN_APPRAIZAL', 'LOAN_LEGAL_SUBMITION', b'0', 'LOAN_APPRAIZAL', NULL, NULL),
	(494, NULL, NULL, NULL, '2023-01-16 09:35:33.806517', NULL, NULL, 'Accepted', NULL, NULL, NULL, '2023-01-16 09:56:50.628000', 'DeepakShinde', NULL, NULL, NULL, NULL, NULL, 45, 5, b'0', 45, NULL, 'LOAN_SANCATION', 'REJECTED', b'0', 'LOAN_APPRAIZAL', NULL, NULL),
	(495, 'LOK_LAP2023-00005T', NULL, 'DeepakShinde', '2023-01-16 12:30:00.000000', NULL, NULL, 'Accepted', NULL, NULL, NULL, '2023-01-16 09:42:00.773000', 'DeepakShinde', 576567, 12, 65454, 12, 'remark by valuation', 45, 5, b'0', 45, NULL, 'LOAN_VALUATION', 'LOAN_VALUATION', b'0', 'LOAN_APPRAIZAL', NULL, NULL),
	(496, 'LOK_LAP2023-00005T', NULL, 'DeepakShinde', '2023-01-16 12:30:00.000000', NULL, NULL, 'Accepted', NULL, NULL, NULL, '2023-01-16 09:42:00.774000', 'DeepakShinde', 576567, 12, 576567, 12, 'remark by advocate', 45, 5, b'0', 45, NULL, 'LOAN_LEGAL', 'LOAN_LEGAL', b'0', 'LOAN_APPRAIZAL', NULL, NULL),
	(497, NULL, NULL, NULL, NULL, NULL, NULL, NULL, NULL, NULL, NULL, '2023-01-16 09:48:02.120845', 'DeepakShinde', NULL, NULL, NULL, NULL, NULL, NULL, 5, NULL, 45, NULL, 'Valuation Details', 'REJECTED', NULL, 'LOAN_ONBOARD', NULL, NULL),
	(498, NULL, NULL, NULL, '2023-01-16 09:42:01.034519', NULL, NULL, 'Accepted', NULL, NULL, NULL, '2023-01-16 09:56:50.628000', 'DeepakShinde', NULL, NULL, NULL, NULL, NULL, 45, 5, b'0', 45, NULL, 'LOAN_LEGAL', 'REJECTED', b'0', 'LOAN_APPRAIZAL', NULL, NULL),
	(499, 'LOK_LAP2023-00005T', NULL, 'DeepakShinde', '2023-01-17 06:30:00.000000', NULL, NULL, 'Accepted', NULL, NULL, NULL, '2023-01-16 09:42:57.516000', 'DeepakShinde', 576567, 12, 576567, 12, 'remark by advocate', 45, 5, b'0', 45, NULL, 'LOAN_LEGAL', 'LOAN_LEGAL', b'0', 'LOAN_APPRAIZAL', NULL, NULL),
	(500, 'LOK_LAP2023-00005T', NULL, 'DeepakShinde', '2023-01-17 06:30:00.000000', NULL, NULL, 'Accepted', NULL, NULL, NULL, '2023-01-16 09:42:57.514000', 'DeepakShinde', 576567, 12, 65454, 12, 'remark by valuation', 45, 5, b'0', 45, NULL, 'LOAN_VALUATION', 'LOAN_VALUATION', b'0', 'LOAN_APPRAIZAL', NULL, NULL),
	(501, NULL, NULL, NULL, NULL, NULL, NULL, NULL, NULL, NULL, NULL, '2023-01-16 09:42:57.570510', NULL, NULL, NULL, NULL, NULL, NULL, NULL, 5, NULL, 45, NULL, 'Valuation Details', 'REJECTED', NULL, 'LOAN_ONBOARD', NULL, NULL),
	(502, NULL, NULL, NULL, '2023-01-16 09:42:58.078591', NULL, NULL, 'Accepted', NULL, NULL, NULL, '2023-01-16 09:56:50.628000', 'DeepakShinde', NULL, NULL, NULL, NULL, NULL, 45, 5, b'0', 45, NULL, 'LOAN_COMMITTEE', 'REJECTED', b'0', 'LOAN_APPRAIZAL', NULL, NULL),
	(503, NULL, NULL, NULL, NULL, NULL, NULL, NULL, NULL, NULL, NULL, '2023-01-16 09:48:37.365487', NULL, NULL, NULL, NULL, NULL, NULL, NULL, 5, NULL, 45, NULL, 'Legal Advovate Details', 'REJECTED', NULL, 'LOAN_ONBOARD', NULL, NULL),
	(504, 'LOK_LAP2023-00005T', NULL, 'DeepakShinde', '2023-01-16 09:49:10.675000', NULL, NULL, NULL, NULL, NULL, NULL, '2023-01-16 09:49:10.675000', 'DeepakShinde', 576567, 12, 576567, 12, NULL, 45, 5, NULL, 45, NULL, 'LOAN_COMMITTEE', 'LOAN_COMMITTEE', NULL, 'LOAN_APPRAIZAL', NULL, NULL),
	(505, NULL, NULL, NULL, '2023-01-16 09:49:11.338686', NULL, NULL, 'Accepted', NULL, NULL, NULL, '2023-01-16 09:56:50.628000', 'DeepakShinde', NULL, NULL, NULL, NULL, NULL, 45, 5, b'0', 45, NULL, 'LOAN_RECO_DIRECTOR', 'REJECTED', b'0', 'LOAN_APPRAIZAL', NULL, NULL),
	(506, 'LOK_LAP2023-00005T', NULL, 'DeepakShinde', '2023-01-16 09:51:13.719000', '', '', NULL, NULL, NULL, NULL, '2023-01-16 09:51:13.719000', 'DeepakShinde', 576567, 12, 576567, 12, NULL, 45, 5, NULL, 45, NULL, 'LOAN_COMMITTEE', 'LOAN_COMMITTEE', NULL, 'LOAN_APPRAIZAL', NULL, NULL),
	(507, 'LOK_LAP2023-00005T', NULL, 'DeepakShinde', '2023-01-16 09:53:11.509000', '', '', NULL, NULL, NULL, NULL, '2023-01-16 09:53:11.509000', 'DeepakShinde', 576567, 12, 576567, 12, NULL, 45, 5, NULL, 45, NULL, 'LOAN_COMMITTEE', 'LOAN_COMMITTEE', NULL, 'LOAN_APPRAIZAL', NULL, NULL),
	(508, 'LOK_LAP2023-00005T', NULL, 'DeepakShinde', '2023-01-16 09:53:49.984000', '', '', NULL, NULL, NULL, NULL, '2023-01-16 09:53:49.984000', 'DeepakShinde', 576567, 12, 576567, 12, NULL, 45, 5, NULL, 45, NULL, 'LOAN_SANCATION', 'LOAN_SANCATION', NULL, 'LOAN_APPRAIZAL', NULL, NULL),
	(509, 'LOK_LAP2023-00005', NULL, NULL, '2023-01-16 09:56:50.933188', NULL, NULL, NULL, NULL, NULL, NULL, '2023-01-16 09:56:50.628000', 'DeepakShinde', 576567, 12, 576567, 12, NULL, 45, 5, NULL, 45, NULL, 'LOAN_OFFICE_USE', 'LOAN_OFFICE_USE', NULL, 'LOAN_APPRAIZAL', NULL, NULL),
	(510, 'LOK_LAP2023-00002T', NULL, 'DeepakShinde', '2023-01-16 10:14:18.228000', NULL, NULL, 'Accepted', NULL, NULL, NULL, '2023-01-16 10:14:18.228000', 'DeepakShinde', 8500000, 12, NULL, NULL, 'submitted to Valuation & Legalization. LOK_LAP2023-00002T', 42, 5, b'0', 42, NULL, 'LOAN_APPRAIZAL', 'LOAN_LEGAL_SUBMITION', b'0', 'LOAN_APPRAIZAL', NULL, NULL),
	(511, NULL, NULL, NULL, '2023-01-16 10:14:18.474995', NULL, NULL, 'Accepted', NULL, NULL, NULL, '2023-01-16 10:14:18.229000', 'DeepakShinde', NULL, NULL, NULL, NULL, NULL, 42, 5, b'0', 42, NULL, 'LOAN_SANCATION', 'REJECTED', b'0', 'LOAN_APPRAIZAL', NULL, NULL),
	(512, NULL, NULL, NULL, '2023-01-23 07:26:04.767000', NULL, NULL, 'Accepted', NULL, NULL, NULL, '2023-01-23 07:26:28.636000', 'DineshGaikwad', NULL, NULL, NULL, NULL, NULL, NULL, 3, b'0', 13, NULL, 'EMPLOYMENT_INFO', 'REJECTED', b'0', 'MEMBER_ONBOARD', NULL, b'0'),
	(513, NULL, NULL, NULL, '2023-01-24 09:16:59.528000', NULL, NULL, 'Accepted', NULL, NULL, NULL, '2023-01-24 09:17:28.536000', 'DeepakShinde', NULL, NULL, NULL, NULL, NULL, NULL, 5, b'0', 42, NULL, 'INCOME_INFO', 'REJECTED', b'0', 'MEMBER_ONBOARD', NULL, b'0'),
	(514, NULL, NULL, NULL, NULL, NULL, NULL, 'Accepted', NULL, NULL, NULL, '2023-01-27 09:29:35.471416', 'DeepakShinde', NULL, NULL, NULL, NULL, NULL, NULL, 5, NULL, 42, NULL, 'Photo', 'REJECTED', NULL, 'MEMBER_ONBOARD', NULL, b'0'),
	(515, NULL, NULL, NULL, NULL, NULL, NULL, NULL, NULL, NULL, NULL, '2023-01-24 09:14:37.455931', NULL, NULL, NULL, NULL, NULL, NULL, NULL, 3, NULL, 42, NULL, 'Photo', 'REJECTED', NULL, 'MEMBER_ONBOARD', NULL, b'0'),
	(516, NULL, NULL, NULL, NULL, NULL, NULL, 'Accepted', NULL, NULL, NULL, '2023-01-27 09:29:35.517720', 'DeepakShinde', NULL, NULL, NULL, NULL, NULL, NULL, 5, NULL, 42, NULL, 'Signature', 'REJECTED', NULL, 'MEMBER_ONBOARD', NULL, b'0'),
	(517, NULL, NULL, NULL, NULL, NULL, NULL, 'Accepted', NULL, NULL, NULL, '2023-01-27 09:29:35.605644', 'DeepakShinde', NULL, NULL, NULL, NULL, NULL, NULL, 5, NULL, 42, NULL, 'Aadhaar card', 'REJECTED', NULL, 'MEMBER_ONBOARD', NULL, b'0'),
	(518, NULL, NULL, NULL, NULL, NULL, NULL, 'Accepted', NULL, NULL, NULL, '2023-01-27 09:29:35.587204', 'DeepakShinde', NULL, NULL, NULL, NULL, NULL, NULL, 5, NULL, 42, NULL, 'PAN', 'REJECTED', NULL, 'MEMBER_ONBOARD', NULL, b'0'),
	(519, NULL, NULL, NULL, NULL, NULL, NULL, NULL, NULL, NULL, NULL, '2023-01-24 09:15:37.326507', NULL, NULL, NULL, NULL, NULL, NULL, NULL, 3, NULL, 42, NULL, 'Aadhaar card', 'REJECTED', NULL, 'MEMBER_ONBOARD', NULL, b'0'),
	(520, NULL, NULL, NULL, NULL, NULL, NULL, 'Accepted', NULL, NULL, NULL, '2023-01-24 09:51:23.932139', 'DeepakShinde', NULL, NULL, NULL, NULL, NULL, NULL, 5, NULL, 50, NULL, 'TITLE DEED', 'REJECTED', NULL, 'LOAN_ONBOARD', NULL, b'0'),
	(521, NULL, NULL, NULL, '2023-01-24 09:51:27.633594', NULL, NULL, 'Accepted', NULL, NULL, NULL, '2023-01-24 10:27:53.931000', 'DeepakShinde', NULL, NULL, NULL, NULL, NULL, 50, 5, b'0', 50, NULL, 'BASIC_LOAN_INFO', 'REJECTED', b'0', 'LOAN_ONBOARD', NULL, b'0'),
	(522, 'LOK_LAP1674552589260T', NULL, 'DeepakShinde', '2023-01-24 09:53:53.877000', NULL, NULL, 'Accepted', NULL, NULL, NULL, '2023-01-24 09:53:53.877000', 'DeepakShinde', 1000000, 15, NULL, NULL, 'LOK_LAP1674552589260T submitted for valuation and legalization', 50, 5, b'0', 50, NULL, 'LOAN_APPRAIZAL', 'LOAN_LEGAL_SUBMITION', b'0', 'LOAN_APPRAIZAL', NULL, b'0'),
	(523, NULL, NULL, NULL, '2023-01-24 09:53:54.042002', NULL, NULL, 'Accepted', NULL, NULL, NULL, '2023-01-24 10:27:53.931000', 'DeepakShinde', NULL, NULL, NULL, NULL, NULL, 50, 5, b'0', 50, NULL, 'LOAN_SANCATION', 'REJECTED', b'0', 'LOAN_APPRAIZAL', NULL, b'0'),
	(524, 'LOK_LAP1674552589260T', NULL, 'DeepakShinde', '2023-01-24 09:53:53.877000', NULL, NULL, 'Accepted', NULL, NULL, NULL, '2023-01-24 09:57:31.093000', 'DeepakShinde', 1000000, 15, NULL, NULL, 'LOK_LAP1674552589260T submitted for valuation and legalization', 50, 5, b'0', 50, NULL, 'LOAN_APPRAIZAL', 'LOAN_LEGAL_SUBMITION', b'0', 'LOAN_APPRAIZAL', NULL, b'0'),
	(525, 'LOK_LAP1674552589260T', NULL, 'DeepakShinde', '2023-01-24 12:30:00.000000', NULL, NULL, 'Accepted', NULL, NULL, NULL, '2023-01-24 09:57:31.097000', 'DeepakShinde', 1000000, 15, 800000, 15, 'remark for LOK_LAP1674552589260T by valuation', 50, 5, b'0', 50, NULL, 'LOAN_VALUATION', 'LOAN_VALUATION', b'0', 'LOAN_APPRAIZAL', NULL, b'0'),
	(526, 'LOK_LAP1674552589260T', NULL, 'DeepakShinde', '2023-01-24 12:30:00.000000', NULL, NULL, 'Accepted', '2023-01-24T12:30:00.000Z', NULL, NULL, '2023-01-24 09:57:31.100000', 'DeepakShinde', 1000000, 15, 1000000, 15, 'remark for LOK_LAP1674552589260T by advocate', 50, 5, b'0', 50, NULL, 'LOAN_LEGAL', 'LOAN_LEGAL', b'0', 'LOAN_APPRAIZAL', NULL, b'0'),
	(527, NULL, NULL, NULL, NULL, NULL, NULL, NULL, NULL, NULL, NULL, '2023-01-24 09:57:31.305618', NULL, NULL, NULL, NULL, NULL, NULL, NULL, 5, NULL, 50, NULL, 'Valuation Details', 'REJECTED', NULL, 'LOAN_ONBOARD', NULL, b'0'),
	(528, NULL, NULL, NULL, '2023-01-24 09:57:31.404461', NULL, NULL, 'Accepted', NULL, NULL, NULL, '2023-01-24 10:27:53.931000', 'DeepakShinde', NULL, NULL, NULL, NULL, NULL, 50, 5, b'0', 50, NULL, 'LOAN_LEGAL', 'REJECTED', b'0', 'LOAN_APPRAIZAL', NULL, b'0'),
	(529, 'LOK_LAP1674552589260T', NULL, 'DeepakShinde', '2023-01-24 10:26:03.116000', NULL, NULL, NULL, NULL, NULL, NULL, '2023-01-24 10:26:03.116000', 'DeepakShinde', 1000000, 15, 1000000, 15, NULL, 50, 5, NULL, 50, NULL, 'LOAN_COMMITTEE', 'LOAN_COMMITTEE', NULL, 'LOAN_APPRAIZAL', NULL, b'0'),
	(530, NULL, NULL, NULL, '2023-01-24 10:26:03.578737', NULL, NULL, 'Accepted', NULL, NULL, NULL, '2023-01-24 10:27:53.931000', 'DeepakShinde', NULL, NULL, NULL, NULL, NULL, 50, 5, b'0', 50, NULL, 'LOAN_COMMITTEE', 'REJECTED', b'0', 'LOAN_APPRAIZAL', NULL, b'0'),
	(531, NULL, NULL, NULL, '2023-01-24 10:26:03.620108', NULL, NULL, 'Accepted', NULL, NULL, NULL, '2023-01-24 10:27:53.931000', 'DeepakShinde', NULL, NULL, NULL, NULL, NULL, 50, 5, b'0', 50, NULL, 'LOAN_RECO_DIRECTOR', 'REJECTED', b'0', 'LOAN_APPRAIZAL', NULL, b'0'),
	(532, 'LOK_LAP1674552589260T', NULL, 'DeepakShinde', '2023-01-24 10:27:53.930000', NULL, NULL, NULL, NULL, NULL, NULL, '2023-01-24 10:27:53.930000', 'DeepakShinde', 1000000, 15, 1000000, 15, NULL, 50, 5, NULL, NULL, NULL, 'LOAN_RECO_DIRECTOR', 'LOAN_RECO_DIRECTOR', NULL, 'LOAN_APPRAIZAL', NULL, b'0'),
	(533, NULL, NULL, NULL, NULL, NULL, NULL, NULL, NULL, NULL, NULL, '2023-01-27 08:25:06.755514', NULL, NULL, NULL, NULL, NULL, NULL, NULL, 3, NULL, 41, NULL, 'Photo', 'REJECTED', NULL, 'MEMBER_ONBOARD', NULL, b'0'),
	(534, NULL, NULL, NULL, NULL, NULL, NULL, NULL, NULL, NULL, NULL, '2023-01-27 08:25:49.369560', NULL, NULL, NULL, NULL, NULL, NULL, NULL, 3, NULL, 41, NULL, 'Photo', 'REJECTED', NULL, 'MEMBER_ONBOARD', NULL, b'0'),
	(535, NULL, NULL, NULL, NULL, NULL, NULL, NULL, NULL, NULL, NULL, '2023-02-02 12:36:57.196706', 'DineshGaikwad', NULL, NULL, NULL, NULL, NULL, NULL, 3, NULL, 41, NULL, 'Signature', 'REJECTED', NULL, 'MEMBER_ONBOARD', NULL, b'0'),
	(536, NULL, NULL, NULL, NULL, NULL, NULL, NULL, NULL, NULL, NULL, '2023-01-27 08:51:08.399103', 'DineshGaikwad', NULL, NULL, NULL, NULL, NULL, NULL, 3, NULL, 49, NULL, 'TITLE DEED', 'REJECTED', NULL, 'LOAN_ONBOARD', NULL, b'0'),
	(537, NULL, NULL, NULL, NULL, NULL, NULL, 'Accepted', NULL, NULL, NULL, '2023-01-27 09:29:35.638342', 'DeepakShinde', NULL, NULL, NULL, NULL, NULL, NULL, 5, NULL, 51, NULL, 'TITLE DEED', 'REJECTED', NULL, 'LOAN_ONBOARD', NULL, b'0'),
	(538, NULL, NULL, NULL, '2023-01-27 09:29:39.284283', NULL, NULL, 'Accepted', NULL, NULL, NULL, '2023-02-02 13:12:28.812000', 'DeepakShinde', NULL, NULL, NULL, NULL, NULL, 51, 5, b'0', 51, NULL, 'BASIC_LOAN_INFO', 'REJECTED', b'0', 'LOAN_ONBOARD', NULL, b'0'),
	(539, NULL, NULL, NULL, '2023-01-27 09:29:39.319718', NULL, NULL, 'Accepted', NULL, NULL, NULL, '2023-02-02 13:12:28.812000', 'DeepakShinde', NULL, NULL, NULL, NULL, NULL, 51, 5, b'0', 51, NULL, 'GUARANTOR_INFO', 'REJECTED', b'0', 'LOAN_ONBOARD', NULL, b'0'),
	(540, NULL, NULL, NULL, '2023-01-30 11:12:52.580000', NULL, NULL, 'Accepted', NULL, NULL, NULL, '2023-01-30 11:14:23.195000', 'DineshGaikwad', NULL, NULL, NULL, NULL, NULL, NULL, 3, b'0', 44, NULL, 'BASIC_INFO', 'REJECTED', b'0', 'MEMBER_ONBOARD', NULL, b'0'),
	(541, NULL, NULL, NULL, '2023-01-30 11:12:55.388000', NULL, NULL, 'Accepted', NULL, NULL, NULL, '2023-01-30 11:14:23.195000', 'DineshGaikwad', NULL, NULL, NULL, NULL, NULL, NULL, 3, b'0', 44, NULL, 'CONTACT_INFO', 'REJECTED', b'0', 'MEMBER_ONBOARD', NULL, b'0'),
	(542, NULL, NULL, NULL, '2023-01-30 11:12:56.709000', NULL, NULL, 'Accepted', NULL, NULL, NULL, '2023-01-30 11:14:23.195000', 'DineshGaikwad', NULL, NULL, NULL, NULL, NULL, NULL, 3, b'0', 44, NULL, 'ADDRESS_INFO', 'REJECTED', b'0', 'MEMBER_ONBOARD', NULL, b'0'),
	(543, NULL, NULL, NULL, NULL, NULL, NULL, NULL, NULL, NULL, NULL, '2023-01-30 11:17:45.798343', 'DeepakShinde', NULL, NULL, NULL, NULL, NULL, NULL, 5, NULL, 44, NULL, 'Photo', 'REJECTED', NULL, 'MEMBER_ONBOARD', NULL, b'0'),
	(544, NULL, NULL, NULL, NULL, NULL, NULL, NULL, NULL, NULL, NULL, '2023-01-30 06:57:46.389332', NULL, NULL, NULL, NULL, NULL, NULL, NULL, 3, NULL, 44, NULL, 'Photo', 'REJECTED', NULL, 'MEMBER_ONBOARD', NULL, b'0'),
	(545, NULL, NULL, NULL, NULL, NULL, NULL, NULL, NULL, NULL, NULL, '2023-01-30 11:17:45.829593', 'DeepakShinde', NULL, NULL, NULL, NULL, NULL, NULL, 5, NULL, 44, NULL, 'Signature', 'REJECTED', NULL, 'MEMBER_ONBOARD', NULL, b'0'),
	(546, NULL, NULL, NULL, NULL, NULL, NULL, NULL, NULL, NULL, NULL, '2023-01-30 11:17:45.864898', 'DeepakShinde', NULL, NULL, NULL, NULL, NULL, NULL, 5, NULL, 44, NULL, 'Aadhaar card', 'REJECTED', NULL, 'MEMBER_ONBOARD', NULL, b'0'),
	(547, NULL, NULL, NULL, NULL, NULL, NULL, NULL, NULL, NULL, NULL, '2023-01-30 11:17:45.880548', 'DeepakShinde', NULL, NULL, NULL, NULL, NULL, NULL, 5, NULL, 44, NULL, 'PAN', 'REJECTED', NULL, 'MEMBER_ONBOARD', NULL, b'0'),
	(548, NULL, NULL, NULL, '2023-01-30 11:12:57.509000', NULL, NULL, 'Accepted', NULL, NULL, NULL, '2023-01-30 11:14:23.195000', 'DineshGaikwad', NULL, NULL, NULL, NULL, NULL, NULL, 3, b'0', 44, NULL, 'EMPLOYMENT_INFO', 'REJECTED', b'0', 'MEMBER_ONBOARD', NULL, b'0'),
	(549, NULL, NULL, NULL, '2023-01-30 11:12:58.675000', NULL, NULL, 'Accepted', NULL, NULL, NULL, '2023-01-30 11:14:23.195000', 'DineshGaikwad', NULL, NULL, NULL, NULL, NULL, NULL, 3, b'0', 44, NULL, 'INCOME_INFO', 'REJECTED', b'0', 'MEMBER_ONBOARD', NULL, b'0'),
	(550, NULL, NULL, NULL, '2023-01-30 08:53:21.304990', NULL, NULL, 'Accepted', NULL, NULL, NULL, '2023-01-30 09:52:27.365000', 'DeepakShinde', NULL, NULL, NULL, NULL, NULL, 47, 5, b'0', 47, NULL, 'BASIC_LOAN_INFO', 'REJECTED', b'0', 'LOAN_ONBOARD', NULL, b'0'),
	(551, NULL, NULL, NULL, '2023-01-30 08:53:21.370355', NULL, NULL, 'Accepted', NULL, NULL, NULL, '2023-01-30 08:53:21.232000', 'DeepakShinde', NULL, NULL, NULL, NULL, NULL, 47, 5, b'0', 47, NULL, 'ASSET_INFO', 'REJECTED', b'0', 'LOAN_ONBOARD', NULL, b'0'),
	(552, NULL, NULL, NULL, '2023-01-30 08:53:21.427561', NULL, NULL, 'Accepted', NULL, NULL, NULL, '2023-01-30 08:53:21.232000', 'DeepakShinde', NULL, NULL, NULL, NULL, NULL, 47, 5, b'0', 47, NULL, 'GUARANTOR_INFO', 'REJECTED', b'0', 'LOAN_ONBOARD', NULL, b'0'),
	(553, NULL, NULL, NULL, NULL, NULL, NULL, 'Accepted', NULL, NULL, NULL, '2023-01-30 09:52:23.937268', 'DeepakShinde', NULL, NULL, NULL, NULL, NULL, NULL, 5, NULL, 47, NULL, 'TITLE DEED', 'REJECTED', NULL, 'LOAN_ONBOARD', NULL, b'0'),
	(554, NULL, NULL, NULL, NULL, NULL, NULL, 'Accepted', NULL, NULL, NULL, '2023-01-30 11:17:45.947731', 'DeepakShinde', NULL, NULL, NULL, NULL, NULL, NULL, 5, NULL, 44, NULL, 'Electricity bill', 'REJECTED', NULL, 'MEMBER_ONBOARD', NULL, b'0'),
	(555, NULL, NULL, NULL, NULL, NULL, NULL, NULL, NULL, NULL, NULL, '2023-01-30 11:14:15.308000', NULL, NULL, NULL, NULL, NULL, NULL, NULL, 3, NULL, 44, NULL, 'Electricity bill', 'REJECTED', NULL, 'MEMBER_ONBOARD', NULL, b'0'),
	(556, NULL, NULL, NULL, NULL, NULL, NULL, 'Accepted', NULL, NULL, NULL, '2023-01-30 11:17:45.980414', 'DeepakShinde', NULL, NULL, NULL, NULL, NULL, NULL, 5, NULL, 44, NULL, 'Property Document', 'REJECTED', NULL, 'MEMBER_ONBOARD', NULL, b'0'),
	(557, NULL, NULL, NULL, NULL, NULL, NULL, NULL, NULL, NULL, NULL, '2023-01-31 05:43:41.741519', NULL, NULL, NULL, NULL, NULL, NULL, NULL, 3, NULL, 52, NULL, 'TITLE DEED', 'REJECTED', NULL, 'LOAN_ONBOARD', NULL, b'0'),
	(558, NULL, NULL, NULL, NULL, NULL, NULL, NULL, NULL, NULL, NULL, '2023-02-02 12:36:57.061803', NULL, NULL, NULL, NULL, NULL, NULL, NULL, 3, NULL, 41, NULL, 'Thumb Impression', 'REJECTED', NULL, 'MEMBER_ONBOARD', NULL, b'0'),
	(559, 'LOK_LAP1674811377488T', NULL, 'DeepakShinde', '2023-02-02 13:10:09.993000', NULL, NULL, 'Accepted', NULL, NULL, NULL, '2023-02-02 13:10:09.993000', 'DeepakShinde', 12000, 12, NULL, NULL, 'LOK_LAP1674811377488T submitted for valuation & legalization', 51, 5, b'0', 51, NULL, 'LOAN_APPRAIZAL', 'LOAN_LEGAL_SUBMITION', b'0', 'LOAN_APPRAIZAL', NULL, b'0'),
	(560, NULL, NULL, NULL, '2023-02-02 13:10:10.119355', NULL, NULL, 'Accepted', NULL, NULL, NULL, '2023-02-02 13:12:28.812000', 'DeepakShinde', NULL, NULL, NULL, NULL, NULL, 51, 5, b'0', 51, NULL, 'LOAN_SANCATION', 'REJECTED', b'0', 'LOAN_APPRAIZAL', NULL, b'0'),
	(561, 'LOK_LAP1674811377488T', NULL, 'DeepakShinde', '2023-02-02 13:10:09.993000', NULL, NULL, 'Accepted', NULL, NULL, NULL, '2023-02-02 13:12:28.793000', 'DeepakShinde', 12000, 12, NULL, NULL, 'LOK_LAP1674811377488T submitted for valuation & legalization', 51, 5, b'0', 51, NULL, 'LOAN_APPRAIZAL', 'LOAN_LEGAL_SUBMITION', b'0', 'LOAN_APPRAIZAL', NULL, b'0'),
	(562, 'LOK_LAP1674811377488T', NULL, 'DeepakShinde', '2023-02-01 12:30:00.000000', NULL, NULL, 'Accepted', NULL, NULL, NULL, '2023-02-02 13:12:28.799000', 'DeepakShinde', 12000, 12, 50000, 12, 'We Found Good Eligibility for this Applicant based on Property Valuation LOK_LAP1674811377488T', 51, 5, b'0', 51, NULL, 'LOAN_VALUATION', 'LOAN_VALUATION', b'0', 'LOAN_APPRAIZAL', NULL, b'0'),
	(563, 'LOK_LAP1674811377488T', NULL, 'DeepakShinde', '2023-02-01 12:30:00.000000', NULL, NULL, 'Accepted', '2023-02-02T12:30:00.000Z', NULL, NULL, '2023-02-02 13:12:28.804000', 'DeepakShinde', 12000, 12, 12000, 12, 'LOK_LAP1674811377488T by advocate', 51, 5, b'0', 51, NULL, 'LOAN_LEGAL', 'LOAN_LEGAL', b'0', 'LOAN_APPRAIZAL', NULL, b'0'),
	(564, NULL, NULL, NULL, NULL, NULL, NULL, NULL, NULL, NULL, NULL, '2023-02-02 13:12:28.905847', NULL, NULL, NULL, NULL, NULL, NULL, NULL, 5, NULL, 51, NULL, 'Valuation Details', 'REJECTED', NULL, 'LOAN_ONBOARD', NULL, b'0'),
	(565, NULL, NULL, NULL, '2023-02-02 13:12:29.108993', NULL, NULL, 'Accepted', NULL, NULL, NULL, '2023-02-02 13:12:28.812000', 'DeepakShinde', NULL, NULL, NULL, NULL, NULL, 51, 5, b'0', 51, NULL, 'LOAN_LEGAL', 'REJECTED', b'0', 'LOAN_APPRAIZAL', NULL, b'0');
/*!40000 ALTER TABLE `remark_history` ENABLE KEYS */;

-- Dumping structure for table los_db.schemes_details
CREATE TABLE IF NOT EXISTS `schemes_details` (
  `id` bigint(20) NOT NULL AUTO_INCREMENT,
  `created_by` varchar(255) DEFAULT NULL,
  `created_on` datetime(6) DEFAULT NULL,
  `fd_duration_days` int(11) DEFAULT NULL,
  `free_field_1` varchar(255) DEFAULT NULL,
  `free_field_2` varchar(255) DEFAULT NULL,
  `free_field_3` varchar(255) DEFAULT NULL,
  `free_field_4` varchar(255) DEFAULT NULL,
  `free_field_5` varchar(255) DEFAULT NULL,
  `interest` double DEFAULT NULL,
  `is_deleted` bit(1) DEFAULT NULL,
  `last_day_of_scheam` datetime(6) DEFAULT NULL,
  `last_modified` datetime(6) DEFAULT NULL,
  `last_modified_by` varchar(255) DEFAULT NULL,
  `lock_in_period` int(11) DEFAULT NULL,
  `min_amount` double DEFAULT NULL,
  `rd_duration_months` int(11) DEFAULT NULL,
  `reinvest_interest` bit(1) DEFAULT NULL,
  `scheme_name` varchar(255) DEFAULT NULL,
  `organisation_id` bigint(20) DEFAULT NULL,
  PRIMARY KEY (`id`),
  KEY `FKsobsp993p42sw8dafiximvr8e` (`organisation_id`),
  CONSTRAINT `FKsobsp993p42sw8dafiximvr8e` FOREIGN KEY (`organisation_id`) REFERENCES `organisation` (`id`)
) ENGINE=InnoDB DEFAULT CHARSET=latin1;

-- Dumping data for table los_db.schemes_details: ~0 rows (approximately)
DELETE FROM `schemes_details`;
/*!40000 ALTER TABLE `schemes_details` DISABLE KEYS */;
/*!40000 ALTER TABLE `schemes_details` ENABLE KEYS */;

-- Dumping structure for table los_db.security_permission
CREATE TABLE IF NOT EXISTS `security_permission` (
  `id` bigint(20) NOT NULL AUTO_INCREMENT,
  `permission_name` varchar(255) NOT NULL,
  `description` varchar(255) DEFAULT NULL,
  `last_modified` datetime(6) DEFAULT NULL,
  `last_modified_by` varchar(255) DEFAULT NULL,
  PRIMARY KEY (`id`),
  UNIQUE KEY `ux_security_permission__permission_name` (`permission_name`)
) ENGINE=InnoDB AUTO_INCREMENT=65 DEFAULT CHARSET=latin1;

-- Dumping data for table los_db.security_permission: ~63 rows (approximately)
DELETE FROM `security_permission`;
/*!40000 ALTER TABLE `security_permission` DISABLE KEYS */;
INSERT INTO `security_permission` (`id`, `permission_name`, `description`, `last_modified`, `last_modified_by`) VALUES
	(1, 'ROLE_ADMIN', 'This is developer admin role', '2022-08-26 15:34:34.000000', 'ADMIN'),
	(2, 'ROLE_USER', 'This is developer user role', '2022-08-26 10:50:37.000000', 'ADMIN'),
	(3, 'DASHBOARD_VIEW', 'This is dashboard view', '2022-08-26 01:03:38.000000', 'ADMIN'),
	(4, 'USER_EDIT', 'permission for user management specific to Admin and Super admin', '2022-08-26 01:03:38.000000', 'ADMIN'),
	(5, 'USERS_VIEW', 'Permission  for users view only ', '2022-08-26 01:03:38.000000', 'ADMIN'),
	(6, 'SOCIETY_EDIT', 'This is for add, update & delete society', '2022-08-26 01:03:38.000000', 'ADMIN'),
	(7, 'SOCIETY_VIEW', 'Permission  for view only the society', '2022-08-26 01:03:38.000000', 'ADMIN'),
	(8, 'MEMBER_EDIT', 'This is for add, update & delete member', '2022-08-26 01:03:38.000000', 'ADMIN'),
	(9, 'MEMBER_VIEW', 'Permission  for member view only', '2022-08-26 15:34:34.000000', 'ADMIN'),
	(10, 'MEM_BANK_EDIT', 'This is Permission for add, update & delete member bank', '2022-08-26 10:50:37.000000', 'ADMIN'),
	(11, 'MEM_BANK_VIEW', 'Permission  for member bank view only', '2022-08-26 01:03:38.000000', 'ADMIN'),
	(12, 'NOMINEE_EDIT', 'This is Permission for add, update & delete member nominee', '2022-08-26 01:03:38.000000', 'ADMIN'),
	(13, 'NOMINEE_VIEW', 'Permission  for member nominee view only ', '2022-08-26 01:03:38.000000', 'ADMIN'),
	(14, 'BRANCH_EDIT', 'This is Permission for add, update & delete branch', '2022-08-26 01:03:38.000000', 'ADMIN'),
	(15, 'BRANCH_VIEW', 'Permission  for view only the branch', '2022-08-26 01:03:38.000000', 'ADMIN'),
	(16, 'DOC_EDIT', 'This is Permission for add, update & delete documents', '2022-08-26 01:03:38.000000', 'ADMIN'),
	(17, 'DOC_VIEW', 'Permission  for view only the society documents', '2022-08-26 01:03:38.000000', 'ADMIN'),
	(18, 'SHARE_EDIT', 'This is Permission for add, update & delete share', '2022-08-26 01:03:38.000000', 'ADMIN'),
	(19, 'SHARE_VIEW', 'Permission  for view only the share', '2022-08-26 01:03:38.000000', 'ADMIN'),
	(20, 'SOC_PRERE_DOC_EDIT', 'This is Permission for add, update & delete society pre-requisite document', '2022-08-26 01:03:38.000000', 'ADMIN'),
	(21, 'SOC_PRERE_DOC_VIEW', 'Permission  for view only the society pre-requisite document', '2022-08-26 01:03:38.000000', 'ADMIN'),
	(22, 'REGION_EDIT', 'This is Permission for add, update & delete region', '2022-08-26 01:03:38.000000', 'ADMIN'),
	(23, 'REGION_VIEW', 'Permission  for view only the region', '2022-08-26 01:03:38.000000', 'ADMIN'),
	(24, 'SOC_NPA_EDIT', 'This is Permission for add, update & delete society npa setting', '2022-08-26 01:03:38.000000', 'ADMIN'),
	(25, 'SOC_NPA_VIEW', 'Permission  for view only the society npa setting', '2022-08-26 01:03:38.000000', 'ADMIN'),
	(26, 'LEDGER_EDIT', 'This is Permission for add, update & delete ledger account ', '2022-08-26 01:03:38.000000', 'ADMIN'),
	(27, 'LEDGER_VIEW', 'Permission  for view only the ledger account', '2022-08-26 01:03:38.000000', 'ADMIN'),
	(28, 'HEAD_CODE_EDIT', 'This is Permission for add, update & delete account headcode', '2022-08-26 01:03:38.000000', 'ADMIN'),
	(29, 'HEAD_CODE_VIEW', 'Permission  for view only the account headcode', '2022-08-26 01:03:38.000000', 'ADMIN'),
	(30, 'DECLERATION_EDIT', 'This is Permission for add, update & delete decleration of society', '2022-08-26 01:03:38.000000', 'ADMIN'),
	(31, 'DECLERATION_VIEW', 'Permission  for view only the decleration of society', '2022-08-26 01:03:38.000000', 'ADMIN'),
	(32, 'LOAN_CATAG_EDIT', 'This is Permission for add, update & delete loan catagory', '2022-08-26 01:03:38.000000', 'ADMIN'),
	(33, 'LOAN_CATAG_VIEW', 'Permission  for view only the loan catagory', '2022-08-26 01:03:38.000000', 'ADMIN'),
	(34, 'LOAN_PRODUCT_EDIT', 'This is Permission for add, update & delete society loan product', '2022-08-26 01:03:38.000000', 'ADMIN'),
	(35, 'LOAN_PRODUCT_VIEW', 'Permission  for view only the society loan product', '2022-08-26 01:03:38.000000', 'ADMIN'),
	(36, 'GUARANTOR_EDIT', 'This is Permission for add, update & delete member guarantor', '2022-08-26 01:03:38.000000', 'ADMIN'),
	(37, 'GUARANTOR_VIEW', 'Permission  for view only the member guarantor', '2022-08-26 01:03:38.000000', 'ADMIN'),
	(38, 'REMARK_EDIT', 'This is Permission for add, update & delete remark', '2022-08-26 01:03:38.000000', 'ADMIN'),
	(39, 'REMARK_VIEW', 'Permission  for view only the remark', '2022-08-26 01:03:38.000000', 'ADMIN'),
	(40, 'LOAN_ACC_EDIT', 'This is Permission for add, update & delete loan account', '2022-08-26 01:03:38.000000', 'ADMIN'),
	(41, 'LOAN_ACC_VIEW', 'Permission  for view only the loan account', '2022-08-26 01:03:38.000000', 'ADMIN'),
	(42, 'LOAN_APPL_EDIT', 'This is Permission for add, update & delete loan application', '2022-08-26 01:03:38.000000', 'ADMIN'),
	(43, 'LOAN_APPL_VIEW', 'Permission  for view only the loan application', '2022-08-26 01:03:38.000000', 'ADMIN'),
	(44, 'REPAYMENT_EDIT', 'This is Permission for add, update & delete loan repayment', '2022-08-26 01:03:38.000000', 'ADMIN'),
	(45, 'REPAYMENT_VIEW', 'Permission  for view only the loan repayment', '2022-08-26 01:03:38.000000', 'ADMIN'),
	(46, 'PARAMETER_EDIT', 'This is Permission for add, update & delete parameter lookup', '2022-08-26 01:03:38.000000', 'ADMIN'),
	(47, 'PARAMETER_VIEW', 'Permission  for view only the parameter lookup', '2022-08-26 01:03:38.000000', 'ADMIN'),
	(48, 'MEM_ASSET_VIEW', 'Permission  for view only the member assets', '2022-08-26 01:03:38.000000', 'ADMIN'),
	(49, 'MEM_ASSET_EDIT', 'This is Permission for add, update & delete member asset', '2022-08-26 01:03:38.000000', 'ADMIN'),
	(51, 'LOAN_AGREEMENT_EDIT', 'This is Permission for add, update & delete loan agreement ', '2022-08-26 01:03:38.000000', 'ADMIN'),
	(52, 'LOAN_AGREEMENT_VIEW', 'Permission  for view only the loan agreement', '2022-08-26 01:03:38.000000', 'ADMIN'),
	(53, 'INTEREST_CONFIG_VIEW', 'Permission  for view only the loan agreement', '2022-08-26 01:03:38.000000', 'ADMIN'),
	(54, 'INTEREST_CONFIG_EDIT', 'Permission  for view only the loan agreement', '2022-08-26 01:03:38.000000', 'ADMIN'),
	(55, 'NOTIFICATION_EDIT', 'Permission  for view only the loan agreement', '2022-08-26 01:03:38.000000', 'ADMIN'),
	(56, 'NOTIFICATION_VIEW', 'Permission  for view only the loan agreement', '2022-10-08 01:03:38.000000', 'ADMIN'),
	(57, 'USER_LIST_VIEW', 'Permission  for view only the loan agreement', '2022-10-26 01:03:38.000000', 'ADMIN'),
	(58, 'LOAN_LIST_VIEW', 'Permission  for view only the loan agreement', '2022-10-26 01:03:38.000000', 'ADMIN'),
	(59, 'BRANCH_LIST_VIEW', 'Permission  for view only the loan agreement', '2022-10-26 01:03:38.000000', 'ADMIN'),
	(60, 'EDIT_LOAN_PROGRESS', 'this is the special permissions required for update the status of loan file like update status , give remark etc', '2022-10-27 11:08:00.000000', 'Subhash'),
	(61, 'DOC_VERIFY', 'This permission required for uploaded document verification while onboarding process.', '2022-10-28 05:34:00.000000', 'Subhash'),
	(62, 'DASHBOARD_MAKER_VIEW', 'This permission required view dashboard for maker.', '2022-10-28 05:34:00.000000', 'ADMIN'),
	(63, 'DASHBOARD_PO_VIEW', 'This permission required view dashboard for checker.', '2022-10-28 05:34:00.000000', 'ADMIN'),
	(64, 'DASHBOARD_CEO_VIEW', 'This permission required view dashboard for CEO.', '2022-10-28 05:34:00.000000', 'ADMIN');
/*!40000 ALTER TABLE `security_permission` ENABLE KEYS */;

-- Dumping structure for table los_db.security_role
CREATE TABLE IF NOT EXISTS `security_role` (
  `id` bigint(20) NOT NULL AUTO_INCREMENT,
  `role_name` varchar(255) NOT NULL,
  `description` varchar(255) DEFAULT NULL,
  `last_modified` datetime(6) DEFAULT NULL,
  `last_modified_by` varchar(255) DEFAULT NULL,
  PRIMARY KEY (`id`),
  UNIQUE KEY `ux_security_role__role_name` (`role_name`)
) ENGINE=InnoDB AUTO_INCREMENT=12 DEFAULT CHARSET=latin1;

-- Dumping data for table los_db.security_role: ~11 rows (approximately)
DELETE FROM `security_role`;
/*!40000 ALTER TABLE `security_role` DISABLE KEYS */;
INSERT INTO `security_role` (`id`, `role_name`, `description`, `last_modified`, `last_modified_by`) VALUES
	(1, 'ROLE_SUPER_ADMIN', 'Super Admin', '2022-10-07 15:33:00.000000', 'VG Team'),
	(2, 'ROLE_ORG_ADMIN', 'Admin', '2022-10-07 16:25:18.000000', 'VG Team'),
	(3, 'ROLE_HEAD_OFFICE', 'Head office', '2022-10-07 16:54:59.000000', 'VG Team'),
	(4, 'ROLE_CEO', 'Chief executive officer', '2022-10-07 16:54:59.000000', 'VG Team'),
	(5, 'ROLE_SANCTIONER', 'Loan sanction officer', '2022-10-07 16:54:59.000000', 'VG Team'),
	(6, 'ROLE_COMMUNITY_MEMBER', 'Community member', '2022-10-07 16:54:00.000000', 'VG Team'),
	(7, 'ROLE_MAKER', 'Maker', '2022-10-07 16:54:00.000000', 'VG Team'),
	(8, 'ROLE_CHECKER', 'Passing Officer', '2022-10-07 16:54:00.000000', 'VG Team'),
	(9, 'ROLE_VALUATOR', 'Property valuation officer', '2022-10-07 16:54:59.000000', 'VG Team'),
	(10, 'ROLE_LEGAL_ADVISOR', 'Legalisation advocate', '2022-10-07 16:54:59.000000', 'VG Team'),
	(11, 'ROLE_DIRECTOR', 'Director', '2022-11-16 16:54:59.000000', 'VG Team');
/*!40000 ALTER TABLE `security_role` ENABLE KEYS */;

-- Dumping structure for table los_db.security_user
CREATE TABLE IF NOT EXISTS `security_user` (
  `id` bigint(20) NOT NULL AUTO_INCREMENT,
  `first_name` varchar(255) DEFAULT NULL,
  `last_name` varchar(255) DEFAULT NULL,
  `designation` varchar(255) DEFAULT NULL,
  `username` varchar(255) NOT NULL,
  `password_hash` varchar(255) NOT NULL,
  `mobile_no` varchar(255) DEFAULT NULL,
  `email` varchar(255) DEFAULT NULL,
  `description` varchar(255) DEFAULT NULL,
  `department` varchar(255) DEFAULT NULL,
  `image_url` longblob,
  `image_url_content_type` varchar(255) DEFAULT NULL,
  `is_activated` bit(1) DEFAULT NULL,
  `lang_key` varchar(255) DEFAULT NULL,
  `activation_key` varchar(255) DEFAULT NULL,
  `reset_key` varchar(255) DEFAULT NULL,
  `reset_date` datetime(6) DEFAULT NULL,
  `created_by` varchar(255) DEFAULT NULL,
  `created_on` datetime(6) DEFAULT NULL,
  `last_modified` datetime(6) DEFAULT NULL,
  `last_modified_by` varchar(255) DEFAULT NULL,
  `free_field_1` varchar(255) DEFAULT NULL,
  `free_field_2` varchar(255) DEFAULT NULL,
  `free_field_3` varchar(255) DEFAULT NULL,
  `free_field_4` varchar(255) DEFAULT NULL,
  `branch_id` bigint(20) DEFAULT NULL,
  `organisation_id` bigint(20) DEFAULT NULL,
  `employee_id` varchar(255) DEFAULT NULL,
  PRIMARY KEY (`id`),
  UNIQUE KEY `ux_security_user__username` (`username`),
  UNIQUE KEY `ux_security_user__email` (`email`),
  KEY `FKi5y9dp0cv6sgjvxy6r2rb9xn3` (`branch_id`),
  KEY `FKo301i6k55fr00sahfemu1jmgt` (`organisation_id`),
  CONSTRAINT `FKi5y9dp0cv6sgjvxy6r2rb9xn3` FOREIGN KEY (`branch_id`) REFERENCES `branch` (`id`),
  CONSTRAINT `FKo301i6k55fr00sahfemu1jmgt` FOREIGN KEY (`organisation_id`) REFERENCES `organisation` (`id`)
) ENGINE=InnoDB AUTO_INCREMENT=15 DEFAULT CHARSET=latin1;

-- Dumping data for table los_db.security_user: ~11 rows (approximately)
DELETE FROM `security_user`;
/*!40000 ALTER TABLE `security_user` DISABLE KEYS */;
INSERT INTO `security_user` (`id`, `first_name`, `last_name`, `designation`, `username`, `password_hash`, `mobile_no`, `email`, `description`, `department`, `image_url`, `image_url_content_type`, `is_activated`, `lang_key`, `activation_key`, `reset_key`, `reset_date`, `created_by`, `created_on`, `last_modified`, `last_modified_by`, `free_field_1`, `free_field_2`, `free_field_3`, `free_field_4`, `branch_id`, `organisation_id`, `employee_id`) VALUES
	(1, 'Super', 'Admin', 'Super Admin', 'super_admin', '$2a$10$gSAhZrxMllrbgj/kkK9UceBPpChGWJA7SYIb1Mqo.n5aNLq1/oRrC', '9394948474', 'superadmin@gmail.com', 'Super Admin', 'devloper', NULL, NULL, b'1', NULL, NULL, NULL, '2022-08-25 18:22:37.000000', 'VG user', '2022-08-25 18:23:11.000000', NULL, NULL, NULL, NULL, NULL, NULL, NULL, 1, NULL),
	(2, 'Subhash', 'Gaikwad', ' Admin', 'admin', '$2a$10$gSAhZrxMllrbgj/kkK9UceBPpChGWJA7SYIb1Mqo.n5aNLq1/oRrC', '9694008477', 'admin@gmail.com', 'Admin', 'Admin Department', NULL, NULL, b'1', NULL, NULL, NULL, '2022-08-25 18:22:37.000000', 'VG user', '2022-08-25 18:23:11.000000', NULL, NULL, NULL, NULL, NULL, NULL, 1, 1, NULL),
	(3, 'Dinesh', 'Gaikwad', 'Maker', 'org_maker', '$2a$10$gSAhZrxMllrbgj/kkK9UceBPpChGWJA7SYIb1Mqo.n5aNLq1/oRrC', '9994008476', 'societyclerk@gmail.com', 'Clerk', 'Clerk Department', NULL, NULL, b'1', NULL, NULL, NULL, '2022-08-25 18:22:37.000000', 'VG user', '2022-08-25 18:23:11.000000', NULL, NULL, NULL, NULL, NULL, NULL, 1, 1, NULL),
	(4, 'Rahul', 'Gaikwad', 'Head officer', 'org_headofficer', '$2a$10$gSAhZrxMllrbgj/kkK9UceBPpChGWJA7SYIb1Mqo.n5aNLq1/oRrC', '9994008476', 'societyhead@gmail.com', 'Chair person', 'Admin Department', NULL, NULL, b'1', NULL, NULL, NULL, '2022-08-25 18:22:37.000000', 'VG user', '2022-08-25 18:23:11.000000', NULL, NULL, NULL, NULL, NULL, NULL, 1, 1, NULL),
	(5, 'Deepak', 'Shinde', 'Passing Officer', 'org_checker', '$2a$10$gSAhZrxMllrbgj/kkK9UceBPpChGWJA7SYIb1Mqo.n5aNLq1/oRrC', '9994008476', 'clerk@gmail.com', 'Passing officer', 'Validator Department', NULL, NULL, b'1', NULL, NULL, NULL, '2022-08-25 18:22:37.000000', 'VG user', '2022-08-25 18:23:11.000000', NULL, NULL, NULL, NULL, NULL, NULL, 1, 1, NULL),
	(6, 'Shubham', 'Shinde', 'Valuator', 'org_valuator', '$2a$10$gSAhZrxMllrbgj/kkK9UceBPpChGWJA7SYIb1Mqo.n5aNLq1/oRrC', '9994008476', 'valuator@gmail.com', 'valuation officer', 'Validator Department', NULL, NULL, b'1', NULL, NULL, NULL, '2022-08-25 18:22:37.000000', 'VG user', '2022-08-25 18:23:11.000000', NULL, NULL, NULL, NULL, NULL, NULL, 1, 1, NULL),
	(7, 'Sivani', 'Shinde', 'Legal Advisor', 'org_advocate', '$2a$10$gSAhZrxMllrbgj/kkK9UceBPpChGWJA7SYIb1Mqo.n5aNLq1/oRrC', '9994008476', 'advocate@gmail.com', 'Legal Advisor', 'Validator Department', NULL, NULL, b'1', NULL, NULL, NULL, '2022-08-25 18:22:37.000000', 'VG user', '2022-08-25 18:23:11.000000', NULL, NULL, NULL, NULL, NULL, NULL, 1, 1, NULL),
	(8, 'Scrutiny', 'Committee', 'Scrutiny Committee', 'org_committee', '$2a$10$gSAhZrxMllrbgj/kkK9UceBPpChGWJA7SYIb1Mqo.n5aNLq1/oRrC', '9755445454', 'scrutinycommittee@lok.org.com', NULL, NULL, NULL, NULL, b'1', NULL, NULL, NULL, NULL, 'super_admin', '2022-10-28 12:10:10.207165', NULL, NULL, NULL, NULL, NULL, NULL, 1, 1, NULL),
	(9, 'DSFSD', 'SDFSD', 'erwer', 'tttttttt', '$2a$10$XB60XJ7PV.r8aLCigVOELeTJhanaU2VPJGyrICbNpo8yf0z.Aalja', '5675756756', 'sdfsdf@gmail.com', NULL, NULL, NULL, NULL, b'1', NULL, NULL, NULL, NULL, 'super_admin', '2022-11-16 06:17:01.523207', '2022-11-16 06:17:01.481000', 'SuperAdmin', NULL, NULL, NULL, NULL, 2, 2, '543534534'),
	(13, 'Sonali', 'Kulkarni', 'Director', 'org_director', '$2a$10$gSAhZrxMllrbgj/kkK9UceBPpChGWJA7SYIb1Mqo.n5aNLq1/oRrC', '9755440045', 'director@lok.org.com', 'Diector', 'Director department', NULL, NULL, b'1', NULL, NULL, NULL, NULL, 'super_admin', '2022-10-28 12:10:10.207165', '2022-11-14 11:09:21.000000', NULL, NULL, NULL, NULL, NULL, 1, 1, NULL),
	(14, 'Shivani', 'Kulkarni', 'Sanction officer', 'org_sanctioner', '$2a$10$gSAhZrxMllrbgj/kkK9UceBPpChGWJA7SYIb1Mqo.n5aNLq1/oRrC', '9755440045', 'sanctioner@lok.org.com', 'Sanction', 'Sanction department', NULL, NULL, b'1', NULL, NULL, NULL, NULL, 'super_admin', '2022-10-28 12:10:10.207165', '2022-11-14 11:09:21.000000', NULL, NULL, NULL, NULL, NULL, 1, 1, NULL);
/*!40000 ALTER TABLE `security_user` ENABLE KEYS */;

-- Dumping structure for table los_db.sequence_generator
CREATE TABLE IF NOT EXISTS `sequence_generator` (
  `id` bigint(20) NOT NULL AUTO_INCREMENT,
  `next_val_member` bigint(20) DEFAULT NULL,
  `next_val_loan_app` bigint(20) DEFAULT NULL,
  `next_val_loan_account` bigint(20) DEFAULT NULL,
  `next_val_voucher` bigint(20) DEFAULT NULL,
  `free_field_1` bigint(20) DEFAULT NULL,
  `free_field_2` bigint(20) DEFAULT NULL,
  `free_field_3` bigint(20) DEFAULT NULL,
  `free_field_4` bigint(20) DEFAULT NULL,
  `free_field_5` bigint(20) DEFAULT NULL,
  `branch_id` bigint(20) DEFAULT NULL,
  `organisation_id` bigint(20) DEFAULT NULL,
  PRIMARY KEY (`id`),
  UNIQUE KEY `ux_sequence_generator__branch_id` (`branch_id`),
  UNIQUE KEY `UK_hlluh68hc1rg2ruo2srh73njv` (`organisation_id`),
  CONSTRAINT `FK2wtlk78u7kna3klya6lgdnelf` FOREIGN KEY (`branch_id`) REFERENCES `branch` (`id`),
  CONSTRAINT `FKm1wlm93s0w4hph0xfg3u1ftq0` FOREIGN KEY (`organisation_id`) REFERENCES `organisation` (`id`)
) ENGINE=InnoDB AUTO_INCREMENT=8 DEFAULT CHARSET=latin1;

-- Dumping data for table los_db.sequence_generator: ~5 rows (approximately)
DELETE FROM `sequence_generator`;
/*!40000 ALTER TABLE `sequence_generator` DISABLE KEYS */;
INSERT INTO `sequence_generator` (`id`, `next_val_member`, `next_val_loan_app`, `next_val_loan_account`, `next_val_voucher`, `free_field_1`, `free_field_2`, `free_field_3`, `free_field_4`, `free_field_5`, `branch_id`, `organisation_id`) VALUES
	(1, 1, 7, 2, 1, NULL, NULL, NULL, NULL, NULL, 1, NULL),
	(2, 1, 1, 1, 1, NULL, NULL, NULL, NULL, NULL, 2, NULL),
	(5, 30, NULL, NULL, NULL, NULL, NULL, NULL, NULL, NULL, NULL, 1),
	(6, 1, NULL, NULL, NULL, NULL, NULL, NULL, NULL, NULL, NULL, 2),
	(7, 1, NULL, NULL, NULL, NULL, NULL, NULL, NULL, NULL, NULL, 3);
/*!40000 ALTER TABLE `sequence_generator` ENABLE KEYS */;

-- Dumping structure for table los_db.state
CREATE TABLE IF NOT EXISTS `state` (
  `id` bigint(20) NOT NULL AUTO_INCREMENT,
  `state_name` varchar(255) NOT NULL,
  `is_deleted` bit(1) DEFAULT NULL,
  `lgd_code` bigint(20) DEFAULT NULL,
  `last_modified` datetime(6) DEFAULT NULL,
  `last_modified_by` varchar(255) DEFAULT NULL,
  PRIMARY KEY (`id`),
  UNIQUE KEY `ux_state__state_name` (`state_name`)
) ENGINE=InnoDB AUTO_INCREMENT=2 DEFAULT CHARSET=latin1;

-- Dumping data for table los_db.state: ~0 rows (approximately)
DELETE FROM `state`;
/*!40000 ALTER TABLE `state` DISABLE KEYS */;
INSERT INTO `state` (`id`, `state_name`, `is_deleted`, `lgd_code`, `last_modified`, `last_modified_by`) VALUES
	(1, 'Maharashtra', b'0', 27, '2021-05-25 18:13:48.000000', 'admin');
/*!40000 ALTER TABLE `state` ENABLE KEYS */;

-- Dumping structure for table los_db.taluka
CREATE TABLE IF NOT EXISTS `taluka` (
  `id` bigint(20) NOT NULL AUTO_INCREMENT,
  `taluka_name` varchar(255) NOT NULL,
  `is_deleted` bit(1) DEFAULT NULL,
  `last_modified` datetime NOT NULL,
  `last_modified_by` varchar(255) NOT NULL,
  `district_id` bigint(20) DEFAULT NULL,
  `lgd_code` bigint(20) DEFAULT NULL,
  PRIMARY KEY (`id`),
  KEY `fk_taluka_district_id` (`district_id`),
  CONSTRAINT `fk_taluka_district_id` FOREIGN KEY (`district_id`) REFERENCES `district` (`id`)
) ENGINE=InnoDB AUTO_INCREMENT=374 DEFAULT CHARSET=utf8;

-- Dumping data for table los_db.taluka: ~359 rows (approximately)
DELETE FROM `taluka`;
/*!40000 ALTER TABLE `taluka` DISABLE KEYS */;
INSERT INTO `taluka` (`id`, `taluka_name`, `is_deleted`, `last_modified`, `last_modified_by`, `district_id`, `lgd_code`) VALUES
	(1, 'Nagar', b'0', '2021-05-11 18:30:00', 'System', 1, 4281),
	(2, 'Shevgaon', b'0', '2021-05-11 18:30:00', 'System', 1, 4288),
	(3, 'Pathardi', b'0', '2021-05-11 18:30:00', 'System', 1, 4284),
	(5, 'Parner', b'0', '2021-05-11 18:30:00', 'System', 1, 4283),
	(6, 'Sangamner', b'0', '2021-05-11 18:30:00', 'System', 1, 4287),
	(7, 'Kopargaon', b'0', '2021-05-11 18:30:00', 'System', 1, 4280),
	(8, 'Akole', b'0', '2021-05-11 18:30:00', 'System', 1, 4277),
	(9, 'Shrirampur', b'0', '2021-05-11 18:30:00', 'System', 1, 4290),
	(10, 'Nevasa', b'0', '2021-05-11 18:30:00', 'System', 1, 4282),
	(11, 'Rahata', b'0', '2021-05-11 18:30:00', 'System', 1, 4285),
	(12, 'Rahuri', b'0', '2021-05-11 18:30:00', 'System', 1, 4286),
	(13, 'Shrigonda', b'0', '2021-05-11 18:30:00', 'System', 1, 4289),
	(14, 'Karjat', b'0', '2021-05-11 18:30:00', 'System', 1, 4279),
	(16, 'Jamkhed', b'0', '2021-05-11 18:30:00', 'System', 1, 4278),
	(17, 'Akola', b'0', '2021-05-11 18:30:00', 'System', 2, 4291),
	(18, 'Akot', b'0', '2021-05-11 18:30:00', 'System', 2, 4292),
	(19, 'Telhara', b'0', '2021-05-11 18:30:00', 'System', 2, 4297),
	(20, 'Balapur', b'0', '2021-05-11 18:30:00', 'System', 2, 4293),
	(21, 'Patur', b'0', '2021-05-11 18:30:00', 'System', 2, 4296),
	(22, 'Murtajapur', b'0', '2021-05-11 18:30:00', 'System', 2, 4295),
	(23, 'Barshitakli', b'0', '2021-05-11 18:30:00', 'System', 2, 4294),
	(24, 'Amravati', b'0', '2021-05-11 18:30:00', 'System', 3, 4299),
	(25, 'Bhatukali', b'0', '2021-05-11 18:30:00', 'System', 3, 4301),
	(26, 'Nandgaon Khandeshwar', b'0', '2021-05-11 18:30:00', 'System', 3, 4309),
	(27, 'Dharni (Amravati)', b'0', '2021-05-11 18:30:00', 'System', 3, 4307),
	(28, 'Chikhaldara', b'0', '2021-05-11 18:30:00', 'System', 3, 4304),
	(29, 'Achalpur', b'0', '2021-05-11 18:30:00', 'System', 3, 4298),
	(30, 'Chandurbazar', b'0', '2021-05-11 18:30:00', 'System', 3, 4303),
	(31, 'Morshi', b'0', '2021-05-11 18:30:00', 'System', 3, 4308),
	(32, 'Warud', b'0', '2021-05-11 18:30:00', 'System', 3, 4311),
	(33, 'Daryapur', b'0', '2021-05-11 18:30:00', 'System', 3, 4305),
	(34, 'Anjangaon-Surji', b'0', '2021-05-11 18:30:00', 'System', 3, 4300),
	(35, 'Chandur', b'0', '2021-05-11 18:30:00', 'System', 3, 4302),
	(36, 'Dhamangaon', b'0', '2021-05-11 18:30:00', 'System', 3, 4306),
	(37, 'Tiosa', b'0', '2021-05-11 18:30:00', 'System', 3, 4310),
	(38, 'Aurangabad', b'0', '2021-05-11 18:30:00', 'System', 4, 4312),
	(39, 'Kannad', b'0', '2021-05-11 18:30:00', 'System', 4, 4314),
	(41, 'Soegaon', b'0', '2021-05-11 18:30:00', 'System', 4, 4319),
	(48, 'Sillod', b'0', '2021-05-11 18:30:00', 'System', 4, 4318),
	(49, 'Phulambri', b'0', '2021-05-11 18:30:00', 'System', 4, 4317),
	(50, 'Khuldabad', b'0', '2021-05-11 18:30:00', 'System', 4, 4315),
	(51, 'Vaijapur', b'0', '2021-05-11 18:30:00', 'System', 4, 4320),
	(52, 'Gangapur', b'0', '2021-05-11 18:30:00', 'System', 4, 4313),
	(53, 'Paithan', b'0', '2021-05-11 18:30:00', 'System', 4, 4316),
	(54, 'Beed', b'0', '2021-05-11 18:30:00', 'System', 5, 4323),
	(55, 'Ashti', b'0', '2021-05-11 18:30:00', 'System', 5, 4322),
	(56, 'Patoda', b'0', '2021-05-11 18:30:00', 'System', 5, 4329),
	(57, 'Shirur-Kasar', b'0', '2021-05-11 18:30:00', 'System', 5, 4330),
	(58, 'Georai', b'0', '2021-05-11 18:30:00', 'System', 5, 4325),
	(59, 'Majalgaon', b'0', '2021-05-11 18:30:00', 'System', 5, 4327),
	(60, 'Wadwani', b'0', '2021-05-11 18:30:00', 'System', 5, 4331),
	(61, 'Kaij', b'0', '2021-05-11 18:30:00', 'System', 5, 4326),
	(62, 'Dharur', b'0', '2021-05-11 18:30:00', 'System', 5, 4324),
	(63, 'Parli', b'0', '2021-05-11 18:30:00', 'System', 5, 4328),
	(64, 'Ambejogai', b'0', '2021-05-11 18:30:00', 'System', 5, 4321),
	(66, 'Bhandara', b'0', '2021-05-11 18:30:00', 'System', 6, 4332),
	(67, 'Tumsar', b'0', '2021-05-11 18:30:00', 'System', 6, 4338),
	(68, 'Pauni', b'0', '2021-05-11 18:30:00', 'System', 6, 4336),
	(69, 'Mohadi', b'0', '2021-05-11 18:30:00', 'System', 6, 4335),
	(70, 'Sakoli', b'0', '2021-05-11 18:30:00', 'System', 6, 4337),
	(71, 'Lakhni', b'0', '2021-05-11 18:30:00', 'System', 6, 4334),
	(72, 'Lakhandur', b'0', '2021-05-11 18:30:00', 'System', 6, 4333),
	(76, 'Buldhana', b'0', '2021-05-11 18:30:00', 'System', 7, 4339),
	(77, 'Chikhli', b'0', '2021-05-11 18:30:00', 'System', 7, 4340),
	(78, 'Deulgaon Raja', b'0', '2021-05-11 18:30:00', 'System', 7, 4341),
	(79, 'Jalgaon Jamod', b'0', '2021-05-11 18:30:00', 'System', 7, 4342),
	(80, 'Sangrampur', b'0', '2021-05-11 18:30:00', 'System', 7, 4349),
	(81, 'Malkapur', b'0', '2021-05-11 18:30:00', 'System', 7, 4345),
	(82, 'Motala', b'0', '2021-05-11 18:30:00', 'System', 7, 4347),
	(83, 'Nandura', b'0', '2021-05-11 18:30:00', 'System', 7, 4348),
	(84, 'Khamgaon', b'0', '2021-05-11 18:30:00', 'System', 7, 4343),
	(85, 'Shegaon', b'0', '2021-05-11 18:30:00', 'System', 7, 4350),
	(86, 'Mehkar', b'0', '2021-05-11 18:30:00', 'System', 7, 4346),
	(87, 'Sindkhed Raja', b'0', '2021-05-11 18:30:00', 'System', 7, 4351),
	(88, 'Lonar', b'0', '2021-05-11 18:30:00', 'System', 7, 4344),
	(89, 'Chandrapur', b'0', '2021-05-11 18:30:00', 'System', 8, 4355),
	(90, 'Saoli', b'0', '2021-05-11 18:30:00', 'System', 8, 4364),
	(91, 'Mul', b'0', '2021-05-11 18:30:00', 'System', 8, 4360),
	(92, 'Ballarpur', b'0', '2021-05-11 18:30:00', 'System', 8, 4352),
	(93, 'Pombhurna', b'0', '2021-05-11 18:30:00', 'System', 8, 4362),
	(94, 'Gondpimpri', b'0', '2021-05-11 18:30:00', 'System', 8, 4357),
	(95, 'Warora', b'0', '2021-05-11 18:30:00', 'System', 8, 4366),
	(96, 'Chimur', b'0', '2021-05-11 18:30:00', 'System', 8, 4356),
	(97, 'Bhadravati', b'0', '2021-05-11 18:30:00', 'System', 8, 4353),
	(98, 'Bramhapuri', b'0', '2021-05-11 18:30:00', 'System', 8, 4354),
	(99, 'Nagbhid', b'0', '2021-05-11 18:30:00', 'System', 8, 4361),
	(100, 'Sindewahi', b'0', '2021-05-11 18:30:00', 'System', 8, 4365),
	(101, 'Rajura', b'0', '2021-05-11 18:30:00', 'System', 8, 4363),
	(102, 'Korpana', b'0', '2021-05-11 18:30:00', 'System', 8, 4359),
	(103, 'Jivati', b'0', '2021-05-11 18:30:00', 'System', 8, 4358),
	(104, 'Dhule', b'0', '2021-05-11 18:30:00', 'System', 9, 4367),
	(105, 'Sakri', b'0', '2021-05-11 18:30:00', 'System', 9, 4368),
	(106, 'Sindkheda', b'0', '2021-05-11 18:30:00', 'System', 9, 4369),
	(107, 'Shirpur', b'0', '2021-05-11 18:30:00', 'System', 9, 4370),
	(108, 'Gadchiroli', b'0', '2021-05-11 18:30:00', 'System', 10, 4378),
	(109, 'Dhanora', b'0', '2021-05-11 18:30:00', 'System', 10, 4376),
	(110, 'Chamorshi', b'0', '2021-05-11 18:30:00', 'System', 10, 4374),
	(111, 'Mulchera', b'0', '2021-05-11 18:30:00', 'System', 10, 4381),
	(112, 'Desaiganj (Vadasa)', b'0', '2021-05-11 18:30:00', 'System', 10, 4375),
	(113, 'Armori', b'0', '2021-05-11 18:30:00', 'System', 10, 4372),
	(114, 'Kurkheda', b'0', '2021-05-11 18:30:00', 'System', 10, 4380),
	(115, 'Korchi', b'0', '2021-05-11 18:30:00', 'System', 10, 4379),
	(116, 'Aheri', b'0', '2021-05-11 18:30:00', 'System', 10, 4371),
	(117, 'Bhamragad', b'0', '2021-05-11 18:30:00', 'System', 10, 4373),
	(118, 'Sironcha', b'0', '2021-05-11 18:30:00', 'System', 10, 4382),
	(119, 'Gondia', b'0', '2021-05-11 18:30:00', 'System', 11, 4386),
	(120, 'Tirora', b'0', '2021-05-11 18:30:00', 'System', 11, 4390),
	(121, 'Goregaon', b'0', '2021-05-11 18:30:00', 'System', 11, 4387),
	(122, 'Arjuni Morgaon', b'0', '2021-05-11 18:30:00', 'System', 11, 4384),
	(123, 'Amgaon', b'0', '2021-05-11 18:30:00', 'System', 11, 4383),
	(124, 'Salekasa', b'0', '2021-05-11 18:30:00', 'System', 11, 4389),
	(125, 'Sadak Arjuni', b'0', '2021-05-11 18:30:00', 'System', 11, 4388),
	(126, 'Deori', b'0', '2021-05-11 18:30:00', 'System', 11, 4385),
	(127, 'Hingoli', b'0', '2021-05-11 18:30:00', 'System', 12, 4393),
	(128, 'Sengaon', b'0', '2021-05-11 18:30:00', 'System', 12, 4395),
	(129, 'Kalamnuri', b'0', '2021-05-11 18:30:00', 'System', 12, 4394),
	(130, 'Basmath', b'0', '2021-05-11 18:30:00', 'System', 12, 4392),
	(131, 'Aundha Nagnath', b'0', '2021-05-11 18:30:00', 'System', 12, 4391),
	(132, 'Jalgaon', b'0', '2021-05-11 18:30:00', 'System', 13, 4404),
	(133, 'Jamner', b'0', '2021-05-11 18:30:00', 'System', 13, 4405),
	(134, 'Erandol', b'0', '2021-05-11 18:30:00', 'System', 13, 4403),
	(135, 'Dharangaon', b'0', '2021-05-11 18:30:00', 'System', 13, 4402),
	(136, 'Bhusawal', b'0', '2021-05-11 18:30:00', 'System', 13, 4398),
	(137, 'Raver', b'0', '2021-05-11 18:30:00', 'System', 13, 4409),
	(138, 'Muktainagar (Edalabad)', b'0', '2021-05-11 18:30:00', 'System', 13, 4406),
	(139, 'Bodwad', b'0', '2021-05-11 18:30:00', 'System', 13, 4399),
	(140, 'Yawal', b'0', '2021-05-11 18:30:00', 'System', 13, 4410),
	(141, 'Amalner', b'0', '2021-05-11 18:30:00', 'System', 13, 4396),
	(142, 'Parola', b'0', '2021-05-11 18:30:00', 'System', 13, 4408),
	(143, 'Chopda', b'0', '2021-05-11 18:30:00', 'System', 13, 4401),
	(145, 'Pachora', b'0', '2021-05-11 18:30:00', 'System', 13, 4407),
	(146, 'Bhadgaon', b'0', '2021-05-11 18:30:00', 'System', 13, 4397),
	(147, 'Chalisgaon', b'0', '2021-05-11 18:30:00', 'System', 13, 4400),
	(148, 'Jalna', b'0', '2021-05-11 18:30:00', 'System', 14, 4416),
	(149, 'Bhokardan', b'0', '2021-05-11 18:30:00', 'System', 14, 4413),
	(150, 'Jafrabad', b'0', '2021-05-11 18:30:00', 'System', 14, 4415),
	(151, 'Badnapur', b'0', '2021-05-11 18:30:00', 'System', 14, 4412),
	(152, 'Ambad', b'0', '2021-05-11 18:30:00', 'System', 14, 4411),
	(153, 'Ghansawangi', b'0', '2021-05-11 18:30:00', 'System', 14, 4414),
	(154, 'Partur', b'0', '2021-05-11 18:30:00', 'System', 14, 4418),
	(155, 'Mantha', b'0', '2021-05-11 18:30:00', 'System', 14, 4417),
	(156, 'Karvir', b'0', '2021-05-11 18:30:00', 'System', 15, 4426),
	(157, 'Panhala', b'0', '2021-05-11 18:30:00', 'System', 15, 4427),
	(158, 'Shahuwadi', b'0', '2021-05-11 18:30:00', 'System', 15, 4429),
	(159, 'Kagal', b'0', '2021-05-11 18:30:00', 'System', 15, 4425),
	(160, 'Hatkanangale', b'0', '2021-05-11 18:30:00', 'System', 15, 4424),
	(161, 'Shirol', b'0', '2021-05-11 18:30:00', 'System', 15, 4430),
	(162, 'Radhanagari', b'0', '2021-05-11 18:30:00', 'System', 15, 4428),
	(163, 'Gaganbawada', b'0', '2021-05-11 18:30:00', 'System', 15, 4420),
	(164, 'Bhudargad', b'0', '2021-05-11 18:30:00', 'System', 15, 4421),
	(165, 'Gadhinglaj', b'0', '2021-05-11 18:30:00', 'System', 15, 4423),
	(166, 'Chandgad', b'0', '2021-05-11 18:30:00', 'System', 15, 4422),
	(167, 'Ajra', b'0', '2021-05-11 18:30:00', 'System', 15, 4419),
	(168, 'Latur', b'0', '2021-05-11 18:30:00', 'System', 16, 4436),
	(169, 'Renapur', b'0', '2021-05-11 18:30:00', 'System', 16, 4438),
	(170, 'Ahmedpur', b'0', '2021-05-11 18:30:00', 'System', 16, 4431),
	(171, 'Jalkot', b'0', '2021-05-11 18:30:00', 'System', 16, 4435),
	(172, 'Chakur', b'0', '2021-05-11 18:30:00', 'System', 16, 4433),
	(173, 'Shirur Anantpal', b'0', '2021-05-11 18:30:00', 'System', 16, 4439),
	(174, 'Ausa', b'0', '2021-05-11 18:30:00', 'System', 16, 4432),
	(175, 'Nilanga', b'0', '2021-05-11 18:30:00', 'System', 16, 4437),
	(176, 'Deoni', b'0', '2021-05-11 18:30:00', 'System', 16, 4434),
	(177, 'Udgir', b'0', '2021-05-11 18:30:00', 'System', 16, 4440),
	(178, 'Kurla (Mulund)', b'0', '2021-05-11 18:30:00', 'System', 18, NULL),
	(179, 'Andheri', b'0', '2021-05-11 18:30:00', 'System', 18, NULL),
	(180, 'Borivali', b'0', '2021-05-11 18:30:00', 'System', 18, NULL),
	(181, 'Nagpur (Rural)', b'0', '2021-07-01 06:48:15', 'admin', 19, 4451),
	(182, 'Nagpur (Urban)', b'0', '2021-07-01 06:48:31', 'admin', 19, NULL),
	(183, 'Kamptee', b'0', '2021-05-11 18:30:00', 'System', 19, 4447),
	(184, 'Hingna', b'0', '2021-05-11 18:30:00', 'System', 19, 4445),
	(185, 'Katol', b'0', '2021-05-11 18:30:00', 'System', 19, 4448),
	(186, 'Narkhed', b'0', '2021-05-11 18:30:00', 'System', 19, 4452),
	(187, 'Savner', b'0', '2021-05-11 18:30:00', 'System', 19, 4455),
	(188, 'Kalameshwar', b'0', '2021-05-11 18:30:00', 'System', 19, 4446),
	(189, 'Ramtek', b'0', '2021-05-11 18:30:00', 'System', 19, 4454),
	(190, 'Mouda', b'0', '2021-05-11 18:30:00', 'System', 19, 4450),
	(191, 'Parseoni', b'0', '2021-05-11 18:30:00', 'System', 19, 4453),
	(192, 'Umred', b'0', '2021-05-11 18:30:00', 'System', 19, 4456),
	(193, 'Kuhi', b'0', '2021-05-11 18:30:00', 'System', 19, 4449),
	(194, 'Bhiwapur', b'0', '2021-05-11 18:30:00', 'System', 19, 4444),
	(195, 'Nanded', b'0', '2021-05-11 18:30:00', 'System', 20, 4471),
	(196, 'Ardhapur', b'0', '2021-05-11 18:30:00', 'System', 20, 4457),
	(197, 'Mudkhed', b'0', '2021-05-11 18:30:00', 'System', 20, 4468),
	(198, 'Bhokar', b'0', '2021-05-11 18:30:00', 'System', 20, 4458),
	(199, 'Umri', b'0', '2021-05-11 18:30:00', 'System', 20, 4472),
	(200, 'Loha', b'0', '2021-05-11 18:30:00', 'System', 20, 4466),
	(201, 'Kandhar', b'0', '2021-05-11 18:30:00', 'System', 20, 4464),
	(202, 'Kinwat', b'0', '2021-05-11 18:30:00', 'System', 20, 4465),
	(203, 'Himayatnagar', b'0', '2021-05-11 18:30:00', 'System', 20, 4463),
	(204, 'Hadgaon', b'0', '2021-05-11 18:30:00', 'System', 20, 4462),
	(205, 'Mahur', b'0', '2021-05-11 18:30:00', 'System', 20, 4467),
	(206, 'Deglur', b'0', '2021-05-11 18:30:00', 'System', 20, 4460),
	(207, 'Mukhed', b'0', '2021-05-11 18:30:00', 'System', 20, 4469),
	(208, 'Dharmabad', b'0', '2021-05-11 18:30:00', 'System', 20, 4461),
	(209, 'Biloli', b'0', '2021-05-11 18:30:00', 'System', 20, 4459),
	(210, 'Naigaon (Khairgaon)', b'0', '2021-05-11 18:30:00', 'System', 20, 4470),
	(211, 'Nandurbar', b'0', '2021-05-11 18:30:00', 'System', 21, 4475),
	(212, 'Navapur', b'0', '2021-05-11 18:30:00', 'System', 21, 4476),
	(213, 'Shahada', b'0', '2021-05-11 18:30:00', 'System', 21, 4477),
	(214, 'Talode', b'0', '2021-05-11 18:30:00', 'System', 21, 4478),
	(215, 'Akkalkuwa', b'0', '2021-05-11 18:30:00', 'System', 21, 4473),
	(216, 'Akrani (Dhadgaon)', b'0', '2021-05-11 18:30:00', 'System', 21, 4474),
	(217, 'Nashik', b'0', '2021-05-11 18:30:00', 'System', 22, 4487),
	(218, 'Igatpuri', b'0', '2021-05-11 18:30:00', 'System', 22, 4483),
	(219, 'Dindori', b'0', '2021-05-11 18:30:00', 'System', 22, 4482),
	(220, 'Peth', b'0', '2021-05-11 18:30:00', 'System', 22, 4489),
	(221, 'Trimbakeshwar', b'0', '2021-05-11 18:30:00', 'System', 22, 4492),
	(222, 'Kalwan', b'0', '2021-05-11 18:30:00', 'System', 22, 4484),
	(223, 'Deola', b'0', '2021-05-11 18:30:00', 'System', 22, 4481),
	(224, 'Surgana', b'0', '2021-05-11 18:30:00', 'System', 22, 4491),
	(225, 'Baglan (Satana)', b'0', '2021-05-11 18:30:00', 'System', 22, 4479),
	(226, 'Malegaon', b'0', '2021-05-11 18:30:00', 'System', 22, 4485),
	(227, 'Nandgaon', b'0', '2021-05-11 18:30:00', 'System', 22, 4486),
	(228, 'Chandwad', b'0', '2021-05-11 18:30:00', 'System', 22, 4480),
	(229, 'Niphad', b'0', '2021-05-11 18:30:00', 'System', 22, 4488),
	(230, 'Sinnar', b'0', '2021-05-11 18:30:00', 'System', 22, 4490),
	(231, 'Yeola', b'0', '2021-05-11 18:30:00', 'System', 22, 4493),
	(232, 'Osmanabad', b'0', '2021-05-11 18:30:00', 'System', 23, 4498),
	(233, 'Tuljapur', b'0', '2021-05-11 18:30:00', 'System', 23, 4500),
	(234, 'Bhum', b'0', '2021-05-11 18:30:00', 'System', 23, 4494),
	(235, 'Paranda', b'0', '2021-05-11 18:30:00', 'System', 23, 4499),
	(236, 'Washi', b'0', '2021-05-11 18:30:00', 'System', 23, 4501),
	(237, 'Kalamb', b'0', '2021-05-11 18:30:00', 'System', 23, 4495),
	(238, 'Lohara', b'0', '2021-05-11 18:30:00', 'System', 23, 4496),
	(239, 'Umarga', b'0', '2021-05-11 18:30:00', 'System', 23, 4497),
	(240, 'Palghar', b'0', '2021-05-11 18:30:00', 'System', 24, 4596),
	(241, 'Vasai', b'0', '2021-05-11 18:30:00', 'System', 24, 4601),
	(242, 'Dahanu', b'0', '2021-05-11 18:30:00', 'System', 24, 4591),
	(243, 'Talasari', b'0', '2021-05-11 18:30:00', 'System', 24, 4598),
	(244, 'Jawhar', b'0', '2021-05-11 18:30:00', 'System', 24, 4592),
	(245, 'Mokhada', b'0', '2021-05-11 18:30:00', 'System', 24, 4594),
	(246, 'Vada', b'0', '2021-05-11 18:30:00', 'System', 24, 4603),
	(247, 'Vikramgad', b'0', '2021-05-11 18:30:00', 'System', 24, 4602),
	(248, 'Parbhani', b'0', '2021-05-11 18:30:00', 'System', 25, 4506),
	(249, 'Sonpeth', b'0', '2021-05-11 18:30:00', 'System', 25, 4510),
	(250, 'Gangakhed', b'0', '2021-05-11 18:30:00', 'System', 25, 4502),
	(251, 'Palam', b'0', '2021-05-11 18:30:00', 'System', 25, 4505),
	(252, 'Purna', b'0', '2021-05-11 18:30:00', 'System', 25, 4508),
	(253, 'Sailu', b'0', '2021-05-11 18:30:00', 'System', 25, 4509),
	(254, 'Jintur', b'0', '2021-05-11 18:30:00', 'System', 25, 4503),
	(255, 'Manwath', b'0', '2021-05-11 18:30:00', 'System', 25, 4504),
	(256, 'Pathri', b'0', '2021-05-11 18:30:00', 'System', 25, 4507),
	(257, 'Pune City', b'0', '2021-05-11 18:30:00', 'System', 26, 4521),
	(258, 'Haveli', b'0', '2021-05-11 18:30:00', 'System', 26, 4515),
	(259, 'Khed (Rajgurunagar)', b'0', '2021-05-11 18:30:00', 'System', 26, 4518),
	(260, 'Junnar', b'0', '2021-05-11 18:30:00', 'System', 26, 4517),
	(261, 'Ambegaon (Ghodegaon)', b'0', '2021-05-11 18:30:00', 'System', 26, 4511),
	(262, 'Maval (Vadgaon)', b'0', '2021-05-11 18:30:00', 'System', 26, 4519),
	(263, 'Mulshi (Paud)', b'0', '2021-05-11 18:30:00', 'System', 26, 4520),
	(264, 'Shirur', b'0', '2021-05-11 18:30:00', 'System', 26, 4523),
	(265, 'Purandhar (Saswad)', b'0', '2021-05-11 18:30:00', 'System', 26, 4522),
	(266, 'Velhe', b'0', '2021-05-11 18:30:00', 'System', 26, 4524),
	(267, 'Bhor', b'0', '2021-05-11 18:30:00', 'System', 26, 4513),
	(268, 'Baramati', b'0', '2021-05-11 18:30:00', 'System', 26, 4512),
	(269, 'Indapur', b'0', '2021-05-11 18:30:00', 'System', 26, 4516),
	(270, 'Daund', b'0', '2021-05-11 18:30:00', 'System', 26, 4514),
	(271, 'Pen', b'0', '2021-05-11 18:30:00', 'System', 27, 4533),
	(272, 'Alibaug', b'0', '2021-05-11 18:30:00', 'System', 27, 4525),
	(273, 'Murud', b'0', '2021-05-11 18:30:00', 'System', 27, 4531),
	(274, 'Panvel', b'0', '2021-05-11 18:30:00', 'System', 27, 4532),
	(275, 'Uran', b'0', '2021-05-11 18:30:00', 'System', 27, 4539),
	(276, 'Karjat (Matheran)', b'0', '2021-05-11 18:30:00', 'System', 27, 4526),
	(277, 'Khalapur', b'0', '2021-05-11 18:30:00', 'System', 27, 4527),
	(278, 'Mangaon', b'0', '2021-05-11 18:30:00', 'System', 27, 4529),
	(279, 'Tala', b'0', '2021-05-11 18:30:00', 'System', 27, 4538),
	(280, 'Roha', b'0', '2021-05-11 18:30:00', 'System', 27, 4535),
	(281, 'Sudhagad (Pali)', b'0', '2021-05-11 18:30:00', 'System', 27, 4537),
	(282, 'Mahad', b'0', '2021-05-11 18:30:00', 'System', 27, 4528),
	(283, 'Poladpur', b'0', '2021-05-11 18:30:00', 'System', 27, 4534),
	(284, 'Shrivardhan', b'0', '2021-05-11 18:30:00', 'System', 27, 4536),
	(285, 'Mhasla', b'0', '2021-05-11 18:30:00', 'System', 27, 4530),
	(286, 'Ratnagiri', b'0', '2021-05-11 18:30:00', 'System', 28, 4547),
	(287, 'Sangameshwar (Deorukh)', b'0', '2021-05-11 18:30:00', 'System', 28, 4548),
	(288, 'Lanja', b'0', '2021-05-11 18:30:00', 'System', 28, 4544),
	(289, 'Rajapur', b'0', '2021-05-11 18:30:00', 'System', 28, 4546),
	(290, 'Chiplun', b'0', '2021-05-11 18:30:00', 'System', 28, 4540),
	(291, 'Guhagar', b'0', '2021-05-11 18:30:00', 'System', 28, 4542),
	(292, 'Dapoli', b'0', '2021-05-11 18:30:00', 'System', 28, 4541),
	(293, 'Mandangad', b'0', '2021-05-11 18:30:00', 'System', 28, 4545),
	(294, 'Khed', b'0', '2021-05-11 18:30:00', 'System', 28, 4543),
	(295, 'Miraj', b'0', '2021-05-11 18:30:00', 'System', 29, 4554),
	(296, 'Kavathe-Mahankal', b'0', '2021-05-11 18:30:00', 'System', 29, 4552),
	(297, 'Tasgaon', b'0', '2021-05-11 18:30:00', 'System', 29, 4557),
	(298, 'Jat', b'0', '2021-05-11 18:30:00', 'System', 29, 4550),
	(299, 'Walwa (Islampur)', b'0', '2021-05-11 18:30:00', 'System', 29, 4558),
	(300, 'Shirala', b'0', '2021-05-11 18:30:00', 'System', 29, 4556),
	(301, 'Khanapur-Vita', b'0', '2021-05-11 18:30:00', 'System', 29, 4553),
	(302, 'Atpadi', b'0', '2021-05-11 18:30:00', 'System', 29, 4549),
	(303, 'Palus', b'0', '2021-05-11 18:30:00', 'System', 29, 4555),
	(304, 'Kadegaon', b'0', '2021-05-11 18:30:00', 'System', 29, 4551),
	(305, 'Satara', b'0', '2021-05-11 18:30:00', 'System', 30, 4568),
	(306, 'Jaoli', b'0', '2021-05-11 18:30:00', 'System', 30, 4559),
	(307, 'Koregaon', b'0', '2021-05-11 18:30:00', 'System', 30, 4563),
	(308, 'Wai', b'0', '2021-05-11 18:30:00', 'System', 30, 4569),
	(309, 'Mahabaleshwar', b'0', '2021-05-11 18:30:00', 'System', 30, 4564),
	(310, 'Khandala', b'0', '2021-05-11 18:30:00', 'System', 30, 4561),
	(311, 'Phaltan', b'0', '2021-05-11 18:30:00', 'System', 30, 4567),
	(312, 'Maan (Dahiwadi)', b'0', '2021-05-11 18:30:00', 'System', 30, 4565),
	(313, 'Khatav (Vaduj)', b'0', '2021-05-11 18:30:00', 'System', 30, 4562),
	(314, 'Patan', b'0', '2021-05-11 18:30:00', 'System', 30, 4566),
	(315, 'Karad', b'0', '2021-05-11 18:30:00', 'System', 30, 4560),
	(316, 'Kankavli', b'0', '2021-07-01 10:49:06', 'admin', 31, 4572),
	(317, 'Vaibhavwadi', b'0', '2021-07-01 10:49:37', 'admin', 31, 4576),
	(318, 'Devgad', b'0', '2021-07-01 10:50:14', 'admin', 31, 4570),
	(319, 'Malwan', b'0', '2021-07-01 10:49:56', 'admin', 31, 4574),
	(320, 'Sawantwadi', b'0', '2021-07-01 10:50:33', 'admin', 31, 4575),
	(321, 'Kudal', b'0', '2021-07-01 10:50:45', 'admin', 31, 4573),
	(322, 'Vengurla', b'0', '2021-07-01 10:50:58', 'admin', 31, 4577),
	(323, 'Dodamarg (Kasal)', b'0', '2021-05-11 18:30:00', 'System', 31, 4571),
	(324, 'Solapur North', b'0', '2021-07-01 10:51:26', 'admin', 32, 4587),
	(325, 'Barshi', b'0', '2021-07-01 10:51:55', 'admin', 32, 4579),
	(326, 'Solapur', b'0', '2021-07-01 10:52:07', 'admin', 32, 4588),
	(327, 'Akkalkot', b'0', '2021-07-01 10:52:17', 'admin', 32, 4578),
	(328, 'Madha', b'0', '2021-07-01 10:52:28', 'admin', 32, 4581),
	(329, 'Karmala', b'0', '2021-07-01 10:52:38', 'admin', 32, 4580),
	(330, 'Pandharpur', b'0', '2021-07-01 10:52:51', 'admin', 32, 4585),
	(331, 'Mohol', b'0', '2021-07-01 10:53:03', 'admin', 32, 4584),
	(332, 'Malshiras', b'0', '2021-07-01 10:53:17', 'admin', 32, 4582),
	(333, 'Sangole', b'0', '2021-07-01 10:53:28', 'admin', 32, 4586),
	(334, 'Mangalvedhe', b'0', '2021-07-01 10:53:38', 'admin', 32, 4583),
	(335, 'Thane', b'0', '2021-07-01 10:54:23', 'admin', 33, NULL),
	(336, 'Kalyan', b'0', '2021-07-01 10:54:32', 'admin', 33, 4593),
	(337, 'Murbad', b'0', '2021-07-01 10:54:40', 'admin', 33, 4595),
	(338, 'Bhiwandi', b'0', '2021-07-01 10:54:48', 'admin', 33, 4590),
	(339, 'Shahapur', b'0', '2021-07-01 10:55:00', 'admin', 33, 4597),
	(340, 'Ulhasnagar', b'0', '2021-07-01 10:55:13', 'admin', 33, NULL),
	(341, 'Ambarnath', b'0', '2021-07-01 10:55:29', 'admin', 33, 4589),
	(342, 'Wardha', b'0', '2021-07-01 10:56:08', 'admin', 34, 4611),
	(343, 'Deoli', b'0', '2021-07-01 10:56:22', 'admin', 34, 4606),
	(344, 'Seloo', b'0', '2021-07-01 10:56:39', 'admin', 34, 4610),
	(345, 'Arvi', b'0', '2021-07-01 10:56:50', 'admin', 34, 4604),
	(346, 'Ashti', b'0', '2021-07-01 10:57:02', 'admin', 34, 4605),
	(347, 'Karanja', b'0', '2021-07-01 10:57:13', 'admin', 34, 4612),
	(348, 'Hinganghat', b'0', '2021-07-01 10:57:26', 'admin', 34, 4608),
	(349, 'Samudrapur', b'0', '2021-07-01 10:57:42', 'admin', 34, 4609),
	(350, 'Washim', b'0', '2021-07-01 10:58:05', 'admin', 35, 4617),
	(351, 'Malegaon', b'0', '2021-07-01 10:58:16', 'admin', 35, 4613),
	(352, 'Risod', b'0', '2021-07-01 10:58:27', 'admin', 35, 4616),
	(353, 'Mangrulpir', b'0', '2021-07-01 10:58:39', 'admin', 35, 4614),
	(354, 'Karanja', b'0', '2021-07-01 10:58:49', 'admin', 35, 4607),
	(355, 'Manora', b'0', '2021-07-01 10:59:05', 'admin', 35, 4615),
	(356, 'Yavatmal', b'0', '2021-07-01 10:59:37', 'admin', 36, 4632),
	(357, 'Arni', b'0', '2021-07-01 10:59:48', 'admin', 36, 4618),
	(358, 'Babhulgaon', b'0', '2021-07-01 11:01:31', 'admin', 36, 4619),
	(359, 'Kalamb', b'0', '2021-07-01 11:01:44', 'admin', 36, 4623),
	(360, 'Darwha', b'0', '2021-07-01 11:01:52', 'admin', 36, 4620),
	(361, 'Digras', b'0', '2021-07-01 11:02:02', 'admin', 36, 4621),
	(362, 'Ner', b'0', '2021-07-01 11:02:12', 'admin', 36, 4627),
	(363, 'Pusad', b'0', '2021-07-01 11:02:26', 'admin', 36, 4628),
	(364, 'Umarkhed', b'0', '2021-07-01 11:02:42', 'admin', 36, 4630),
	(365, 'Mahagaon', b'0', '2021-07-01 11:02:56', 'admin', 36, 4625),
	(366, 'Kelapur (Pandharkawada)', b'0', '2021-07-01 11:03:13', 'admin', 36, 4624),
	(367, 'Ralegaon', b'0', '2021-07-01 11:00:59', 'admin', 36, 4629),
	(368, 'Ghatanji', b'0', '2021-07-01 11:00:49', 'admin', 36, 4622),
	(369, 'Wani', b'0', '2021-07-01 11:00:36', 'admin', 36, 4631),
	(370, 'Maregaon', b'0', '2021-07-01 11:00:20', 'admin', 36, 4626),
	(371, 'Zari Jamani', b'0', '2021-07-01 11:00:01', 'admin', 36, 4633),
	(372, 'Etapalli', b'0', '2021-06-30 11:25:07', 'admin', 10, 4377),
	(373, 'Mumbai City', b'0', '2021-07-14 09:06:39', 'admin', 17, NULL);
/*!40000 ALTER TABLE `taluka` ENABLE KEYS */;

-- Dumping structure for table los_db.vouchers
CREATE TABLE IF NOT EXISTS `vouchers` (
  `id` bigint(20) NOT NULL AUTO_INCREMENT,
  `authorised_by` varchar(255) DEFAULT NULL,
  `code` varchar(255) DEFAULT NULL,
  `free_field_1` varchar(255) DEFAULT NULL,
  `free_field_2` varchar(255) DEFAULT NULL,
  `free_field_3` varchar(255) DEFAULT NULL,
  `free_field_4` varchar(255) DEFAULT NULL,
  `free_field_5` varchar(255) DEFAULT NULL,
  `free_field_6` varchar(255) DEFAULT NULL,
  `is_deleted` bit(1) DEFAULT NULL,
  `last_modified` datetime(6) DEFAULT NULL,
  `last_modified_by` varchar(255) DEFAULT NULL,
  `mode` varchar(255) DEFAULT NULL,
  `narration` varchar(255) DEFAULT NULL,
  `prepared_by` varchar(255) DEFAULT NULL,
  `voucher_date` datetime(6) DEFAULT NULL,
  `voucher_no` varchar(255) DEFAULT NULL,
  PRIMARY KEY (`id`)
) ENGINE=InnoDB DEFAULT CHARSET=latin1;

-- Dumping data for table los_db.vouchers: ~0 rows (approximately)
DELETE FROM `vouchers`;
/*!40000 ALTER TABLE `vouchers` DISABLE KEYS */;
/*!40000 ALTER TABLE `vouchers` ENABLE KEYS */;

-- Dumping structure for table los_db.vouchers_history
CREATE TABLE IF NOT EXISTS `vouchers_history` (
  `id` bigint(20) NOT NULL AUTO_INCREMENT,
  `code` varchar(255) DEFAULT NULL,
  `created_by` varchar(255) DEFAULT NULL,
  `created_on` datetime(6) DEFAULT NULL,
  `free_field_1` varchar(255) DEFAULT NULL,
  `free_field_2` varchar(255) DEFAULT NULL,
  `free_field_3` varchar(255) DEFAULT NULL,
  `free_field_4` varchar(255) DEFAULT NULL,
  `free_field_5` varchar(255) DEFAULT NULL,
  `free_field_6` varchar(255) DEFAULT NULL,
  `voucher_date` datetime(6) DEFAULT NULL,
  PRIMARY KEY (`id`)
) ENGINE=InnoDB DEFAULT CHARSET=latin1;

-- Dumping data for table los_db.vouchers_history: ~0 rows (approximately)
DELETE FROM `vouchers_history`;
/*!40000 ALTER TABLE `vouchers_history` DISABLE KEYS */;
/*!40000 ALTER TABLE `vouchers_history` ENABLE KEYS */;

-- Dumping structure for table los_db.voucher_details
CREATE TABLE IF NOT EXISTS `voucher_details` (
  `id` bigint(20) NOT NULL AUTO_INCREMENT,
  `acc_head_code` varchar(255) DEFAULT NULL,
  `credit_account` varchar(255) DEFAULT NULL,
  `debit_account` varchar(255) DEFAULT NULL,
  `free_field_1` varchar(255) DEFAULT NULL,
  `free_field_2` varchar(255) DEFAULT NULL,
  `free_field_3` varchar(255) DEFAULT NULL,
  `free_field_4` varchar(255) DEFAULT NULL,
  `free_field_5` varchar(255) DEFAULT NULL,
  `free_field_6` varchar(255) DEFAULT NULL,
  `is_deleted` bit(1) DEFAULT NULL,
  `last_modified` datetime(6) DEFAULT NULL,
  `last_modified_by` varchar(255) DEFAULT NULL,
  `transfer_amt` double DEFAULT NULL,
  PRIMARY KEY (`id`)
) ENGINE=InnoDB DEFAULT CHARSET=latin1;

-- Dumping data for table los_db.voucher_details: ~0 rows (approximately)
DELETE FROM `voucher_details`;
/*!40000 ALTER TABLE `voucher_details` DISABLE KEYS */;
/*!40000 ALTER TABLE `voucher_details` ENABLE KEYS */;

/*!40101 SET SQL_MODE=IFNULL(@OLD_SQL_MODE, '') */;
/*!40014 SET FOREIGN_KEY_CHECKS=IF(@OLD_FOREIGN_KEY_CHECKS IS NULL, 1, @OLD_FOREIGN_KEY_CHECKS) */;
/*!40101 SET CHARACTER_SET_CLIENT=@OLD_CHARACTER_SET_CLIENT */;
